date,average_speed_over_ground_last_24h,average_rpm_last_24h,slip,wind_force,swell_force,latitude,longitude,draft_forward,draft_aft,trim,month,day,total_fuel,ist,mlotst,pbo,siage,sialb,siconc,sisnthick,sithick,sivelo,sob,tob,usi,vsi,zos,so,thetao,uo,vo,wo,u100,v100,u10n,u10,v10n,v10,d2m,t2m,p140209,cdww,p140208,istl1,hmax,mdts,mdww,mpts,mpww,msl,msqs,mwd,p140122,p140125,p140128,mwp,mp1,p1ps,p1ww,p2ps,p2ww,p140123,p140126,p140129,mp2,wmb,phioc,phiaw,tauoc,dwi,wind,pp1d,tmax,sst,swh,shts,shww,p140121,p140124,p140127,skt,asn,rsn,sd,sp,tsn,tcsw,wdw,dwps,dwww,wsk,wsp,wss
2021-11-16,13.7,50.1,-0.108,3,2,2.2666666666666666,102.68333333333334,7.4,10.9,3.5,11,16,19.0,0.0,12.262417128752471,-1661.4108353724002,0.0,0.0659999994797367,0.0,0.0,0.0,0.0,34.82421167319592,46.92667912673274,0.0,0.0,0.2830441623829561,33.99423147895305,28.171671551740282,-0.0871076307869042,0.05092756596623681,4.3223802625669364e-08,-1.1883329153060913,-1.2620519399642944,-0.5961723327636719,-0.602227509021759,-0.5392894744873047,-0.601837158203125,296.9686584472656,300.16412353515625,1.1815885002900441,0.0010951980199157593,0.75435985101378,271.4599609375,1.6595850704276578,376.26222003146324,492.1878602597976,6.515310951202796,3.0853139932999922,100856.2109375,0.006081472442064997,374.9179506264223,220.25683196028945,33.714711246274874,,5.810131763600115,4.7707156351263365,6.7287047478635635,2.415500835207144,6.068538778337878,1.9516197603900103,5.51814131562709,2.7836023962666836,14.413138053356391,5.213906731700768,-790.1713773027475,-2.2974120911912994,1.482792264380853,0.9881543293678307,374.6400358233873,5.296679761059911,2.884404494678627,5.056978594375596,302.69044647463926,1.7191665925099247,1.4444056834607537,0.6564047483652692,1.2774882868032718,0.49190796213005694,0.243408778740389,300.1778564453125,0.8800008296966553,99.99999237060547,0.0,100150.3203125,273.1579284667969,0.0524698905646801,0.6382054102693113,0.48018906210933293,0.46266637363824015,0.009398944899867989,3.2577007944325516,0.022810862795426625
2021-11-17,13.7,49.1,-0.132,3,2,5.95,98.61666666666666,7.4,10.9,3.5,11,17,47.599999999999994,0.0,16.063720703125,94.08415985107422,0.0,0.06599999964237213,0.0,0.0,0.0,0.0,33.750091552734375,26.79497528076172,0.0,0.0,0.6931521892547607,32.43431854248047,29.38434600830078,0.15921589732170105,-0.07257392257452011,-3.826117335847812e-06,4.9495158195495605,-2.155289888381958,4.903989791870117,4.569850444793701,-2.178513765335083,-2.0155582427978516,296.56439208984375,299.6120910644531,1.1620681285858154,0.001072074519470334,1.0050201416015625,271.4600830078125,1.294854760169983,300.5178527832031,300.7349548339844,4.852084636688232,2.860684394836426,100940.7109375,0.004402725957334042,299.6702880859375,237.22743225097656,111.61257934570312,166.150390625,4.051588535308838,3.4196231365203857,4.222428798675537,2.5992116928100586,3.8618879318237305,2.3990886211395264,5.9622802734375,4.321939945220947,12.265583992004395,3.0670177936553955,104.0,-2.7521564960479736,3.2954795360565186,0.9669291377067566,299.7060241699219,6.123555660247803,5.260007381439209,3.725226402282715,302.5584411621094,0.6732523441314697,0.46842464804649353,0.4490458071231842,0.44168615341186523,0.18534088134765625,0.01711018942296505,302.2910461425781,0.8800008296966553,99.99999237060547,0.0,100946.15625,302.5586853027344,0.2792765200138092,0.5555305480957031,0.34998878836631775,0.30202993750572205,0.028384407982230186,4.090588092803955,0.03706521540880203
2021-11-18,13.6,52.7,-0.051,5,3,6.256666666666667,93.53333333333333,7.4,10.9,3.5,11,18,54.7,0.0,14.864470481872559,1849.267578125,0.0,0.06599999964237213,0.0,0.0,0.0,0.0,34.960079193115234,5.77681827545166,0.0,0.0,0.648671567440033,33.15092086791992,28.810344696044922,0.251232773065567,-0.34823182225227356,-8.173989272108884e-07,1.7719942331314087,1.58926260471344,1.8595670461654663,1.6535295248031616,1.6917909383773804,1.513353943824768,296.7208251953125,299.9585876464844,1.1558786630630493,0.0007668173057027161,0.6718953251838684,271.4601135253906,2.0482168197631836,224.36766052246094,108.96646881103516,7.994299411773682,3.1405203342437744,100833.0390625,0.0021630965638905764,224.36949157714844,254.2755889892578,189.7423553466797,195.0726318359375,7.979478359222412,6.559604167938232,6.606000900268555,2.265151023864746,5.7991156578063965,0.4961293637752533,5.90887451171875,9.664164543151855,10.582621574401855,5.7114996910095215,999.0,-3.337310791015625,0.2623983919620514,1.022280216217041,224.29859924316406,2.8975830078125,8.968806266784668,6.822307109832764,301.9718322753906,1.0916997194290161,1.0901132822036743,0.0345255546271801,0.7822214961051941,0.5826237797737122,0.48249563574790955,301.78387451171875,0.8800008296966553,99.99999237060547,0.0,100821.2109375,301.9715270996094,0.1541849821805954,0.5872791409492493,0.6280883550643921,1.0184402465820312,0.0033148527145385742,2.1073172092437744,0.016263701021671295
2021-11-22,14.9,54.9,-0.104,3,2,13.45,73.2,7.4,10.9,3.5,11,22,58.400000000000006,0.0,12.354058265686035,1570.9368896484375,0.0,0.06599999964237213,0.0,0.0,0.0,0.0,34.85610580444336,4.163924217224121,0.0,0.0,0.38412824273109436,34.851890563964844,28.894847869873047,-0.030256301164627075,0.1486363261938095,1.2976904599781847e-06,0.4036966860294342,-1.0436102151870728,0.3903770446777344,0.38040223717689514,-0.9823887944221497,-0.9654324650764465,296.2365417480469,300.8450012207031,1.1576645374298096,0.0007877256721258163,0.6606979370117188,271.4599609375,1.7646976709365845,224.9183349609375,202.15789794921875,6.645790100097656,2.76141619682312,101066.0859375,0.0021252473816275597,225.55902099609375,228.5561065673828,160.2592010498047,328.0619201660156,6.586453914642334,5.736251354217529,5.882196426391602,2.145277976989746,5.3611321449279785,0.9507496953010559,6.194203853607178,9.27215576171875,6.17144775390625,5.128084659576416,998.0,-2.9911296367645264,0.1881154328584671,1.0150679349899292,246.52418518066406,3.1797688007354736,6.696041107177734,5.949596405029297,301.7796325683594,0.9388704299926758,0.9329363703727722,0.0698293074965477,0.8201866149902344,0.3590342104434967,0.2862129211425781,301.7566833496094,0.8800008296966553,99.99999237060547,0.0,101085.7265625,301.7790222167969,8.138021075865254e-05,0.6366962790489197,0.5672069787979126,0.7625236511230469,0.006677826400846243,3.9909002780914307,0.02114764414727688
2021-11-23,14.7,54.3,-0.1,3,2,17.125,69.13333333333334,7.4,10.9,3.5,11,23,58.6,0.0,16.92652130126953,3753.904541015625,0.0,0.06599999219179153,0.0,0.0,0.0,0.0,34.75291061401367,1.4674042463302612,0.0,0.0,0.2679402530193329,35.73414611816406,28.48302459716797,-0.05724819004535675,0.02146528847515583,2.854826277598477e-07,0.20285098254680634,-1.3995532989501953,0.2020263671875,0.20305950939655304,-1.5266081094741821,-1.3463249206542969,296.85125732421875,300.8330383300781,1.1576656103134155,0.000717970309779048,0.602874755859375,271.4600524902344,1.6592937707901,199.72828674316406,59.32182693481445,6.950558185577393,3.6869020462036133,101110.6484375,0.0014152192743495107,199.7620086669922,194.57965087890625,332.3758239746094,216.0364990234375,6.945502758026123,5.997734069824219,6.012718200683594,2.524667501449585,5.475837707519531,0.1269429475069046,6.5584797859191895,6.022928714752197,11.329813957214355,5.448127746582031,999.0,-2.6139118671417236,-0.8754889369010925,1.0105727910995483,208.07965087890625,2.389892578125,6.740210056304932,6.1685028076171875,301.86767578125,0.8883614540100098,0.8873336315155029,0.013224284164607525,0.7276973128318787,0.39531198143959045,0.2014821320772171,301.77276611328125,0.8800008296966553,99.99999237060547,0.0,101097.6953125,301.8677673339844,0.0,0.8896327614784241,0.7089667916297913,1.3153520822525024,0.006885198410600424,3.7214930057525635,0.019857855513691902
2021-11-24,14.9,54.0,-0.12,3,2,20.948333333333334,63.03333333333333,7.4,10.9,3.5,11,24,60.2,0.0,42.61141586303711,3460.416015625,0.0,0.06599999964237213,0.0,0.0,0.0,0.0,34.73971176147461,1.371498465538025,0.0,0.0,0.2951764762401581,36.29917526245117,27.532123565673828,-0.08190076053142548,0.1842612624168396,-1.665999462829859e-07,1.6091276407241821,-1.6625518798828125,1.7488542795181274,1.539415955543518,-1.7707595825195312,-1.5634835958480835,292.07293701171875,298.50421142578125,1.1721407175064087,0.0007313459645956755,0.6624628901481628,271.4600830078125,1.2602007389068604,144.0624237060547,94.7056655883789,6.774966716766357,3.357246160507202,101274.5703125,0.0014739377656951547,144.06631469726562,155.70693969726562,109.768798828125,328.97210693359375,6.763084888458252,5.354970455169678,5.387420654296875,2.3569581508636475,4.684337615966797,0.3102925717830658,6.6631622314453125,6.79901123046875,4.250833988189697,4.629090785980225,999.0,-2.168121337890625,0.46975836157798767,1.006752848625183,313.634521484375,2.50018310546875,8.718887329101562,5.651635646820068,299.9661560058594,0.6679263114929199,0.6669721007347107,0.016082763671875,0.4946737289428711,0.343719482421875,0.28743234276771545,299.4965515136719,0.8800008296966553,99.99999237060547,0.0,101272.4921875,299.9663391113281,0.0,0.6291131377220154,0.2980237901210785,1.1502443552017212,0.0013757148990407586,1.9247020483016968,0.00968062411993742
2021-11-25,14.2,55.0,-0.05,3,2,24.245,58.96666666666667,7.4,10.9,3.5,11,25,59.6,0.0,22.87254524230957,3288.783447265625,0.0,0.06599999964237213,0.0,0.0,0.0,0.0,34.77709197998047,1.7201377153396606,0.0,0.0,0.08849888294935226,36.82551956176758,26.394678115844727,-0.16544795036315918,-0.4518536627292633,-1.704227230447941e-07,5.922946453094482,-3.1784725189208984,5.39706563949585,5.246612071990967,-2.8574230670928955,-2.7804114818573,294.68603515625,299.1358947753906,1.1685298681259155,0.0010742307640612125,0.6441116333007812,271.4600524902344,1.3141018152236938,253.55751037597656,296.7837829589844,5.441438674926758,2.9791133403778076,101358.0859375,0.004307291004806757,291.87847900390625,250.31756591796875,154.572021484375,148.81106567382812,4.288393020629883,3.502365827560425,4.594559192657471,2.7041513919830322,4.156850814819336,2.494389772415161,17.83750343322754,9.103515625,2.98199462890625,3.117233991622925,999.0,-2.6335246562957764,3.471238374710083,0.9560890793800354,296.6192321777344,6.2042236328125,4.078916072845459,3.818821668624878,299.7410583496094,0.6816791892051697,0.45470502972602844,0.4839375913143158,0.35470783710479736,0.25423431396484375,0.042331695556640625,299.4526062011719,0.8800008296966553,99.99999237060547,0.0,101407.5,299.7414855957031,0.0,0.584541380405426,0.5456377863883972,0.27574029564857483,0.02420985698699951,4.323753356933594,0.0403711311519146
2021-11-26,14.0,50.4,-0.126,3,2,26.476666666666667,53.88333333333333,7.4,10.9,3.5,11,26,51.5,0.0,17.32634735107422,18.418987274169922,0.0,0.06599999964237213,0.0,0.0,0.0,0.0,38.25180435180664,27.14287567138672,0.0,0.0,0.27931201457977295,38.25432586669922,27.199565887451172,-0.06746089458465576,0.005693259183317423,-1.0270039183524204e-06,1.9094022512435913,-1.3142133951187134,1.8359419107437134,1.7208576202392578,-1.3203951120376587,-1.2024288177490234,290.3323669433594,300.00146484375,1.162005066871643,0.0007446230738423765,0.5869624018669128,271.46014404296875,0.7375923991203308,288.6867370605469,144.7046661376953,4.254566669464111,2.956947088241577,101558.5,0.0013475463492795825,288.9016418457031,285.2923278808594,107.70731353759766,184.46673583984375,4.137653827667236,3.592233419418335,3.7625620365142822,2.2138254642486572,3.4075210094451904,0.75152587890625,4.365254878997803,3.1096394062042236,8.267130851745605,3.2032973766326904,35.0,-1.54510498046875,1.009299635887146,1.0021036863327026,210.1985626220703,2.6551311016082764,4.8914971351623535,3.9253532886505127,300.8218688964844,0.39549192786216736,0.3774668276309967,0.0677134171128273,0.3345489501953125,0.0300140380859375,0.00307464599609375,300.3781433105469,0.880000650882721,99.99999237060547,0.0,101346.71875,300.8212585449219,0.0,0.4654511511325836,0.31375861167907715,0.864172637462616,0.003724296810105443,4.405389785766602,0.01594790257513523
2021-11-30,12.0,48.3,0.0,4,2,27.188333333333333,50.833333333333336,20.8,20.8,0.0,11,30,7.300000000000001,0.0,46.85253143310547,65.14952850341797,0.0,0.06599999964237213,0.0,0.0,0.0,0.0,38.42945861816406,24.39047622680664,0.0,0.0,0.267899751663208,38.53944778442383,26.089017868041992,-0.05716262385249138,-0.009329788386821747,1.9751050785998814e-06,1.3801904916763306,-4.197085857391357,1.3523445129394531,1.277610182762146,-4.207980632781982,-3.932249069213867,290.7159729003906,298.01678466796875,1.1789255142211914,0.0009032071684487164,0.7305195927619934,271.4599609375,0.9974521994590759,325.69805908203125,276.3416442871094,4.017553806304932,2.6445133686065674,101628.2890625,0.0028624937403947115,326.4486389160156,323.5563049316406,197.96856689453125,129.5672607421875,3.738297700881958,3.3329248428344727,3.7237017154693604,2.242624282836914,3.4999725818634033,1.6168975830078125,4.077789783477783,2.83367919921875,8.9468994140625,3.0401031970977783,58.0,-2.4381916522979736,2.1351020336151123,0.9976811408996582,299.0826721191406,4.40423583984375,4.423255920410156,3.597052812576294,299.2313232421875,0.5323514938354492,0.4695887565612793,0.2154032438993454,0.47753599286079407,0.013209025375545025,0.0047887167893350124,298.8971862792969,0.8800005316734314,99.99999237060547,0.0,101619.9609375,299.2314147949219,0.0,0.550152599811554,0.39312317967414856,0.4838930666446686,0.008633176796138287,4.610336780548096,0.025758134201169014
2021-12-01,13.0,55.7,0.049,3,2,26.276666666666667,55.916666666666664,20.8,20.8,0.0,12,1,64.0,0.0,18.600950241088867,81.12598419189453,0.0,0.06599999964237213,0.0,0.0,0.0,0.0,39.05595779418945,25.84422492980957,0.0,0.0,0.2715034484863281,37.633628845214844,26.504711151123047,-0.08832764625549316,-0.10012949258089066,1.1964866644120775e-06,-2.1710422039031982,-1.4307454824447632,-2.24096417427063,-2.0097362995147705,-1.5387115478515625,-1.411558747291565,289.4568786621094,298.4692077636719,1.178615689277649,0.0007468896801583469,0.650054931640625,271.46014404296875,0.3655076026916504,49.109432220458984,40.973907470703125,3.604464292526245,3.256649971008301,101555.9453125,0.0006834573578089476,48.104339599609375,113.9909896850586,123.45773315429688,160.15223693847656,3.507113218307495,2.8600032329559326,2.9691340923309326,2.342609405517578,2.648292064666748,0.4930572509765625,3.668450117111206,4.271891117095947,7.78826904296875,2.534278392791748,39.0,-0.9813334345817566,0.9166412353515625,0.9985974431037903,73.26864624023438,2.7245280742645264,4.1547112464904785,3.300077199935913,299.9834289550781,0.19887417554855347,0.18699558079242706,0.0387420654296875,0.1317005306482315,0.0930989608168602,0.033827465027570724,299.5284423828125,0.8800005316734314,99.99999237060547,0.0,101233.0234375,299.98321533203125,0.0,0.8378947377204895,0.8608617782592773,1.0567995309829712,0.004997769836336374,3.3315746784210205,0.013393014669418335
2021-12-03,13.7,54.3,-0.026,3,2,22.088333333333335,62.016666666666666,20.8,20.8,0.0,12,3,60.1,0.0,33.03310775756836,1315.2080078125,0.0,0.06599999964237213,0.0,0.0,0.0,0.0,35.267269134521484,7.552910804748535,0.0,0.0,0.2876690626144409,36.229740142822266,26.886375427246094,-0.06967823952436447,0.40367984771728516,4.832669446841464e-07,-3.9737682342529297,-2.2195346355438232,-4.006534099578857,-3.7265045642852783,-2.2495925426483154,-2.089848279953003,288.912353515625,298.2570495605469,1.1793203353881836,0.0009426231845282018,0.8100967407226562,271.4600524902344,1.7345681190490723,103.5858383178711,59.42436599731445,6.539445400238037,2.1949942111968994,101653.2890625,0.003125562099739909,101.5213851928711,95.23284912109375,189.48486328125,311.3255310058594,6.302008152008057,5.13220739364624,5.61663293838501,2.022658109664917,5.1090168952941895,1.8878682851791382,6.004583835601807,10.974568367004395,3.1804606914520264,4.4283833503723145,864.0,-2.36346435546875,2.4058666229248047,0.9895510673522949,60.1761589050293,4.815470218658447,7.441616058349609,5.457977771759033,299.5881042480469,0.9157161116600037,0.8894744515419006,0.2121785432100296,0.8399038314819336,0.3076019287109375,0.0446523018181324,299.1216125488281,0.8800005316734314,99.99999237060547,0.0,101647.59375,299.5881042480469,0.0,0.4619535505771637,0.302578866481781,0.28849539160728455,0.004579424858093262,2.462951183319092,0.018727345392107964
2021-12-04,13.6,56.6,0.02,5,4,18.911666666666665,66.08333333333333,20.8,20.8,0.0,12,4,62.7,0.0,26.635574340820312,3128.181884765625,0.0,0.06599999964237213,0.0,0.0,0.0,0.0,34.76092529296875,1.496728539466858,0.0,0.0,0.2744438946247101,36.4964714050293,27.99053192138672,-0.2901446521282196,-0.06584569066762924,1.3617467402582406e-06,-1.8712196350097656,-6.92219877243042,-1.7603288888931274,-1.6844736337661743,-6.668657302856445,-6.395200252532959,290.575439453125,298.8155822753906,1.1737149953842163,0.0011597212869673967,0.9275487065315247,271.46014404296875,2.259683609008789,76.835693359375,14.526641845703125,7.159977436065674,3.481422185897827,101416.96875,0.006470128428190947,38.16708755493164,84.6962661743164,193.8222198486328,149.23680114746094,6.013503551483154,4.665555000305176,5.9570183753967285,3.1164186000823975,5.390155792236328,2.8475544452667236,6.661182880401611,11.858988761901855,9.088093757629395,4.04402494430542,999.0,-3.1236572265625,3.8306586742401123,0.956643283367157,14.77978801727295,7.049520015716553,5.4430108070373535,4.977586269378662,300.13232421875,1.1667643785476685,0.8905930519104004,0.7114970088005066,0.7297247052192688,0.4155476987361908,0.23277664184570312,299.7982482910156,0.8800005316734314,99.99999237060547,0.0,101415.6171875,300.13250732421875,0.0,0.5742647647857666,0.5282312631607056,0.2771848142147064,0.017653027549386024,3.208289861679077,0.03951403126120567
2021-12-05,13.6,56.9,0.027,4,3,15.563333333333333,71.16666666666667,20.8,20.8,0.0,12,5,63.6,0.0,19.243051528930664,2149.010986328125,0.0,0.06599999964237213,0.0,0.0,0.0,0.0,34.77705001831055,2.558642864227295,0.0,0.0,0.3931749761104584,34.893829345703125,28.18658447265625,0.010243231430649757,0.31458473205566406,5.93679999383312e-07,1.9372596740722656,-1.7453556060791016,2.0334103107452393,1.8057746887207031,-1.9102783203125,-1.6673303842544556,290.7482604980469,299.3846130371094,1.1685372591018677,0.0007802096079103649,0.7551600337028503,271.4599304199219,1.9544720649719238,196.85011291503906,156.35357666015625,10.363849639892578,2.893989324569702,101263.6875,0.0015681924996897578,197.09364318847656,191.79168701171875,291.9764709472656,214.96392822265625,10.318795204162598,8.110223770141602,8.265660285949707,2.1682069301605225,6.836075305938721,0.7342631220817566,11.052447319030762,7.418843746185303,4.924214839935303,6.569194793701172,999.0,-1.705718994140625,0.5949090123176575,0.9991142749786377,318.9862976074219,3.0401203632354736,14.247601509094238,8.60155200958252,301.2387390136719,1.0444825887680054,1.041649341583252,0.0504506416618824,0.8690150380134583,0.48686981201171875,0.2531954348087311,300.7794494628906,0.8800005316734314,99.99999237060547,0.0,101268.1875,301.2386779785156,0.0,0.5011511445045471,0.09957591444253922,0.8719291687011719,0.0007017403841018677,4.065898418426514,0.005168632138520479
2021-12-06,13.3,56.5,0.044,5,4,12.221666666666668,75.23333333333333,20.8,20.8,0.0,12,6,61.1,0.0,14.916242193718173,1100.6816419550466,0.0,0.0659999994820081,0.0,0.0,0.0,0.0,34.81559820264419,14.359470347610973,0.0,0.0,0.2957791109176043,34.57021529612244,28.036030729670436,-0.07880674703696282,0.04609299284187725,5.0054889112083795e-08,1.2630621194839478,-2.8029186725616455,0.8769734501838684,0.8173701167106628,-2.2431328296661377,-2.1226418018341064,295.4108581542969,299.451171875,1.1577264070510864,0.0009330589673481882,0.7892710566520691,271.460205078125,1.3011866807937622,244.4951171875,340.1499328613281,6.97411584854126,2.1999075412750244,101170.8515625,0.0026126729790121317,254.15904235839844,220.62347412109375,279.31048583984375,189.8549346923828,6.4884185791015625,4.7106499671936035,5.4624199867248535,2.0299007892608643,4.770119667053223,1.896148681640625,8.413125038146973,5.595479488372803,3.2965900897979736,3.914233922958374,71.0,-1.7578226327896118,2.182378053665161,0.9765233993530273,341.5399169921875,4.760701656341553,10.302657127380371,5.154577732086182,301.05658932354845,0.6854411959648132,0.6472890377044678,0.2107798308134079,0.4865529537200928,0.43538665771484375,0.06767654418945312,299.5755310058594,0.8800005912780762,99.99999237060547,0.0,99658.2890625,286.0145568847656,0.0,0.5199769139289856,0.32871881127357483,0.27552542090415955,0.0004481077194213867,3.5172884464263916,0.006058556959033012
2021-12-07,12.9,56.9,0.077,5,4,7.845,77.26666666666667,20.8,20.8,0.0,12,7,63.8,0.0,10.463024139404297,51.33908462524414,0.0,0.06599999964237213,0.0,0.0,0.0,0.0,34.03880310058594,28.31352424621582,0.0,0.0,0.6087162494659424,31.45142936706543,28.883100509643555,-0.9068630933761597,0.08458954095840454,3.8420856185439334e-07,-3.034825086593628,-3.0586063861846924,-2.9611480236053467,-2.7983806133270264,-3.035017728805542,-2.859907865524292,296.8093566894531,300.80792236328125,1.1580349206924438,0.0007450680714100599,0.6499659419059753,271.4599914550781,2.027628183364868,155.88230895996094,43.70357894897461,8.007031440734863,2.482052803039551,101065.9140625,0.002834554761648178,151.922607421875,154.78631591796875,156.29920959472656,246.71202087402344,7.779604434967041,6.365655899047852,6.816715717315674,2.116321563720703,6.031039714813232,1.532623291015625,9.132735252380371,5.40869140625,5.02020263671875,5.408298492431641,63.0,-2.5400493144989014,-0.42999520897865295,1.0113195180892944,41.687034606933594,2.6825764179229736,9.81154727935791,6.708851337432861,302.0146484375,1.0778027772903442,1.0386139154434204,0.2060648649930954,0.8963611721992493,0.363037109375,0.2979024350643158,301.8952941894531,0.8800008296966553,99.99999237060547,0.0,100949.8125,302.01434326171875,0.0,0.6415608525276184,0.3663766384124756,0.4598579406738281,0.0019778013229370117,5.401670932769775,0.011497799307107925
2021-12-08,12.0,57.0,0.14,6,4,5.556666666666667,81.33333333333333,20.8,20.8,0.0,12,8,64.5,0.0,10.46302318572998,3606.198486328125,0.0,0.06599999964237213,0.0,0.0,0.0,0.0,34.80682373046875,1.6223868131637573,0.0,0.0,0.5952835083007812,30.507139205932617,28.527576446533203,-1.6529234647750854,-0.6810138821601868,1.1247368547628867e-06,-4.819767475128174,-4.067403316497803,-4.6314473152160645,-4.404922008514404,-3.8837406635284424,-3.7042789459228516,297.22491455078125,299.85302734375,1.1579424142837524,0.0010650643380358815,0.8227894902229309,271.4600830078125,2.342359781265259,143.85081481933594,50.84097671508789,7.904649257659912,2.882209539413452,101054.5859375,0.0049759321846067905,129.9409637451172,145.96685791015625,97.35282135009766,217.08673095703125,7.266567230224609,5.6701788902282715,6.717460632324219,2.614790916442871,6.011368274688721,2.4129230976104736,8.845370292663574,6.389791011810303,9.896931648254395,4.763931751251221,999.0,-2.691192626953125,3.2637741565704346,0.9627940058708191,50.804683685302734,6.09521484375,9.509760856628418,6.050047397613525,301.9794921875,1.232825756072998,1.1154327392578125,0.4722798764705658,0.8537700772285461,0.565338134765625,0.41443634033203125,301.67626953125,0.8800008296966553,99.99999237060547,0.0,100987.375,301.9791564941406,0.013621012680232525,0.7036738395690918,0.34288811683654785,0.2885017395019531,0.004787961486726999,5.293970584869385,0.013591445982456207
2021-12-09,12.4,56.8,0.113,6,5,5.8566666666666665,86.41666666666667,20.8,20.8,0.0,12,9,64.0,0.0,60.56114196777344,3993.6962890625,0.0,0.06599999964237213,0.0,0.0,0.0,0.0,34.826168060302734,1.240577220916748,0.0,0.0,0.6723871827125549,34.78752899169922,29.039384841918945,0.06319381296634674,0.1483253687620163,2.6496334726289206e-07,-6.067955493927002,-2.4176857471466064,-5.868384838104248,-5.575403690338135,-2.3433761596679688,-2.2289016246795654,297.6122741699219,299.314208984375,1.1611486673355103,0.001094990991987288,0.9081497192382812,271.4599609375,2.828874349594116,126.67273712158203,69.33932495117188,7.975752353668213,3.1112844944000244,101142.7109375,0.005958331748843193,116.17623901367188,72.61968994140625,154.81631469726562,202.6705780029297,7.400669097900391,5.855600357055664,6.814493179321289,2.8076517581939697,6.211827754974365,2.5818378925323486,5.775563716888428,8.948222160339355,12.426310539245605,5.0040435791015625,999.0,-3.2222797870635986,3.363759994506836,0.9780095219612122,68.87512969970703,6.462625980377197,9.660598754882812,6.1795430183410645,302.1461486816406,1.4867109060287476,1.390041708946228,0.5091044306755066,1.0146652460098267,0.7411041259765625,0.6130383610725403,301.9658508300781,0.8800008296966553,99.99999237060547,0.0,101137.4921875,302.1466369628906,8.138021075865254e-05,0.6604184508323669,0.44085776805877686,0.3121579587459564,0.009113192558288574,2.2083652019500732,0.01894710771739483
2021-12-10,13.4,57.0,0.047,6,5,6.185,91.5,20.8,20.8,0.0,12,10,68.5,0.0,21.012357711791992,3791.418701171875,0.0,0.06599999964237213,0.0,0.0,0.0,0.0,34.74445724487305,1.1379534006118774,0.0,0.0,0.6071572303771973,33.87800216674805,28.93441390991211,0.014880194328725338,-0.1444549709558487,-2.4591402052465128e-06,-6.426830768585205,-3.2407824993133545,-6.03436279296875,-5.8326416015625,-3.0555450916290283,-2.9524471759796143,297.26116943359375,299.978759765625,1.1586440801620483,0.001104176975786686,0.7926890254020691,271.4600524902344,2.863353729248047,155.96554565429688,64.0335922241211,8.879631042480469,3.2137935161590576,101147.1484375,0.006484247278422117,138.35687255859375,136.3662872314453,141.68048095703125,174.9415740966797,8.116620063781738,6.002776622772217,7.170979022979736,2.8925721645355225,6.322990894317627,2.6558735370635986,9.46466064453125,9.266621589660645,7.977152347564697,4.987074375152588,999.0,-3.0208027362823486,3.5150210857391357,0.9638392329216003,63.96805191040039,6.462442874908447,12.768996238708496,6.395919322967529,301.9253845214844,1.509580135345459,1.358856201171875,0.6109517216682434,0.9209340214729309,0.8183873295783997,0.567626953125,301.6864929199219,0.8800008296966553,99.99999237060547,0.0,101155.5546875,301.9253845214844,4.069010537932627e-05,0.610897958278656,0.26425841450691223,0.2983818054199219,0.0024203062057495117,5.959743022918701,0.009292972274124622
2021-12-11,13.0,56.9,0.068,7,6,6.308333333333334,96.58333333333333,20.8,20.8,0.0,12,11,64.9,0.0,26.928831100463867,1330.1263427734375,0.0,0.06599999964237213,0.0,0.0,0.0,0.0,34.9819450378418,5.908575534820557,0.0,0.0,0.5805985331535339,32.25288009643555,28.843936920166016,0.18619059026241302,-0.018863579258322716,-2.044215989371878e-06,-7.373558521270752,-2.1103928089141846,-6.8587646484375,-6.661623001098633,-1.9452228546142578,-1.8917955160140991,296.7077941894531,300.8332824707031,1.1595016717910767,0.001140864216722548,0.7834599614143372,271.4600830078125,1.826950192451477,58.77163314819336,76.60225677490234,5.451482772827148,3.453681707382202,101153.0234375,0.005996011663228273,68.02069854736328,155.1669464111328,235.79010009765625,226.27183532714844,4.550695896148682,3.900362014770508,4.8134074211120605,3.1082706451416016,4.485999584197998,2.84820556640625,8.798828125,9.576436042785645,14.371296882629395,3.517697334289551,999.0,-3.1819050312042236,3.6602916717529297,0.9697986245155334,77.07322692871094,6.973856449127197,4.983701229095459,4.153815746307373,301.84326171875,0.9481322765350342,0.4734954833984375,0.7379048466682434,0.367401123046875,0.10672251135110855,0.0836842879652977,301.6149597167969,0.8800005912780762,99.99999237060547,0.0,101115.0234375,301.8431091308594,0.00010172525799134746,0.6117154955863953,0.6200177073478699,0.2730445861816406,0.025663256645202637,5.269613742828369,0.03900771588087082
2021-12-12,13.4,56.9,0.041,3,2,3.631666666666667,101.66666666666667,20.8,20.8,0.0,12,12,67.3,0.0,27.238544931870095,681.2922048844285,0.0,0.06599999948268953,0.0,0.0,0.0,0.0,34.81301416147867,18.361006402516985,0.0,0.0,0.2995995954779987,33.660747705510985,28.402802406518823,-0.0763164819119804,0.04464262090456937,5.210421505800812e-08,-1.3123239278793335,-1.7891451120376587,-0.7726847529411316,-0.8751843571662903,-0.93916255235672,-1.0367532968521118,293.9501647949219,298.0009460449219,1.1802961775607996,0.0010963178959490158,0.7504471600444381,271.4599304199219,2.1828240959273257,42.258796683730665,127.58328817705879,7.2927663412264065,3.1821386788427,101233.1953125,0.006123995746380617,39.58589382382175,93.44357848050173,202.85659178827967,,6.249248717244541,5.401101744245539,6.314450309674557,2.776427012807966,5.670023430238164,2.393989302095458,12.279851552450396,10.999502096928689,12.672661542274495,4.655184773929718,511.4459996751608,-3.1375445018942933,3.1056128182646283,0.9874742961418133,156.58766268718853,6.816877786893796,6.3208711246918465,5.754017281878286,302.1999175663014,1.7248832641204888,1.4551493807885993,0.6596731228762531,1.2823193857848398,0.5051744770543463,0.24034072427089787,297.112548828125,0.8800005316734314,99.99999237060547,0.0,95458.7890625,273.16064453125,0.01735433004796505,0.6396221739092448,0.48321436451229793,0.4593910887031545,0.009221143766510244,4.1401419080550355,0.02263371191050851
2021-12-13,12.0,52.8,0.077,4,2,1.1933333333333334,104.71666666666667,20.8,20.8,0.0,12,13,61.4,0.0,28.940000534057617,32.112449645996094,0.0,0.06599999964237213,0.0,0.0,0.0,0.0,32.58378601074219,28.923891067504883,0.0,0.0,1.1102312803268433,32.57622528076172,28.914138793945312,0.1281382143497467,-0.17613862454891205,-8.951376173627068e-08,0.7706267237663269,-8.868474006652832,0.7137120366096497,0.6874039769172668,-7.967306137084961,-7.716920375823975,296.9194641113281,300.0739440917969,1.1577407121658325,0.0013267548056319356,0.9038264155387878,271.4600524902344,2.6346595287323,26.278600692749023,178.5660400390625,6.761743545532227,4.309124946594238,100972.8984375,0.00854946207255125,9.915633201599121,31.728317260742188,170.06874084472656,177.6316680908203,5.3551483154296875,4.56654691696167,6.0612263679504395,3.8377525806427,5.542313098907471,3.485010862350464,15.533203125,10.557902336120605,11.10693359375,4.063594818115234,24.0,-3.1079204082489014,4.230082035064697,0.931447446346283,236.12330627441406,8.598856925964355,5.5093560218811035,4.821554660797119,301.9127502441406,1.3719133138656616,0.8604075312614441,1.0488687753677368,0.6472930908203125,0.22473399341106415,0.01247406005859375,301.7092590332031,0.8800005316734314,99.99999237060547,0.0,100954.7578125,301.9131164550781,0.0380147285759449,0.49969926476478577,0.33417344093322754,0.3044624328613281,0.01635398156940937,3.0487396717071533,0.04175492748618126
2021-12-15,12.5,57.6,0.116,7,6,4.77,107.76666666666667,20.9,20.9,0.0,12,15,58.0,0.0,10.422805786132812,87.12125396728516,0.0,0.06599999964237213,0.0,0.0,0.0,0.0,33.978458404541016,25.536083221435547,0.0,0.0,0.85297691822052,33.08132553100586,27.423723220825195,-0.3238006830215454,0.09428617358207703,-9.753657650435343e-07,-4.344454288482666,3.4828174114227295,-4.0464186668396,-3.903611421585083,3.152449369430542,3.0715434551239014,297.4711608886719,299.8005676269531,1.154693603515625,0.0011468013981357217,0.6632156372070312,271.4599609375,3.0074145793914795,22.11473274230957,113.87869262695312,7.469052791595459,3.1240713596343994,100645.3828125,0.006055705714970827,25.748306274414062,26.146299362182617,198.8971710205078,194.0221710205078,7.100624084472656,6.006702899932861,6.65664529800415,2.7781260013580322,6.1411285400390625,2.4149067401885986,7.951680660247803,15.134867668151855,16.37860107421875,5.280339241027832,95.0,-4.47021484375,2.940140962600708,1.0119236707687378,124.83560180664062,6.938333988189697,9.143844604492188,6.26348876953125,300.7300109863281,1.63164222240448,1.5485738515853882,0.4672597348690033,1.738494873046875,0.1765950471162796,0.040894825011491776,300.5791015625,0.8800005316734314,99.99999237060547,0.0,100648.1875,300.7298278808594,0.69488525390625,0.6026195287704468,0.2641654908657074,0.3920936584472656,-0.009487907402217388,4.771059036254883,0.022372737526893616
2021-12-16,11.6,49.0,0.041,6,4,5.656666666666666,112.85,20.9,20.9,0.0,12,16,49.2,0.0,10.519352912902832,1776.1893310546875,0.0,0.06599999964237213,0.0,0.0,0.0,0.0,34.60578536987305,2.6309711933135986,0.0,0.0,0.8345912098884583,32.9204216003418,29.037681579589844,0.09171932190656662,0.1200786903500557,-3.5033463063882664e-07,-3.4005215167999268,-2.0239264965057373,-3.315624952316284,-3.143339157104492,-1.9603328704833984,-1.865701675415039,297.6001892089844,300.8069152832031,1.1538057327270508,0.000915688753593713,0.6018397212028503,271.4600524902344,2.1166365146636963,24.443527221679688,53.66701889038086,7.004448413848877,2.1339590549468994,100918.6015625,0.0028115389868617058,24.986867904663086,26.78057098388672,214.70164489746094,210.18394470214844,6.898632526397705,5.964303493499756,6.228229522705078,1.9188932180404663,5.732581615447998,1.6510416269302368,7.063761234283447,4.62091064453125,5.407694339752197,5.293413162231445,959.0,-2.4961140155792236,1.8021787405014038,1.005775809288025,55.770477294921875,4.574056148529053,8.873703002929688,6.196648120880127,301.7701110839844,1.1317758560180664,1.1186319589614868,0.1505940705537796,1.1215972900390625,0.2042795866727829,0.014308929443359375,301.54620361328125,0.8800005316734314,99.99999237060547,0.0,100914.3359375,301.7702331542969,0.0042928061448037624,0.5770601630210876,0.217817485332489,0.3277638852596283,0.0032080411911010742,3.377570152282715,0.014364615082740784
2021-12-17,9.8,38.5,-0.035,5,4,6.555,115.9,20.9,20.9,0.0,12,17,31.200000000000003,0.0,13.403172492980957,48.14471435546875,0.0,0.06599999964237213,0.0,0.0,0.0,0.0,33.35732650756836,28.97572135925293,0.0,0.0,0.9707031846046448,31.336851119995117,29.633668899536133,0.12916383147239685,0.06302785873413086,-6.406718966900371e-06,5.529928207397461,0.7719942927360535,5.40565299987793,5.137561798095703,1.0575376749038696,0.9926910400390625,297.5266418457031,300.4272766113281,1.150893211364746,0.000989598804153502,0.8087031245231628,271.4600524902344,2.1947193145751953,233.80078125,245.31488037109375,6.074159622192383,2.680122137069702,100767.25,0.004654789809137583,274.5809631347656,206.6620330810547,184.3975067138672,116.40746307373047,5.8246989250183105,5.061270713806152,5.5091471672058105,2.392317533493042,5.119776248931885,2.0611979961395264,6.138020992279053,5.878946781158447,13.027302742004395,4.512547969818115,85.0,-3.3731689453125,2.426168441772461,1.0116407871246338,262.7337341308594,5.392984867095947,6.860195159912109,5.297991752624512,302.7602233886719,1.1585942506790161,1.1038055419921875,0.3162587583065033,1.1066538095474243,0.0879872664809227,0.011273701675236225,302.4998474121094,0.8800005316734314,99.99999237060547,0.0,100705.4453125,302.76025390625,0.2294209748506546,0.48635974526405334,0.3511079251766205,0.3935292661190033,0.009312192909419537,3.9139106273651123,0.025460394099354744
2021-12-18,9.8,44.0,0.096,8,6,9.491666666666667,118.95,20.9,20.9,0.0,12,18,38.8,0.0,30.131502151489258,965.1801147460938,0.0,0.06599999964237213,0.0,0.0,0.0,0.0,34.449623107910156,10.14732551574707,0.0,0.0,0.8183645606040955,33.571067810058594,28.478910446166992,0.08932774513959885,0.02955411747097969,3.3228539564333914e-07,0.04476483538746834,5.738363265991211,-0.0022417705040425062,0.020504632964730263,5.2201056480407715,5.084735870361328,297.5894470214844,300.6904296875,1.1539939641952515,0.0010147549910470843,0.6072718501091003,271.4599914550781,2.044341802597046,197.53330993652344,117.62056732177734,5.59527587890625,3.851284980773926,100919.3984375,0.005612256471067667,188.524169921875,224.1650848388672,275.4432678222656,206.3972625732422,5.089854717254639,4.46207332611084,5.052435874938965,3.105076551437378,4.672952651977539,1.8824056386947632,7.141194820404053,9.86761474609375,7.654927730560303,4.037139892578125,997.0,-5.827728271484375,2.29719614982605,1.0236481428146362,156.8497772216797,5.499979496002197,5.910713195800781,4.675330638885498,301.6915283203125,1.0728130340576172,0.660308837890625,0.61102294921875,0.7235209345817566,0.12307993322610855,0.09207280725240707,301.4263610839844,0.8800005316734314,99.99999237060547,0.0,101179.6015625,301.6913757324219,0.0043233237229287624,0.6016623973846436,0.5119691491127014,0.7378161549568176,0.012588809244334698,4.440563678741455,0.030768243595957756
2021-12-19,14.1,58.0,0.015,6,5,14.726666666666667,120.98333333333333,20.9,20.9,0.0,12,19,71.4,0.0,62.550138809393246,1393.6428699135188,0.0,0.06599999948348452,0.0,0.0,0.0,0.0,34.80999944678557,7.284050064622089,0.0,0.0,0.30405682746512563,33.70720146600544,27.358397601884032,-0.07341117259950092,0.04295052031104353,5.449509532825317e-08,-0.4285958707332611,-2.705336332321167,-0.0177027378231287,-0.013837178237736225,-1.6593297719955444,-1.7066268920898438,297.0572814941406,298.4780578613281,1.1799482445183105,0.0010966194010348926,0.749393743245,271.4601745605469,2.633250089847234,139.0041833919001,103.43663302926191,6.425786029378853,3.429153184490548,101378.84375,0.006135444328311746,137.08834223241774,140.28232738442648,250.10009695668654,,5.871652263132273,5.387981937820833,5.765261938781603,2.8735994452389573,5.645319423695838,2.71178647769446,12.403909627577834,10.099569162737495,7.528588308714538,4.68869473381342,978.9574453063458,-3.36373399708356,2.9323629781184586,0.9872912102732702,124.11599133438978,8.278324270898237,6.971845074670792,5.201566698458661,299.8591711887166,1.7264223680156405,1.4580419146845578,0.6605530698599796,1.2836200662798776,0.5087462310724242,0.23951470960603488,297.7591857910156,0.8800005316734314,99.99999237060547,0.0,100394.0078125,273.5406799316406,0.0627034530043602,0.6400036102738422,0.48402886900540393,0.45850928122063145,0.009173274230606234,4.02096481251164,0.022586017441492096
2021-12-20,13.6,57.9,0.047,8,6,19.94,122.0,20.9,20.9,0.0,12,20,70.7,0.0,95.10802459716797,1822.244873046875,0.0,0.06599999964237213,0.0,0.0,0.0,0.0,34.64406967163086,2.4831573963165283,0.0,0.0,0.9651750326156616,34.566688537597656,26.991392135620117,-0.4660393297672272,0.439333438873291,9.3012744173393e-07,-11.36737060546875,0.012355804443359375,-10.260619163513184,-10.034440040588379,-0.023598352447152138,-0.022067388519644737,294.7358093261719,297.98126220703125,1.1753673553466797,0.0013966589467599988,1.0454864501953125,271.4600524902344,4.319007873535156,80.318359375,89.105224609375,8.094025611877441,5.605160236358643,101648.9609375,0.01126362755894661,85.55429077148438,56.020355224609375,224.74745178222656,325.5624694824219,6.7344970703125,5.850471019744873,7.439795970916748,4.965438365936279,6.948824405670166,4.486958980560303,18.68952751159668,10.744364738464355,5.673665523529053,5.234062671661377,962.0,-3.4410502910614014,4.20448637008667,0.9549732208251953,90.48397064208984,10.524169921875,7.95618200302124,6.0539164543151855,300.0525207519531,2.2644779682159424,1.4973206520080566,1.6851247549057007,1.4786540269851685,0.28021493554115295,0.12216440588235855,299.8798522949219,0.8800005316734314,99.99999237060547,0.0,101624.1484375,300.05322265625,0.0322672538459301,0.5902156233787537,0.4881403148174286,0.2693379819393158,0.017968377098441124,3.2764902114868164,0.03726819530129433
2021-12-21,15.0,57.7,-0.059,6,5,25.351666666666667,125.05,20.9,20.9,0.0,12,21,68.9,0.0,43.410369873046875,2143.305419921875,0.0,0.06599999964237213,0.0,0.0,0.0,0.0,34.54848861694336,3.6944804191589355,0.0,0.0,0.9850749373435974,34.43748092651367,24.61890983581543,-0.06819936633110046,0.06861266493797302,-5.252541086520068e-06,-6.83656644821167,6.3348846435546875,-6.360703945159912,-6.1513214111328125,5.740365982055664,5.559936046600342,291.4678039550781,295.3528747558594,1.1819275617599487,0.001412193407304585,0.9464619755744934,271.4599304199219,2.7034618854522705,98.14408111572266,130.9860382080078,6.599112033843994,4.089383125305176,101450.09375,0.009189965203404427,123.57279205322266,191.25816345214844,291.0841064453125,207.59999084472656,5.224254131317139,4.437611103057861,5.735736846923828,3.6738626956939697,5.180286884307861,3.3560028076171875,8.944352149963379,7.3140869140625,8.22052001953125,3.9659109115600586,210.0,-3.7080790996551514,4.235652923583984,0.9495718479156494,131.2562255859375,9.16796875,5.678627014160156,4.693596839904785,297.9510192871094,1.389562964439392,0.7908138632774353,1.0587514638900757,0.6679399013519287,0.29312387108802795,0.12653858959674835,297.7569274902344,0.8800005316734314,99.99999237060547,0.0,101458.125,297.9510803222656,0.0743815079331398,0.6888463497161865,0.7162070870399475,0.3517341613769531,0.033112090080976486,4.429324150085449,0.04564191773533821
2021-12-22,13.7,57.6,0.034,6,4,29.92,128.1,20.9,20.9,0.0,12,22,65.9,0.0,22.66413116455078,666.8502807617188,0.0,0.06599999964237213,0.0,0.0,0.0,0.0,34.24113464355469,4.982054233551025,0.0,0.0,0.5531246662139893,34.490333557128906,24.173097610473633,0.7417109608650208,1.0355218648910522,2.902128244386404e-06,-4.415056228637695,-6.459498882293701,-4.317322254180908,-4.05687141418457,-6.436929225921631,-6.040799617767334,283.3436584472656,291.11822509765625,1.2135956287384033,0.0012661732034757733,1.3228658437728882,271.4600830078125,1.9983631372451782,301.62762451171875,29.7709903717041,5.456221103668213,3.6494314670562744,101943.6796875,0.007289832457900047,114.91088104248047,192.34071350097656,197.24876403808594,213.4035186767578,4.438571929931641,3.836782455444336,4.849528789520264,3.2955973148345947,4.488697528839111,3.01995849609375,7.182231903076172,6.806253910064697,9.246113777160645,3.465311050415039,700.0,-3.2203471660614014,4.051952838897705,0.9497265219688416,33.67321014404297,7.922688961029053,4.6508660316467285,4.092004776000977,296.3276672363281,1.0308297872543335,0.5810955762863159,0.823822021484375,0.5438277125358582,0.1808522492647171,0.096466064453125,295.8968811035156,0.8800005316734314,99.99999237060547,0.0,101940.5703125,296.3277282714844,0.00445556640625,0.6276058554649353,0.6092686653137207,0.3296775817871094,0.031208554282784462,4.549229621887207,0.04697468504309654
2021-12-23,14.0,57.6,0.009,4,2,34.89,131.15,20.9,20.9,0.0,12,23,68.0,0.0,77.23145294189453,77.8393325805664,0.0,0.06599999964237213,0.0,0.0,0.0,0.0,34.32213592529297,17.692981719970703,0.0,0.0,0.30656924843788147,34.32262420654297,17.667451858520508,0.106137715280056,-0.0460483655333519,1.1549944645139476e-07,2.347815752029419,-1.3495985269546509,2.5588295459747314,2.2683727741241455,-1.4463850259780884,-1.3161869049072266,275.2097473144531,285.37115478515625,1.2442325353622437,0.000824923103209585,0.9982147216796875,271.46014404296875,2.3527472019195557,13.63931655883789,156.3451385498047,7.5171074867248535,3.216956853866577,102221.2109375,0.0035043570678681135,11.69107437133789,18.109865188598633,233.0602264404297,165.28570556640625,7.364997863769531,6.2102508544921875,6.512597560882568,2.4582302570343018,5.872037887573242,1.015869140625,7.543338298797607,5.057332515716553,3.9495849609375,5.454069137573242,124.0,-4.692148685455322,0.08785820007324219,1.0180929899215698,256.09521484375,3.5003459453582764,9.259181022644043,6.462575435638428,290.5053405761719,1.2526522874832153,1.2278242111206055,0.1642506867647171,1.219233512878418,0.08722177892923355,0.03608958050608635,289.9388427734375,0.8800005316734314,99.99999237060547,0.0,102094.0625,290.50537109375,0.00038655599928461015,0.42886868119239807,0.22209911048412323,0.8687540888786316,0.0038717985153198242,3.5241615772247314,0.01597593165934086
2021-12-29,13.6,50.2,-0.101,4,2,33.905,130.13333333333333,7.4,10.9,3.5,12,29,14.899999999999999,0.0,62.25223159790039,66.08614349365234,0.0,0.06599999964237213,0.0,0.0,0.0,0.0,34.461395263671875,16.34549331665039,0.0,0.0,0.2847764194011688,34.45988845825195,16.298242568969727,0.06408701092004776,0.02821393683552742,-1.8887988062488148e-06,9.68252182006836,-1.010011076927185,8.711413383483887,8.336163520812988,-0.7581869959831238,-0.7977333068847656,278.6820373535156,283.42578125,1.2493740320205688,0.001622535870410502,1.4937362670898438,271.4600524902344,3.194972038269043,304.7723083496094,273.1016540527344,6.419288158416748,4.199307441711426,101943.9921875,0.010439938865602016,292.4016418457031,211.3609619140625,118.25839233398438,96.92291259765625,5.605220317840576,4.883613109588623,5.557095050811768,3.6970460414886475,4.989725589752197,3.1547038555145264,11.504546165466309,13.225016593933105,4.865499019622803,4.387837886810303,79.0,-3.668914794921875,3.9678051471710205,0.947776734828949,263.921630859375,10.137431144714355,6.063840389251709,5.106964588165283,289.8012390136719,1.6503714323043823,0.7558243870735168,1.2563730478286743,0.6397305130958557,0.35432180762290955,0.036945343017578125,289.3271484375,0.8800005316734314,99.99999237060547,0.0,101958.21875,289.2795715332031,0.0345458984375,0.5386108160018921,0.5801662802696228,0.4357388913631439,0.02736201323568821,4.713224411010742,0.043311093002557755
2021-12-30,13.9,51.8,-0.088,6,4,28.846666666666668,127.08333333333333,7.4,10.9,3.5,12,30,51.9,0.0,74.00875091552734,380.9794006347656,0.0,0.06599999964237213,0.0,0.0,0.0,0.0,34.26064682006836,9.38426685333252,0.0,0.0,0.5192925930023193,34.520992279052734,23.349590301513672,0.3490446209907532,0.670630693435669,1.5433164435307845e-07,3.1641151905059814,-10.8882417678833,3.1367199420928955,2.9634101390838623,-10.626893997192383,-10.040860176086426,279.7709655761719,286.7158508300781,1.2435401678085327,0.0014500775141641498,1.7548726797103882,271.4600524902344,4.897281169891357,334.0587158203125,342.0379638671875,8.251604080200195,6.221838474273682,102721.625,0.012458130717277527,340.8215026855469,140.56329345703125,107.12076568603516,191.66827392578125,6.89647102355957,6.085142135620117,7.62166166305542,5.527312755584717,7.111549377441406,4.9907684326171875,12.629841804504395,10.050923347473145,5.726786136627197,5.473416805267334,225.0,-3.5490009784698486,4.457324504852295,0.9497974514961243,343.6082458496094,11.023478507995605,7.9863433837890625,6.274970531463623,296.4649658203125,2.558859348297119,0.8607432246208191,2.2995452880859375,1.3951669931411743,0.0818939208984375,0.052715301513671875,295.8988952636719,0.8800005316734314,99.99999237060547,0.0,102726.0390625,296.4647216796875,0.00020345051598269492,0.4981246888637543,0.43583083152770996,0.2652994692325592,0.025520838797092438,4.914025783538818,0.03984452411532402
2021-12-31,13.9,52.2,-0.084,6,4,23.933333333333334,125.05,7.4,10.9,3.5,12,31,50.5,0.0,120.22883605957031,2448.521484375,0.0,0.06599999964237213,0.0,0.0,0.0,0.0,34.65188217163086,1.5701038837432861,0.0,0.0,0.8527299761772156,34.68553924560547,23.303932189941406,-0.13582058250904083,-0.20072203874588013,2.044229461262148e-07,-3.9021949768066406,1.403847336769104,-3.962719678878784,-3.678745985031128,1.3949941396713257,1.2818819284439087,285.3898010253906,294.4707336425781,1.2034748792648315,0.0009528106893412769,0.9188715815544128,271.4600830078125,2.3989100456237793,40.50503921508789,116.662353515625,6.9262824058532715,2.6738760471343994,102301.1640625,0.0046280319802463055,44.54745101928711,8.432332992553711,95.43993377685547,110.30091094970703,6.649040222167969,5.558752059936523,6.089462757110596,2.3685648441314697,5.5935211181640625,2.002960205078125,7.393412113189697,4.94830322265625,8.8157958984375,4.860804557800293,990.0,-4.05767822265625,2.1737163066864014,1.0135551691055298,136.80441284179688,4.929972171783447,8.518600463867188,5.830080032348633,296.8938903808594,1.2714647054672241,1.2266473770141602,0.3045552670955658,1.0131006240844727,0.6508992314338684,0.34180960059165955,296.6120910644531,0.8800005316734314,99.99999237060547,0.0,102290.8125,296.8941650390625,0.0,0.6944805979728699,0.6266204714775085,0.3795267641544342,0.004603537265211344,2.9030826091766357,0.017187705263495445
2022-01-01,13.4,50.7,-0.071,6,4,19.66,120.98333333333333,7.4,10.9,3.5,1,1,48.6,0.0,44.33613586425781,2052.306884765625,0.0,0.06599999964237213,0.0,0.0,0.0,0.0,34.66827392578125,2.5207011699676514,0.0,0.0,0.5844153761863708,34.25508499145508,26.133163452148438,-0.6837955713272095,0.20573507249355316,8.945316380959412e-07,-10.53561782836914,-0.1728534698486328,-9.616609573364258,-9.383580207824707,-0.1718597412109375,-0.16855747997760773,290.3465270996094,297.5533447265625,1.1841245889663696,0.0014482918195426464,1.0094248056411743,271.4600830078125,3.6843507289886475,59.168121337890625,88.83356475830078,7.576683044433594,5.058194160461426,102006.7265625,0.010373680852353573,78.58356475830078,58.71878433227539,244.33091735839844,144.74850463867188,6.254090785980225,5.407191753387451,6.963210582733154,4.485493183135986,6.50616979598999,4.060831546783447,12.006591796875,9.214314460754395,19.61393165588379,4.829758167266846,999.0,-3.4001262187957764,4.410247802734375,0.9393417239189148,88.87991333007812,10.415547370910645,6.833156585693359,5.6237406730651855,299.270263671875,1.9268041849136353,1.3036178350448608,1.4011129140853882,1.078342080116272,0.22560374438762665,0.07422256469726562,298.8327941894531,0.8800005316734314,99.99999237060547,0.0,101957.9375,299.2700500488281,0.0,0.647953987121582,0.6402555108070374,0.2954978942871094,0.017382772639393806,3.265387535095215,0.038147639483213425
2022-01-02,13.7,50.0,-0.108,7,5,15.701666666666666,116.91666666666667,7.4,10.9,3.5,1,2,44.9,0.0,31.47276496887207,4144.298828125,0.0,0.06599999964237213,0.0,0.0,0.0,0.0,34.638893127441406,1.7812036275863647,0.0,0.0,0.5444742441177368,33.762611389160156,26.169939041137695,0.08986916393041611,0.019253835082054138,8.724882718524896e-07,-6.41949462890625,-6.751586437225342,-5.747608184814453,-5.640479564666748,-6.11298942565918,-5.999088764190674,294.4731140136719,298.94342041015625,1.1715145111083984,0.0013476634630933404,0.7952601313591003,271.4599914550781,4.165872097015381,31.987253189086914,41.2364616394043,7.72985315322876,4.3170342445373535,101507.6484375,0.008649618364870548,34.96365737915039,70.97254943847656,151.25770568847656,226.6444854736328,7.0553741455078125,6.241474628448486,7.285440444946289,3.864292860031128,6.959676742553711,3.5236103534698486,8.024331092834473,10.881306648254395,9.558837890625,5.607431888580322,999.0,-3.7253315448760986,4.128904342651367,0.9718709588050842,42.325496673583984,9.884663581848145,8.153010368347168,6.438055515289307,299.6308288574219,2.1995620727539062,1.894157886505127,1.0207061767578125,1.6469453573226929,0.35083261132240295,0.0336151123046875,299.4919128417969,0.8800005316734314,99.99999237060547,0.0,101506.3359375,299.6304626464844,0.001129150390625,0.6146453022956848,0.4999908208847046,0.2727699279785156,0.016913192346692085,4.942913055419922,0.03256375715136528
2022-01-03,13.3,49.9,-0.081,6,4,11.505,113.86666666666666,7.4,10.9,3.5,1,3,45.0,0.0,29.3426570892334,4339.353515625,0.0,0.06599999964237213,0.0,0.0,0.0,0.0,34.63884735107422,1.784562349319458,0.0,0.0,0.7300658822059631,33.084381103515625,27.92811393737793,0.10515935719013214,0.3970053791999817,-1.2205183566038613e-06,-8.255802154541016,-5.6981587409973145,-7.47669792175293,-7.29395055770874,-5.191325664520264,-5.067625522613525,296.6369934082031,298.9375305175781,1.1664642095565796,0.0012820432893931866,0.9427108764648438,271.4600830078125,3.8428728580474854,32.874874114990234,53.87815856933594,7.6833014488220215,4.585517406463623,101257.5078125,0.009280898608267307,40.20224380493164,29.247467041015625,210.28480529785156,205.72825622558594,6.7477641105651855,5.854278564453125,7.193166255950928,4.077086925506592,6.82272481918335,3.703526735305786,7.921871662139893,4.934305667877197,21.98592185974121,5.211417198181152,999.0,-3.5219929218292236,3.8682479858398438,0.9723638892173767,53.67793655395508,8.988118171691895,8.304692268371582,6.073276996612549,301.029296875,2.0301380157470703,1.678423523902893,1.1233978271484375,1.7056299448013306,0.05442047119140625,0.00936126708984375,300.79107666015625,0.8800005316734314,99.99999237060547,0.0,101255.0859375,301.0288391113281,1.2147318124771118,0.5828731060028076,0.41450461745262146,0.30195489525794983,0.010976654477417469,4.072902202606201,0.02974005788564682
2022-01-04,13.4,50.2,-0.081,4,2,7.198333333333333,110.81666666666666,7.4,10.9,3.5,1,4,45.6,0.0,11.098162651062012,1929.540283203125,0.0,0.06599999964237213,0.0,0.0,0.0,0.0,34.60182189941406,2.5245413780212402,0.0,0.0,0.7044045925140381,32.91696548461914,27.786418914794922,-0.25748494267463684,0.899538516998291,1.709184857645596e-06,-4.0992889404296875,-1.3810697793960571,-4.061580181121826,-3.7943115234375,-1.4056123495101929,-1.3073539733886719,296.2819519042969,298.80609130859375,1.1656917333602905,0.0009248183923773468,0.7794240117073059,271.4599304199219,2.7105207443237305,30.751379013061523,63.34693908691406,7.164436340332031,2.336245059967041,101113.1953125,0.0033775640185922384,31.238037109375,30.8045711517334,273.5768127441406,97.80780792236328,7.087857723236084,6.343721866607666,6.549552917480469,2.0430338382720947,6.123891830444336,1.618927001953125,7.118621349334717,4.5574951171875,20.46175193786621,5.753439426422119,999.0,-3.8192646503448486,1.7497215270996094,1.0267153978347778,69.84114837646484,4.704366207122803,8.168797492980957,6.521301746368408,300.8956298828125,1.4523037672042847,1.4406499862670898,0.1587371826171875,1.4215103387832642,0.01746368408203125,0.00533294677734375,300.5802307128906,0.8800005316734314,99.99999237060547,0.0,101099.1640625,300.89520263671875,0.02272542379796505,0.5424783825874329,0.3453397750854492,0.4032045900821686,0.008681495673954487,4.881404399871826,0.021482160314917564
2022-01-05,13.6,47.5,-0.164,4,2,3.5516666666666667,106.75,7.4,10.9,3.5,1,5,41.6,0.0,10.467255592346191,85.37094116210938,0.0,0.06599999964237213,0.0,0.0,0.0,0.0,33.59785842895508,26.782047271728516,0.0,0.0,0.7885635495185852,33.20783996582031,27.752397537231445,0.042017508298158646,-0.06343882530927658,5.094529115012847e-06,-1.1554603576660156,-4.278737545013428,-1.1095129251480103,-1.0479971170425415,-4.229133605957031,-3.9810962677001953,296.5373229980469,299.4568176269531,1.161800503730774,0.0009540645405650139,0.7004674077033997,271.4600524902344,1.8592628240585327,21.75058937072754,33.02853012084961,6.803411960601807,2.607607126235962,101064.6015625,0.0030382166150957346,21.451398849487305,25.571258544921875,241.720458984375,122.31482696533203,6.545426845550537,5.548229694366455,6.03732442855835,2.2042481899261475,5.496067523956299,1.5638326406478882,6.985331058502197,3.4456989765167236,15.48187255859375,4.839278697967529,48.0,-2.5268962383270264,2.2988033294677734,0.992021381855011,44.22491455078125,4.927713871002197,8.169062614440918,5.8483099937438965,300.7882385253906,0.9907745718955994,0.9584503173828125,0.1956227570772171,1.04241943359375,0.03206634521484375,0.0053685507737100124,300.7251281738281,0.8800005316734314,99.99999237060547,0.0,101074.03125,300.78814697265625,0.0019429525127634406,0.44257500767707825,0.23154489696025848,0.5260963439941406,-6.465116894105449e-05,5.735818862915039,0.015059676952660084
2022-01-07,11.9,44.4,-0.086,3,2,2.275,102.68333333333334,7.4,10.9,3.5,1,7,18.7,0.0,10.715150327111196,68.87749874314592,0.0,0.06599999948564236,0.0,0.0,0.0,0.0,34.80181664976142,26.992989196742734,0.0,0.0,0.3161550285730414,34.058478642448264,28.56292877239354,-0.0655253330370566,0.038357675842901943,6.098462749034688e-08,-1.7178611755371094,-3.824805498123169,-0.918328583240509,-0.9506537318229675,-2.2270889282226562,-2.28582763671875,296.6524963378906,300.5924987792969,1.179003854831555,0.0010974377719822723,0.7465344690750964,271.46014404296875,2.613139173361974,31.491720010415655,46.90918735153693,7.098189929490087,3.6354855377683823,101181.2734375,0.0061665190506962385,36.883987124825246,42.56082559211639,217.4989301837799,,6.830769752558487,5.894750845947855,6.166668829617979,3.078796253315356,6.233135522121431,2.1546136215267606,8.730291360181724,8.74337546908013,11.309886606128758,5.29200186906594,62.431788263921845,-3.304166961925705,1.6580391786734254,0.9867942629157959,65.29882611484018,4.108617275446073,6.501957932578578,6.238180052026388,301.84650218844433,1.7305999357310526,1.465893078116445,0.6629414973872373,1.2871504847664084,0.5184409919786357,0.23727266980140677,299.74285888671875,0.8800005316734314,99.99999237060547,0.0,100472.875,273.1568908691406,0.02020263671875,0.6410389375491782,0.48623966691526294,0.4561158037680688,0.009043342633152499,4.90018636419437,0.022456561025590398
2022-01-08,12.0,41.7,-0.174,4,2,5.441666666666666,99.63333333333334,7.4,10.9,3.5,1,8,34.0,0.0,10.46302318572998,60.179264068603516,0.0,0.06599999964237213,0.0,0.0,0.0,0.0,33.69363784790039,28.06591033935547,0.0,0.0,0.4558247923851013,32.013580322265625,29.538326263427734,-0.2903217375278473,0.504744291305542,1.764020225891727e-06,-3.9279518127441406,-2.198868989944458,-3.6853420734405518,-3.5041205883026123,-2.0375378131866455,-1.9644330739974976,296.5666198730469,300.97711181640625,1.1550143957138062,0.0009676881600171328,0.6934458613395691,271.4599609375,1.0039945840835571,35.32814407348633,53.770084381103516,3.806748628616333,3.060279607772827,101105.9140625,0.003289775224402547,44.467350006103516,50.78590774536133,205.62489318847656,143.8765869140625,3.5020205974578857,3.149655342102051,3.491645574569702,2.5160157680511475,3.2487106323242188,1.6038411855697632,8.921075820922852,11.602519035339355,10.73687744140625,2.888958692550659,69.0,-3.9812214374542236,2.4973742961883545,0.9990865588188171,75.42700958251953,5.0662841796875,4.424069881439209,3.4160192012786865,302.3696594238281,0.5337819457054138,0.3758414089679718,0.2892252504825592,0.4740673303604126,0.06183115765452385,0.008641560561954975,302.2179260253906,0.8800005316734314,99.99999237060547,0.0,101174.9375,302.37005615234375,0.0071207680739462376,0.5555643439292908,0.45398232340812683,0.6224619746208191,0.01616847515106201,4.832977771759033,0.03194655478000641
2022-01-09,12.4,41.6,-0.206,3,2,4.873333333333333,94.55,7.4,10.9,3.5,1,9,32.0,0.0,14.24710464477539,2719.22802734375,0.0,0.06599999219179153,0.0,0.0,0.0,0.0,34.90276336669922,4.5779266357421875,0.0,0.0,0.4126072824001312,34.168212890625,29.346601486206055,0.42592623829841614,0.02702418528497219,-8.78782486779528e-08,2.1921112537384033,0.58349609375,2.2145442962646484,2.0561840534210205,0.6064860224723816,0.553368866443634,296.6434631347656,300.0132751464844,1.1608959436416626,0.0008387809502892196,0.8147532343864441,271.4599304199219,1.942679762840271,200.48927307128906,191.60853576660156,8.809077262878418,2.813606023788452,101065.9140625,0.0029030332807451487,201.74957275390625,199.3046875,81.5899429321289,171.9836883544922,8.620702743530273,6.390072345733643,6.753730297088623,2.2409608364105225,5.690731048583984,1.1856282949447632,10.90319538116455,4.496256351470947,4.82366943359375,5.237748622894287,997.0,-2.3970134258270264,0.9873854517936707,0.9983345866203308,193.75885009765625,3.6918132305145264,12.671746253967285,6.817304611206055,302.5148010253906,1.0253890752792358,1.008987545967102,0.1327412873506546,0.8317566514015198,0.4674784243106842,0.29680123925209045,302.3080139160156,0.8800005316734314,99.99999237060547,0.0,101136.0703125,302.5151062011719,0.1523640900850296,0.7458282113075256,0.27403774857521057,0.700616180896759,0.0012224912643432617,7.394817352294922,0.0064140199683606625
2022-01-10,10.4,42.4,0.0,3,2,2.105,91.5,7.4,10.9,3.5,1,10,32.7,0.0,15.709315299987793,4144.82763671875,0.0,0.06599999964237213,0.0,0.0,0.0,0.0,34.71937561035156,0.8564055562019348,0.0,0.0,0.45432037115097046,34.02726364135742,29.204206466674805,0.20493490993976593,0.15227854251861572,9.817647423915332e-07,2.6565487384796143,-1.9691886901855469,2.689903974533081,2.497661590576172,-2.097080945968628,-1.8904062509536743,296.7103576660156,300.2191467285156,1.1615492105484009,0.0008810862782411277,0.8053105473518372,271.4599304199219,2.6274337768554688,216.31080627441406,174.34495544433594,8.605632781982422,2.2111074924468994,101139.7734375,0.0037799749989062548,217.43377685546875,224.77459716796875,222.54010009765625,160.37109375,8.464264869689941,6.715354919433594,7.0082526206970215,1.9890276193618774,6.182251453399658,1.7185262441635132,7.799342632293701,9.4793701171875,7.342447757720947,5.748759746551514,999.0,-3.37310791015625,1.2305940389633179,1.021243929862976,201.05885314941406,4.16265869140625,11.41775894165039,7.014791965484619,302.3397216796875,1.3981324434280396,1.3752187490463257,0.2110087126493454,0.9713948369026184,0.8140614628791809,0.520623505115509,301.9180908203125,0.8800005316734314,99.99999237060547,0.0,101135.4921875,302.3400573730469,0.04644775390625,0.662729024887085,0.27272287011146545,0.3250694274902344,0.0021354753989726305,3.672157049179077,0.010772478766739368
2022-01-11,10.6,42.0,-0.023,4,2,-0.975,88.45,7.4,10.9,3.5,1,11,32.9,0.0,18.95265007019043,4652.99072265625,0.0,0.06599999964237213,0.0,0.0,0.0,0.0,34.71239471435547,1.0021404027938843,0.0,0.0,0.4297248423099518,34.66176223754883,29.493322372436523,-0.26039132475852966,0.4337940216064453,2.2035735582903726e-06,2.638089418411255,1.6149526834487915,2.748141050338745,2.515301465988159,1.6559759378433228,1.5140985250473022,296.6185607910156,300.51409912109375,1.1573357582092285,0.0008301485795527697,0.7266057133674622,271.4602355957031,2.4678237438201904,202.0878143310547,207.53150939941406,9.217998504638672,2.090451240539551,101071.3828125,0.0025340041611343622,202.40196228027344,198.19403076171875,214.2359161376953,164.45814514160156,9.161235809326172,7.401134967803955,7.5799784660339355,1.8154128789901733,6.604048252105713,1.381988525390625,11.052513122558594,9.03009033203125,5.678507328033447,6.278201580047607,999.0,-2.197967529296875,0.8877512812614441,1.0099658966064453,234.23460388183594,3.61407470703125,13.38388442993164,7.73438835144043,302.4060974121094,1.3205195665359497,1.3153260946273804,0.0994771346449852,0.9626498222351074,0.6829630732536316,0.5191968083381653,302.1393737792969,0.8800005316734314,99.99999237060547,0.0,101076.7890625,302.4061279296875,0.0011800130596384406,0.6850396990776062,0.27168452739715576,0.4176521301269531,0.0012263059616088867,4.495365619659424,0.007402751594781876
2022-01-12,11.5,42.0,-0.109,3,2,-4.158333333333333,85.4,7.4,10.9,3.5,1,12,31.599999999999998,0.0,10.463069915771484,4981.29833984375,0.0,0.06599999964237213,0.0,0.0,0.0,0.0,34.732574462890625,1.0166072845458984,0.0,0.0,0.3922073543071747,35.20206069946289,29.47303009033203,0.19022788107395172,-0.06484466791152954,-9.95405571302399e-07,0.12828445434570312,1.614026427268982,0.10534413903951645,0.09634208679199219,1.8442325592041016,1.5814151763916016,295.1919250488281,301.2395324707031,1.1576908826828003,0.0007061922806315124,0.6348037719726562,271.4599914550781,2.352811336517334,178.62208557128906,39.928958892822266,8.928214073181152,3.7891969680786133,101151.0234375,0.001412951503880322,178.6210174560547,159.84117126464844,208.86798095703125,342.2731628417969,8.927887916564941,7.776160717010498,7.77763557434082,2.5690553188323975,6.964877605438232,0.043487548828125,8.474167823791504,10.99188232421875,5.61480712890625,6.961143970489502,999.0,-3.214752197265625,-1.644187331199646,1.0135412216186523,185.0071563720703,2.2523396015167236,12.032240867614746,7.983185291290283,302.2646789550781,1.2801131010055542,1.2801024913787842,0.00146484375,0.9729786515235901,0.7310053706169128,0.4000803530216217,302.30401611328125,0.8800005316734314,99.99999237060547,0.0,101145.1640625,302.2650146484375,4.069010537932627e-05,0.7457151412963867,0.3741961717605591,1.37387216091156,0.0018398364773020148,3.877578020095825,0.008861713111400604
2022-01-13,11.3,42.2,-0.088,3,2,-7.275,81.33333333333333,7.4,10.9,3.5,1,13,31.6,0.0,10.599544525146484,4999.7607421875,0.0,0.06599999964237213,0.0,0.0,0.0,0.0,34.70500564575195,0.939253032207489,0.0,0.0,0.2808787226676941,34.94205093383789,29.092193603515625,-0.6438295245170593,-0.04117879271507263,9.768265130105647e-08,-5.348707675933838,1.3071422576904297,-5.27055549621582,-4.964187145233154,1.306142807006836,1.2263940572738647,296.8985595703125,299.8334655761719,1.1593859195709229,0.0010487576946616173,0.8711318969726562,271.4598693847656,2.617967128753662,159.8321533203125,100.72872161865234,8.401360511779785,2.774655342102051,101097.9921875,0.0044301412999629974,154.82960510253906,138.67771911621094,214.3635711669922,3.3620665073394775,7.992607593536377,6.4259352684021,7.228191375732422,2.47953200340271,6.546189785003662,2.171142578125,7.1544189453125,11.990925788879395,5.994527339935303,5.460415363311768,999.0,-2.6919758319854736,3.126457929611206,0.9666591286659241,104.56134796142578,5.924662113189697,12.171441078186035,6.773832321166992,302.3271789550781,1.3935198783874512,1.3380279541015625,0.3578389585018158,1.0766397714614868,0.7192357182502747,0.3887074887752533,302.1021728515625,0.8800005316734314,99.99999237060547,0.0,101104.2421875,302.3268737792969,0.0050557455979287624,0.6993122100830078,0.3350762128829956,0.3485145568847656,0.0016618171939626336,2.598100423812866,0.009404501877725124
2022-01-14,11.4,39.8,-0.166,5,3,-10.335,78.28333333333333,7.4,10.9,3.5,1,14,28.5,0.0,22.716970443725586,5264.95458984375,0.0,0.06599999964237213,0.0,0.0,0.0,0.0,34.705711364746094,0.8741185665130615,0.0,0.0,0.6353668570518494,33.932498931884766,28.98984146118164,-0.49225714802742004,-0.02468474581837654,9.383226995396399e-08,-7.382633686065674,3.471233367919922,-6.833141803741455,-6.643573760986328,3.221951723098755,3.1340160369873047,296.5264587402344,301.1125183105469,1.1562808752059937,0.0011825076071545482,0.8044611811637878,271.4600830078125,3.366499900817871,141.20799255371094,115.50481414794922,8.058350563049316,3.7439699172973633,101054.3203125,0.007690753322094679,135.3226776123047,123.35189056396484,204.9053497314453,325.4019775390625,7.278097629547119,5.94939661026001,7.155074596405029,3.3517043590545654,6.617847442626953,3.0608012676239014,6.992084503173828,11.739521980285645,7.064310550689697,5.144876480102539,999.0,-3.4974772930145264,3.7907752990722656,0.9735007286071777,115.34552001953125,7.446980953216553,7.574855804443359,6.237085342407227,302.0522766113281,1.7661209106445312,1.5920158624649048,0.75360107421875,1.373878836631775,0.8061574101448059,0.24030303955078125,301.7926940917969,0.8800005316734314,99.99999237060547,0.0,101046.75,302.0518798828125,0.00018310546875,0.6203058362007141,0.6050127148628235,0.2994931638240814,0.010684211738407612,2.484318494796753,0.03102620504796505
2022-01-15,11.0,39.2,-0.141,5,3,-12.883333333333333,74.21666666666667,7.4,10.9,3.5,1,15,29.0,0.0,27.86174964904785,5107.28076171875,0.0,0.06599999964237213,0.0,0.0,0.0,0.0,34.71314239501953,0.9042904376983643,0.0,0.0,0.7049190998077393,33.66370391845703,29.23328971862793,0.10433997213840485,-0.3479011654853821,5.503559350472642e-07,-7.491379261016846,1.5425211191177368,-7.068414211273193,-6.814510345458984,1.4419912099838257,1.3967208862304688,297.0206604003906,301.2315368652344,1.1550573110580444,0.0011628762586042285,0.8815739750862122,271.4599609375,3.453864336013794,134.2228240966797,99.86783599853516,8.034914016723633,3.6236441135406494,101051.8984375,0.0074017769657075405,128.17855834960938,113.10354614257812,201.1272430419922,329.56884765625,7.3697028160095215,6.12082052230835,7.197073459625244,3.2510063648223877,6.6873779296875,2.97418212890625,7.020074367523193,11.250752449035645,7.056131839752197,5.320801258087158,999.0,-3.5439453125,3.6473605632781982,0.9801020622253418,99.86925506591797,7.294087886810303,7.77367639541626,6.395013809204102,302.811767578125,1.8191113471984863,1.6657623052597046,0.7051289677619934,1.4192261695861816,0.8396962285041809,0.19891484081745148,302.4695129394531,0.8800005316734314,99.99999237060547,0.0,101050.1015625,302.8117980957031,0.0,0.6348827481269836,0.576715886592865,0.28559747338294983,0.009562690742313862,2.778545618057251,0.03022744506597519
2022-01-16,11.4,41.6,-0.111,4,2,-15.343333333333334,70.15,7.4,10.9,3.5,1,16,29.8,0.0,18.789514541625977,4215.96826171875,0.0,0.06599999964237213,0.0,0.0,0.0,0.0,34.72157669067383,1.1063917875289917,0.0,0.0,0.5809846520423889,34.24715042114258,29.231632232666016,-0.2831878364086151,-0.1189737468957901,6.622291266467073e-07,-5.686697006225586,0.45245423913002014,-5.597513675689697,-5.273011684417725,0.45937347412109375,0.4307034909725189,297.4525146484375,300.4080505371094,1.1592844724655151,0.001014592475257814,0.8525466918945312,271.4599609375,2.970958709716797,119.99890899658203,94.57642364501953,7.708840847015381,2.7057974338531494,101123.65625,0.005020725075155497,117.95099639892578,103.15174102783203,202.8976287841797,338.4798889160156,7.432107925415039,6.28772497177124,6.8397674560546875,2.4655141830444336,6.3283514976501465,2.282892942428589,6.836695194244385,11.10772705078125,7.00994873046875,5.515851974487305,999.0,-3.25347900390625,2.6530539989471436,1.005407452583313,94.85159301757812,5.67120361328125,7.8892364501953125,6.542652606964111,302.5138244628906,1.5750352144241333,1.5225697755813599,0.3663584291934967,1.3374956846237183,0.7079925537109375,0.2344462126493454,302.2818298339844,0.8800005316734314,99.99999237060547,0.0,101124.90625,302.513916015625,0.0,0.6816210746765137,0.6199514269828796,0.2960141599178314,0.00794906448572874,3.088456392288208,0.025638222694396973
2022-01-17,10.6,37.2,-0.159,4,2,-17.575,66.08333333333333,7.4,10.9,3.5,1,17,25.5,0.0,14.536884307861328,1994.624755859375,0.0,0.06599999964237213,0.0,0.0,0.0,0.0,34.69691848754883,2.420654058456421,0.0,0.0,0.7536845803260803,35.16767501831055,28.763965606689453,-0.18649061024188995,-0.08001084625720978,7.918285973573802e-07,-5.0765299797058105,-1.788339614868164,-4.923173904418945,-4.688634872436523,-1.7112401723861694,-1.6359812021255493,297.0050048828125,300.9759521484375,1.1572638750076294,0.0009943629847839475,0.7358042597770691,271.4600524902344,2.7862446308135986,115.1590347290039,72.22116088867188,8.636916160583496,2.5537896156311035,101111.9140625,0.004753817804157734,110.90680694580078,92.3609619140625,206.89915466308594,267.0454406738281,8.306573867797852,6.468366622924805,7.077517032623291,2.330519676208496,6.33180570602417,2.1600444316864014,6.791271209716797,13.844157218933105,11.232319831848145,5.49843168258667,999.0,-3.171600341796875,2.56719708442688,0.9973762035369873,71.89994049072266,5.36602783203125,12.120976448059082,6.797282695770264,301.9931945800781,1.4756461381912231,1.4253944158554077,0.3297933042049408,1.1821845769882202,0.6494395136833191,0.42971548438072205,301.76910400390625,0.8800005316734314,99.99999237060547,0.0,101108.6875,301.9931335449219,0.0,0.6822943091392517,0.4346249997615814,0.2933775782585144,0.004340318497270346,3.7953712940216064,0.015311063267290592
2022-01-18,10.5,36.0,-0.18,3,2,-19.803333333333335,62.016666666666666,7.4,10.9,3.5,1,18,25.300000000000004,0.0,14.988893508911133,4002.4013671875,0.0,0.06599999964237213,0.0,0.0,0.0,0.0,34.72731018066406,1.2312304973602295,0.0,0.0,0.6959724426269531,34.94248580932617,28.592735290527344,0.05026623606681824,-0.3757531940937042,-4.917950491289957e-07,-4.298115253448486,-2.967931032180786,-4.226588726043701,-3.989548444747925,-2.907677412033081,-2.7454311847686768,297.4915771484375,299.9101867675781,1.1601449251174927,0.0009704763651825488,0.7979786992073059,271.4599304199219,3.1229488849639893,177.34547424316406,57.009037017822266,10.343056678771973,2.454383611679077,101134.8984375,0.004119279328733683,173.44639587402344,206.05577087402344,85.99092864990234,296.8059997558594,10.066985130310059,7.845287322998047,8.514354705810547,2.244525909423828,7.420864105224609,2.084538698196411,13.019633293151855,6.756591796875,5.979959964752197,6.431524753570557,877.0,-2.4414775371551514,2.3778774738311768,0.9833739399909973,56.583438873291016,5.119669437408447,13.7439603805542,8.289346694946289,301.9626159667969,1.6642743349075317,1.631927490234375,0.2913462221622467,1.1739400625228882,0.9343388676643372,0.5167744755744934,301.6690673828125,0.8800005316734314,99.99999237060547,0.0,101135.5078125,301.9621276855469,4.069010537932627e-05,0.649249255657196,0.2464275360107422,0.29969024658203125,0.0024253923911601305,7.704647064208984,0.008945458568632603
2022-01-19,11.5,40.3,-0.16,3,2,-22.041666666666668,57.95,7.4,10.9,3.5,1,19,30.5,0.0,15.552762031555176,4712.10693359375,0.0,0.06599999964237213,0.0,0.0,0.0,0.0,34.71746826171875,0.6910473108291626,0.0,0.0,0.643825888633728,35.06990432739258,28.112634658813477,-0.15071731805801392,-0.18889643251895905,-6.919111683600931e-07,-1.47219717502594,-4.91526460647583,-1.427602767944336,-1.3555952310562134,-4.734255313873291,-4.4960246086120605,297.2972412109375,299.49169921875,1.1578528881072998,0.0009885986801236868,0.7147954106330872,271.4599304199219,3.2714920043945312,168.85585021972656,64.8890151977539,8.615766525268555,2.5712454319000244,100917.1015625,0.0045549082569777966,166.6311798095703,187.7333526611328,72.86559295654297,194.01637268066406,8.42458438873291,7.031784534454346,7.462591171264648,2.3070619106292725,6.8054070472717285,2.025421142578125,10.516047477722168,6.735005855560303,6.472066402435303,6.139737606048584,999.0,-3.63916015625,2.2476584911346436,1.0098587274551392,76.77438354492188,5.365682125091553,11.809940338134766,7.294766902923584,301.4219970703125,1.7547874450683594,1.7252144813537598,0.28070068359375,1.2712982892990112,0.9735081791877747,0.6295560002326965,301.1734619140625,0.8800005316734314,99.99999237060547,0.0,100928.53125,301.4217834472656,0.02716064453125,0.8741992115974426,0.376488596200943,0.3527183532714844,0.0024355649948120117,2.5386059284210205,0.012730414979159832
2022-01-20,10.7,41.0,-0.058,4,2,-24.016666666666666,53.88333333333333,7.4,10.9,3.5,1,20,30.0,0.0,15.127099990844727,4495.89990234375,0.0,0.06599999964237213,0.0,0.0,0.0,0.0,34.71717834472656,0.9099458456039429,0.0,0.0,0.7907623052597046,35.07912063598633,27.21901512145996,0.07971396297216415,-0.07193252444267273,2.4884548111003824e-07,2.768819808959961,1.8418813943862915,2.831218719482422,2.6087944507598877,1.9294103384017944,1.7546621561050415,294.3673400878906,299.0860900878906,1.16305673122406,0.0008596599218435585,0.7477290034294128,271.4599304199219,3.6474685668945312,186.29254150390625,179.14166259765625,8.831193923950195,2.6843130588531494,100818.6796875,0.003215392818674445,186.7643280029297,192.88893127441406,80.2520980834961,5.26741361618042,8.781683921813965,7.773867130279541,7.9225287437438965,2.1904232501983643,7.369462490081787,1.3159078359603882,9.10107421875,7.281392574310303,6.39208984375,7.074001312255859,999.0,-10.530049324035645,-1.463422179222107,1.0717779397964478,236.41725158691406,4.015055179595947,9.934504508972168,7.941354274749756,300.8141784667969,1.9838072061538696,1.9759572744369507,0.1321004182100296,1.8787943124771118,0.5589548945426941,0.3298797607421875,300.4771423339844,0.8800005316734314,99.99999237060547,0.0,100814.90625,300.81396484375,0.0010274251690134406,0.7665383219718933,0.5261957049369812,0.6281909346580505,0.004775246139615774,3.3710567951202393,0.020571177825331688
2022-01-21,10.8,43.6,-0.008,4,3,-25.948333333333334,49.81666666666667,7.4,10.9,3.5,1,21,35.5,0.0,19.60019874572754,5075.87255859375,0.0,0.06599999964237213,0.0,0.0,0.0,0.0,34.70463180541992,0.5986149907112122,0.0,0.0,0.500655472278595,35.277740478515625,25.94870376586914,-0.26550406217575073,-0.28554609417915344,-5.156642046699744e-08,-2.316532850265503,1.8139680624008179,-2.2179133892059326,-2.0911247730255127,1.6458791494369507,1.6201261281967163,294.3523254394531,298.5320739746094,1.1674455404281616,0.0008753195288591087,0.6544901728630066,271.4599304199219,5.360635757446289,163.5599365234375,89.4245834350586,10.01956844329834,3.132021188735962,101153.78125,0.005217151250690222,163.6265106201172,155.7526397705078,230.01661682128906,106.1842041015625,9.89725399017334,8.712430000305176,8.966092109680176,2.5509328842163086,8.314217567443848,1.5466054677963257,9.18398380279541,14.874897956848145,11.583984375,7.915922164916992,999.0,-31.85581398010254,-4.263269901275635,1.2491737604141235,103.75613403320312,4.2557373046875,10.553603172302246,8.88253116607666,299.4463806152344,2.8978826999664307,2.861010789871216,0.2815043032169342,2.6324644088745117,0.9054718017578125,0.29812368750572205,299.2287902832031,0.8800005316734314,99.99999237060547,0.0,101144.5859375,299.4458923339844,0.000335693359375,0.5057982802391052,0.3408183157444,0.65167236328125,0.013593549840152264,4.923978328704834,0.027229683473706245
2022-01-22,10.7,44.6,0.022,7,5,-28.005,44.733333333333334,7.4,10.9,3.5,1,22,37.5,0.0,40.61631393432617,2055.40576171875,0.0,0.06599999964237213,0.0,0.0,0.0,0.0,34.775821685791016,2.347412109375,0.0,0.0,0.6130720973014832,35.290401458740234,25.976633071899414,-0.511941134929657,0.09249893575906754,-6.751822070327762e-07,-12.8488130569458,9.356983184814453,-10.914616584777832,-10.810647010803223,8.056727409362793,7.979468822479248,294.5947265625,297.2765808105469,1.181343674659729,0.001674977014772594,0.9921646118164062,271.4600524902344,7.295409679412842,208.27880859375,124.8249282836914,11.89294719696045,7.25976037979126,101740.7109375,0.016773974522948265,142.0908660888672,231.056884765625,114.94839477539062,293.5278015136719,8.81812572479248,7.4027791023254395,10.336852073669434,6.447860240936279,9.199284553527832,5.812082767486572,13.74803638458252,26.89394187927246,4.740213871002197,6.52794885635376,999.0,-3.5995991230010986,4.655496597290039,0.9363105297088623,126.23725128173828,13.292399406433105,8.880081176757812,7.624395370483398,298.5287170410156,3.7994911670684814,2.0010128021240234,3.1981098651885986,1.7127996683120728,1.2911605834960938,0.09133657068014145,298.3955383300781,0.8800005316734314,99.99999237060547,0.0,101740.9765625,298.52862548828125,0.0017191568622365594,0.5825219750404358,0.2800515592098236,0.3164825439453125,0.03068467043340206,3.351581573486328,0.04838161543011665
2022-01-23,11.0,43.9,-0.015,7,5,-29.881666666666668,40.666666666666664,7.4,10.9,3.5,1,23,33.5,0.0,31.61663818359375,4907.58740234375,0.0,0.06599999964237213,0.0,0.0,0.0,0.0,34.738136291503906,0.30442073941230774,0.0,0.0,0.566776692867279,35.629730224609375,23.176652908325195,-0.2351384311914444,0.16971948742866516,-1.6121121859669074e-07,-13.525317192077637,4.017267227172852,-11.576397895812988,-11.4862642288208,3.5176265239715576,3.4891040325164795,291.05059814453125,296.1524353027344,1.1932028532028198,0.001544814556837082,0.846893310546875,271.46002197265625,7.699975490570068,187.453857421875,105.4433364868164,12.209136009216309,7.011074066162109,102328.8203125,0.015186748467385769,132.6680145263672,187.22308349609375,134.62831115722656,259.0564880371094,9.859790802001953,8.150774955749512,10.828478813171387,6.240681171417236,9.848710060119629,5.6380615234375,17.234445571899414,18.81215476989746,4.433207035064697,7.127386093139648,999.0,-3.87713623046875,4.505669116973877,0.959901750087738,106.53955078125,12.36529541015625,13.413627624511719,8.398991584777832,296.6044006347656,4.095594882965088,3.0332844257354736,2.7316997051239014,2.2619833946228027,1.9131265878677368,0.11443710327148438,296.4930114746094,0.8800005316734314,99.99999237060547,0.0,102330.7890625,296.6041259765625,0.0,0.6215969920158386,0.2804831564426422,0.27014032006263733,0.014805354177951813,2.843003511428833,0.027301684021949768
2022-01-24,11.3,42.6,-0.071,5,4,-31.631666666666668,35.583333333333336,7.4,10.9,3.5,1,24,30.0,0.0,19.390975952148438,2390.407470703125,0.0,0.06599999964237213,0.0,0.0,0.0,0.0,34.78135299682617,2.0885026454925537,0.0,0.0,0.7060130834579468,35.54929733276367,24.355154037475586,0.027364961802959442,-0.16401538252830505,2.500214293377212e-07,-7.771816253662109,-6.696596622467041,-6.965334415435791,-6.8667988777160645,-5.933015823364258,-5.850667476654053,291.13238525390625,297.0876770019531,1.1867507696151733,0.0013320845318958163,0.8149185180664062,271.4598083496094,5.618031978607178,102.3016357421875,50.53371047973633,9.905537605285645,4.771735668182373,101981.9375,0.010484392754733562,88.6043472290039,86.77020263671875,224.8571014404297,189.45997619628906,8.990996360778809,7.598896026611328,9.108885765075684,4.247949600219727,8.560988426208496,3.8610432147979736,9.172831535339355,12.740214347839355,4.569905757904053,6.619002819061279,999.0,-3.7984111309051514,4.101969242095947,0.9681322574615479,48.652496337890625,9.311259269714355,10.095474243164062,7.8611626625061035,297.6933898925781,2.9819557666778564,2.6881000995635986,1.2584127187728882,2.3370158672332764,1.2612253427505493,0.1182149276137352,297.4670715332031,0.8800005316734314,99.99999237060547,0.0,101976.59375,297.6935119628906,0.0,0.7393872737884521,0.6691398024559021,0.30639520287513733,0.012126167304813862,3.4727847576141357,0.02952626906335354
2022-01-25,11.6,42.6,-0.107,4,4,-33.31166666666667,30.5,7.4,10.9,3.5,1,25,34.0,0.0,28.428863525390625,3871.957763671875,0.0,0.06599999964237213,0.0,0.0,0.0,0.0,34.78194808959961,1.4164371490478516,0.0,0.0,0.9693923592567444,35.42140197753906,25.18425178527832,-0.04012481868267059,0.16519202291965485,5.784817744824977e-07,1.4308382272720337,1.4691461324691772,1.3617960214614868,1.307273268699646,1.5664030313491821,1.4613431692123413,294.8045349121094,298.0067443847656,1.1747969388961792,0.0008469343301840127,0.4939320981502533,271.4600524902344,4.727357387542725,77.87158203125,229.85203552246094,9.470440864562988,2.263252019882202,101520.9609375,0.004619853105396032,77.7024154663086,64.35961151123047,229.7218780517578,231.24090576171875,9.435579299926758,8.266345024108887,8.360481262207031,1.9983409643173218,7.693512439727783,1.6146444082260132,8.845829963684082,12.968994140625,8.77734375,7.512929916381836,999.0,-25.882080078125,-1.952445387840271,1.274553894996643,226.4832763671875,3.8906047344207764,11.84372329711914,8.428088188171387,298.2573547363281,2.5705947875976562,2.562708854675293,0.13946533203125,2.1141462326049805,1.1975479125976562,0.7198448181152344,298.24346923828125,0.8800005316734314,99.99999237060547,0.0,101497.71875,298.2576599121094,0.008015950210392475,0.9904361367225647,1.25589120388031,0.37046560645103455,0.005263527389615774,2.7281904220581055,0.018437480553984642
2022-01-26,12.2,42.3,-0.172,5,4,-34.68833333333333,24.4,7.4,10.9,3.5,1,26,31.5,0.0,10.801020622253418,131.50006103515625,0.0,0.06599999964237213,0.0,0.0,0.0,0.0,34.79472351074219,9.691568374633789,0.0,0.0,-0.23853203654289246,35.21183395385742,17.53545570373535,-0.3213857412338257,-0.1400882750749588,-3.236909378756536e-06,-7.898010730743408,4.046773433685303,-6.1740875244140625,-6.229889392852783,3.2851245403289795,3.326676607131958,289.9546203613281,293.3714599609375,1.199087142944336,0.0011298455065116286,0.0057779946364462376,271.4599609375,4.194277286529541,192.180419921875,116.66622924804688,9.594346046447754,3.461305856704712,101625.4140625,0.0075891646556556225,180.7070770263672,228.3174285888672,102.69400787353516,129.8092803955078,9.003545761108398,7.383166790008545,8.535154342651367,3.10111403465271,7.800009250640869,2.822474241256714,10.8035306930542,8.281697273254395,8.089497566223145,6.250804424285889,126.0,-3.8031818866729736,3.4720218181610107,0.9810280799865723,116.18311309814453,6.619974613189697,11.780653953552246,7.729679584503174,292.9027099609375,2.2351009845733643,2.115100622177124,0.6780548095703125,1.5719246864318848,1.0268936157226562,0.9020779728889465,292.7797546386719,0.8800005316734314,99.99999237060547,0.0,101630.3984375,292.9029235839844,0.0,0.9076676368713379,0.8582678437232971,0.3152618408203125,0.004300316330045462,5.027546405792236,0.0162007138133049
2022-01-27,11.2,41.1,-0.107,3,3,-34.87833333333333,19.316666666666666,7.4,10.9,3.5,1,27,28.0,0.0,22.02546501159668,121.15638732910156,0.0,0.06599999964237213,0.0,0.0,0.0,0.0,34.4277229309082,8.899274826049805,0.0,0.0,-0.2608676254749298,35.256858825683594,21.808197021484375,-0.3687097430229187,0.11031977087259293,-1.3199716875078593e-07,-1.8274186849594116,3.3089637756347656,-1.505889892578125,-1.5120805501937866,3.1097099781036377,3.022106885910034,288.8999938964844,293.32806396484375,1.1944597959518433,0.0010153645416721702,0.35732778906822205,271.4598083496094,3.0137360095977783,209.9646453857422,164.19773864746094,8.598081588745117,2.712129831314087,101321.9453125,0.005038572940975428,205.7520751953125,227.34107971191406,104.76021575927734,174.142578125,8.229449272155762,6.736478328704834,7.4918694496154785,2.462172508239746,6.76793909072876,2.265314817428589,9.04818344116211,6.0474853515625,11.065144538879395,5.71874475479126,135.0,-2.9918620586395264,2.702969789505005,0.9825899600982666,165.55955505371094,5.544657230377197,10.45083999633789,7.080088138580322,293.7106628417969,1.6038422584533691,1.5461639165878296,0.3816935122013092,1.3184503316879272,0.624847412109375,0.382232666015625,293.50958251953125,0.8800005316734314,99.99999237060547,0.0,101353.2734375,293.7107238769531,0.0,0.8111779689788818,0.7118478417396545,0.3077150881290436,0.002941648242995143,4.681296348571777,0.014763091690838337
2022-01-28,11.4,42.4,-0.092,5,3,-33.24333333333333,13.216666666666667,7.4,10.9,3.5,1,28,31.5,0.0,28.858585357666016,4196.01025390625,0.0,0.06599999964237213,0.0,0.0,0.0,0.0,34.78722381591797,1.2885761260986328,0.0,0.0,-0.03405950963497162,35.57087326049805,21.152307510375977,-0.029667746275663376,-0.22128379344940186,2.0045483495323424e-07,-2.600733995437622,7.965456008911133,-2.4151527881622314,-2.331401824951172,7.351298809051514,7.146768093109131,287.9577941894531,292.5484924316406,1.205788493156433,0.0012941217282786965,0.9282429814338684,271.4600830078125,4.27980375289917,216.9377899169922,164.4258575439453,9.205328941345215,4.103579044342041,101828.6484375,0.009496591053903103,207.18365478515625,219.2205047607422,245.014404296875,188.5851593017578,8.26688289642334,6.675003528594971,8.164313316345215,3.6531059741973877,7.519964694976807,3.320714235305786,9.105324745178223,12.096150398254395,11.277241706848145,5.701655864715576,999.0,-3.65142822265625,4.1332783699035645,0.9577646255493164,162.59654235839844,8.223835945129395,10.370417594909668,6.989935398101807,294.138671875,2.2714850902557373,2.0454201698303223,0.9694163203239441,1.998056411743164,0.4830169677734375,0.28922781348228455,293.9358215332031,0.8800005316734314,99.99999237060547,0.0,101830.0234375,294.1392517089844,0.0,0.6316586136817932,0.5007838010787964,0.32189688086509705,0.005066434387117624,2.594343662261963,0.022563820704817772
2022-01-29,11.2,42.8,-0.063,5,4,-31.496666666666666,8.133333333333333,7.4,10.9,3.5,1,29,31.0,0.0,24.34612274169922,4422.72509765625,0.0,0.06599999964237213,0.0,0.0,0.0,0.0,34.766361236572266,1.1382911205291748,0.0,0.0,0.1562454253435135,35.757118225097656,21.716474533081055,0.08733022212982178,-0.3179311454296112,1.2745797448587837e-06,-3.8988494873046875,7.1947340965271,-3.707892656326294,-3.552380323410034,6.840776443481445,6.566188812255859,287.2093505859375,292.4682312011719,1.2082659006118774,0.00124991440679878,1.018536925315857,271.4599304199219,3.9318058490753174,200.0695343017578,149.7541961669922,9.45657730102539,3.851686716079712,102001.0625,0.008544809184968472,189.5175323486328,211.75341796875,155.177001953125,244.2544708251953,8.534926414489746,6.822721481323242,8.321989059448242,3.4291880130767822,7.556600570678711,3.1210174560546875,10.08868408203125,7.608968257904053,10.453776359558105,5.731415271759033,962.0,-3.213592529296875,3.9988582134246826,0.9445213675498962,150.99887084960938,7.790975093841553,11.41281509399414,7.184293270111084,294.8030700683594,2.082235336303711,1.8736521005630493,0.8493092656135559,1.7118326425552368,0.7395274043083191,0.33406829833984375,294.6195983886719,0.8800005316734314,99.99999237060547,0.0,102002.3671875,294.8033447265625,0.0,0.6784269213676453,0.5447607040405273,0.33750152587890625,0.004979332443326712,4.265392780303955,0.016276493668556213
2022-01-30,11.6,42.2,-0.112,5,3,-29.423333333333332,3.05,7.4,10.9,3.5,1,30,31.0,0.0,19.496854782104492,3783.411865234375,0.0,0.06599999964237213,0.0,0.0,0.0,0.0,34.855438232421875,1.8685492277145386,0.0,0.0,0.13231396675109863,35.965206146240234,22.238691329956055,-0.029748769477009773,0.09195085614919662,1.9299828579733003e-07,-6.208888530731201,7.489133358001709,-5.5197272300720215,-5.43467903137207,6.680149555206299,6.575961589813232,289.8746643066406,294.8529357910156,1.1948028802871704,0.0013163797557353973,0.7416788935661316,271.4601745605469,3.3515732288360596,160.41726684570312,139.3310089111328,7.970351696014404,4.4260125160217285,101898.7578125,0.00954754464328289,147.60299682617188,151.2557830810547,238.77830505371094,246.5345916748047,6.582645893096924,5.38254976272583,7.046896457672119,3.93095326423645,6.464254379272461,3.5635478496551514,7.709676265716553,10.11492919921875,9.838093757629395,4.700114727020264,999.0,-3.5618693828582764,4.265298843383789,0.9533393979072571,140.15147399902344,8.597147941589355,6.979386806488037,5.652811050415039,295.4745178222656,1.7483000755310059,1.3624998331069946,1.0919698476791382,1.090072512626648,0.6945622563362122,0.3492330014705658,295.2136535644531,0.8800005316734314,99.99999237060547,0.0,101903.59375,295.4747009277344,0.0,0.7792314887046814,0.7399151921272278,0.3279329836368561,0.012961586005985737,2.133380889892578,0.038086406886577606
2022-01-31,11.4,41.3,-0.123,5,4,-27.283333333333335,-0.0,7.4,10.9,3.5,1,31,28.0,0.0,19.59081268310547,4957.681640625,0.0,0.06599999964237213,0.0,0.0,0.0,0.0,34.881500244140625,1.950135350227356,0.0,0.0,0.10587641596794128,35.97929763793945,22.8653621673584,-0.10311691462993622,-0.00026642935699783266,-3.071532148624101e-07,-2.6259822845458984,2.8122050762176514,-2.5698001384735107,-2.4309756755828857,2.8063480854034424,2.6333858966827393,290.2309875488281,295.2371520996094,1.1876147985458374,0.0008944117580540478,0.6881001591682434,271.4600524902344,4.074712753295898,167.781005859375,115.6670150756836,10.203878402709961,2.725064516067505,101413.7734375,0.003880070522427559,167.1437530517578,153.2340087890625,191.0657958984375,317.9782409667969,10.102396965026855,8.687575340270996,8.980228424072266,2.285872459411621,8.145886421203613,1.5713348388671875,9.80978012084961,10.83697509765625,10.635844230651855,7.6178507804870605,999.0,-6.345062255859375,-0.15601475536823273,1.0381150245666504,143.65696716308594,4.339395999908447,11.62106704711914,8.9559907913208,296.3221740722656,2.208564519882202,2.1929941177368164,0.2025400847196579,1.6467293500900269,1.4111913442611694,0.31604257225990295,296.1564636230469,0.8800005316734314,99.99999237060547,0.0,101413.8671875,296.3226013183594,0.0,0.8386456966400146,0.9165542721748352,0.5325546264648438,0.0044280714355409145,3.2536919116973877,0.01670887880027294
2022-02-01,11.8,41.7,-0.154,3,3,-24.916666666666668,-5.083333333333333,7.4,10.9,3.5,2,1,30.6,0.0,18.203218460083008,4939.01123046875,0.0,0.06599999964237213,0.0,0.0,0.0,0.0,34.881690979003906,1.9620416164398193,0.0,0.0,0.19035698473453522,36.14045333862305,24.00514030456543,-0.06446157395839691,0.21152175962924957,2.96000365551663e-07,-2.019007921218872,1.7498677968978882,-2.0199954509735107,-1.8773866891860962,1.7860437631607056,1.6445350646972656,290.4976806640625,296.1439514160156,1.1842906475067139,0.0008398909121751785,0.6626256108283997,271.4600524902344,3.8941707611083984,186.95127868652344,101.6731948852539,10.729034423828125,2.7409231662750244,101470.4140625,0.003313945373520255,186.23455810546875,213.5390167236328,123.00457763671875,323.6419982910156,10.660370826721191,9.053409576416016,9.247796058654785,2.1924679279327393,8.234122276306152,1.191314697265625,12.313278198242188,8.254353523254395,10.08135986328125,7.8912882804870605,999.0,-6.238942623138428,-1.5124601125717163,1.0394171476364136,140.56581115722656,3.7127482891082764,13.444167137145996,9.34233283996582,297.1875,2.1169304847717285,2.1078450679779053,0.12762451171875,1.6027179956436157,1.320648193359375,0.31566110253334045,297.1772155761719,0.8800005316734314,99.99999237060547,0.0,101471.6953125,297.18768310546875,0.0,0.7270150780677795,0.43959125876426697,0.6709238886833191,0.002683483064174652,3.4427993297576904,0.011820982210338116
2022-02-02,11.6,41.9,-0.124,3,3,-22.37,-9.15,7.4,10.9,3.5,2,2,31.0,0.0,12.250264167785645,4228.83349609375,0.0,0.06599999964237213,0.0,0.0,0.0,0.0,34.880252838134766,2.0152204036712646,0.0,0.0,0.062207143753767014,36.342960357666016,25.024803161621094,-0.1157924234867096,-0.03351848945021629,-2.3335621790465666e-07,-2.6535117626190186,2.4661471843719482,-2.7133846282958984,-2.5079803466796875,2.4566256999969482,2.3081748485565186,289.7841491699219,297.0577392578125,1.1807068586349487,0.0007995287887752056,0.6660029292106628,271.46002197265625,3.731849431991577,188.3748321533203,109.95797729492188,10.922616004943848,2.415463447570801,101482.65625,0.0026877440977841616,188.08180236816406,216.38490295410156,115.25867462158203,329.4131774902344,10.863636016845703,9.478190422058105,9.698100090026855,2.0165951251983643,8.69536304473877,1.3358865976333618,12.207218170166016,8.448486328125,11.179240226745605,8.241678237915039,999.0,-3.497711181640625,-1.1495546102523804,1.0135082006454468,129.9446563720703,3.2734577655792236,12.79190444946289,9.786747932434082,297.928466796875,2.035266637802124,2.0280134677886963,0.1281331330537796,1.5938957929611206,1.1659494638442993,0.38079580664634705,297.7242736816406,0.8800005316734314,99.99999237060547,0.0,101484.53125,297.9280090332031,0.0,0.7278633713722229,0.5763182044029236,0.5200513005256653,0.003943560179322958,5.100569248199463,0.01244246494024992
2022-02-03,11.6,42.7,-0.107,4,3,-19.801666666666666,-14.233333333333333,7.4,10.9,3.5,2,3,31.5,0.0,12.318840980529785,3687.240234375,0.0,0.06599999964237213,0.0,0.0,0.0,0.0,34.89070510864258,1.9471461772918701,0.0,0.0,0.03428478538990021,36.8424072265625,25.533546447753906,-0.09690125286579132,-0.14549262821674347,3.085634432409279e-07,-3.9217422008514404,1.117867112159729,-3.947880983352661,-3.6866397857666016,1.1458473205566406,1.0626029968261719,291.5873718261719,297.38946533203125,1.179275393486023,0.0008484973222948611,0.6863810420036316,271.4600524902344,3.0350401401519775,175.0139617919922,103.56751251220703,9.96009635925293,2.060584783554077,101578.4140625,0.0022007303778082132,174.40501403808594,210.27284240722656,115.38882446289062,344.6475524902344,9.8928861618042,8.67582893371582,8.9389009475708,1.8631528615951538,8.127346992492676,1.6222330331802368,11.025337219238281,8.485188484191895,9.71661376953125,7.553647518157959,999.0,-1.7708638906478882,0.8486201167106628,1.0021387338638306,108.25933074951172,3.8399250507354736,11.73154067993164,8.978416442871094,298.5633850097656,1.6519150733947754,1.6448205709457397,0.1383056640625,1.2123661041259766,1.0149993896484375,0.4686788022518158,298.3339538574219,0.8800005316734314,99.99999237060547,0.0,101572.46875,298.563232421875,0.0,0.865811288356781,0.7113907933235168,0.3440132141113281,0.0032417376060038805,4.626187324523926,0.011990461498498917
2022-02-04,11.8,42.3,-0.128,4,3,-15.766666666666667,-15.25,7.4,10.9,3.5,2,4,31.0,0.0,16.72728157043457,3479.842041015625,0.0,0.06599999964237213,0.0,0.0,0.0,0.0,34.896331787109375,2.3436007499694824,0.0,0.0,-0.0075301616452634335,37.076663970947266,25.56805419921875,-0.2242937535047531,0.009342855773866177,5.009634378438932e-07,-5.702392578125,2.0214767456054688,-5.430342197418213,-5.226901531219482,1.9425970315933228,1.8671869039535522,290.9226379394531,297.7672424316406,1.176263689994812,0.0010330844670534134,0.7048416137695312,271.4599304199219,2.9609668254852295,169.38308715820312,110.4208984375,9.092912673950195,2.767951726913452,101484.0,0.004840866196900606,163.92210388183594,203.97637939453125,123.57220458984375,316.14837646484375,8.691118240356445,7.022250652313232,7.931582927703857,2.513411521911621,7.082651615142822,2.3227031230926514,10.451688766479492,7.810140132904053,8.59124755859375,5.810308456420898,999.0,-2.5654804706573486,2.9909706115722656,0.9675816893577576,110.0615234375,5.771830081939697,10.674675941467285,7.445978164672852,298.8101501464844,1.5717920064926147,1.5187870264053345,0.3881429135799408,1.0601786375045776,0.9341456294059753,0.5547701716423035,298.4560852050781,0.8800005316734314,99.99999237060547,0.0,101484.6484375,298.8097839355469,0.0,0.8760047554969788,0.8292524814605713,0.2977651059627533,0.0037109453696757555,4.413451671600342,0.01387804839760065
2022-02-05,11.5,41.4,-0.13,4,3,-11.211666666666666,-16.266666666666666,7.4,10.9,3.5,2,5,30.5,0.0,23.04888916015625,3741.312255859375,0.0,0.06599999964237213,0.0,0.0,0.0,0.0,34.892826080322266,2.0541930198669434,0.0,0.0,-0.02555590309202671,36.56290817260742,26.35784339904785,-0.0958082377910614,-0.0741504654288292,-4.624967289146298e-07,-5.484399795532227,2.2111752033233643,-5.266286373138428,-5.056490421295166,2.138526201248169,2.0499279499053955,291.6673278808594,298.6697082519531,1.1715279817581177,0.001048583653755486,0.7249552607536316,271.46002197265625,2.793475866317749,159.40818786621094,111.93994903564453,8.577095031738281,2.802273750305176,101324.5859375,0.005192187149077654,152.8748321533203,148.23081970214844,173.4320068359375,301.0058898925781,8.13341999053955,6.427548885345459,7.303413391113281,2.5423319339752197,6.5101704597473145,2.347747802734375,7.762324810028076,8.899800300598145,8.368611335754395,5.3636040687561035,999.0,-2.810577392578125,3.11164927482605,0.9721511006355286,112.34300994873047,5.917826175689697,9.965457916259766,6.817505359649658,299.43359375,1.4750341176986694,1.4138951301574707,0.4037373960018158,0.9638015627861023,0.8533452153205872,0.5968602299690247,299.1048889160156,0.8800005316734314,99.99999237060547,0.0,101328.2578125,299.4338073730469,0.0,0.926197350025177,0.8290324211120605,0.2816708981990814,0.004840095993131399,4.63948392868042,0.014661177061498165
2022-02-06,11.8,41.5,-0.155,5,3,-6.528333333333333,-17.283333333333335,7.4,10.9,3.5,2,6,30.0,0.0,31.103256225585938,4300.029296875,0.0,0.06599999964237213,0.0,0.0,0.0,0.0,34.749691009521484,0.9873958826065063,0.0,0.0,0.02140268124639988,36.05532455444336,27.4976863861084,-0.02982480265200138,0.09383691102266312,2.0305471082338045e-07,-5.410420894622803,5.896374225616455,-5.001681804656982,-4.8675923347473145,5.482625484466553,5.335592746734619,294.148193359375,299.694091796875,1.1648436784744263,0.0012237163027748466,0.8063023686408997,271.4601135253906,2.834421396255493,158.57652282714844,136.51344299316406,8.686574935913086,3.763190984725952,101209.3203125,0.007818598300218582,147.20846557617188,173.77256774902344,187.13047790527344,244.4677276611328,7.290853500366211,5.472433567047119,7.182241439819336,3.3602540493011475,6.314079284667969,3.0617167949676514,8.490645408630371,8.9483642578125,11.88653564453125,4.604708671569824,999.0,-3.18524169921875,4.061470031738281,0.945098340511322,137.4556427001953,7.507527828216553,11.425480842590332,5.840500354766846,300.5152893066406,1.4940837621688843,1.2581430673599243,0.7870890498161316,0.8819459080696106,0.6815821528434753,0.5604159235954285,300.24188232421875,0.8800005316734314,99.99999237060547,0.0,101209.9296875,300.5155944824219,0.0,0.7652473449707031,0.7498802542686462,0.290435791015625,0.0019371038069948554,2.139477491378784,0.011978782713413239
2022-02-07,11.5,40.3,-0.155,5,3,-2.013333333333333,-18.3,7.4,10.9,3.5,2,7,28.200000000000003,0.0,19.2475643157959,4923.8271484375,0.0,0.06599999964237213,0.0,0.0,0.0,0.0,34.75880432128906,0.8506951928138733,0.0,0.0,0.022301018238067627,35.54625701904297,27.478025436401367,-0.40466487407684326,0.11013199388980865,5.475556577039242e-07,-5.142068862915039,5.11257791519165,-4.71427583694458,-4.5964035987854,4.676334381103516,4.560548782348633,296.4094543457031,299.1087341308594,1.1634397506713867,0.0011230575619265437,0.6831843256950378,271.4600830078125,3.0702152252197266,155.396484375,133.33895874023438,8.113062858581543,3.2982046604156494,101116.2421875,0.006794176530092955,150.5103302001953,144.61741638183594,322.9327087402344,179.34954833984375,7.45374059677124,5.918976306915283,6.931142807006836,2.9657938480377197,6.313106536865234,2.7197163105010986,6.562515735626221,10.904500007629395,11.592143058776855,5.082454204559326,999.0,-3.4633586406707764,3.4697391986846924,0.9813966751098633,133.25787353515625,6.72662353515625,8.629520416259766,6.224267959594727,299.9894104003906,1.613216519355774,1.4890488386154175,0.588104248046875,1.2512656450271606,0.6934890747070312,0.40771737694740295,299.9411315917969,0.8800005316734314,99.99999237060547,0.0,101118.4140625,299.9891357421875,0.0006612141733057797,0.8031942844390869,0.6730570793151855,0.3012237548828125,0.008031089790165424,2.150333881378174,0.026456890627741814
2022-02-08,11.3,40.1,-0.148,4,2,2.461666666666667,-18.3,7.4,10.9,3.5,2,8,28.0,0.0,19.533981323242188,5091.791015625,0.0,0.06599999964237213,0.0,0.0,0.0,0.0,34.840206146240234,1.703498363494873,0.0,0.0,0.04546323046088219,34.33652877807617,28.896669387817383,-0.2501062750816345,0.38392728567123413,4.903253625343496e-07,-3.371562957763672,1.2356687784194946,-3.484198808670044,-3.1983883380889893,1.2814565896987915,1.1775888204574585,296.0115051269531,299.3997497558594,1.1618443727493286,0.0008246931829489768,0.7315419316291809,271.4600524902344,2.5753512382507324,173.8302001953125,87.96106719970703,8.51806354522705,2.5356621742248535,101088.5234375,0.00254467292688787,173.18455505371094,156.58230590820312,321.6123046875,340.4071350097656,8.47763729095459,7.082500457763672,7.20859956741333,2.0351803302764893,6.4884772300720215,1.1088968515396118,6.9225945472717285,11.119465827941895,6.125386714935303,6.243503093719482,999.0,-3.4374492168426514,0.5327720642089844,1.0219706296920776,110.31624603271484,3.5632731914520264,10.837700843811035,7.3141303062438965,301.5323791503906,1.3841527700424194,1.3798993825912476,0.0830485001206398,1.1122490167617798,0.6558278203010559,0.46163177490234375,301.2425842285156,0.8800005316734314,99.99999237060547,0.0,101093.0859375,301.5325622558594,0.012105305679142475,1.005799651145935,1.0249947309494019,0.6335601806640625,0.0022689898032695055,2.2224156856536865,0.012777579016983509
2022-02-09,11.2,40.5,-0.126,3,2,6.8933333333333335,-19.316666666666666,7.4,10.9,3.5,2,9,29.0,0.0,10.463024139404297,4329.447265625,0.0,0.06599999964237213,0.0,0.0,0.0,0.0,34.88273620605469,2.062518835067749,0.0,0.0,-0.01611906848847866,35.29240417480469,28.610139846801758,-0.11154607683420181,-0.09814446419477463,1.2852178770117462e-06,-1.1623071432113647,-1.4734052419662476,-1.2192624807357788,-1.0934925079345703,-1.6419893503189087,-1.4559739828109741,295.8834533691406,299.9299621582031,1.1613408327102661,0.0007390257087536156,0.5808258056640625,271.4599914550781,2.586412191390991,255.03564453125,38.680419921875,9.534956932067871,3.2755911350250244,101091.6953125,0.0017647421918809414,255.16175842285156,205.74957275390625,295.7672424316406,349.5558166503906,9.530664443969727,7.91838264465332,7.936550617218018,2.3183023929595947,7.048440933227539,0.365692138671875,8.181782722473145,9.340800285339355,7.056925296783447,7.005105972290039,999.0,-3.719024658203125,-1.6665083169937134,1.0235815048217773,55.562774658203125,2.6216633319854736,11.211073875427246,8.141173362731934,300.9549865722656,1.3995013236999512,1.399146556854248,0.01605224609375,0.9606547355651855,0.8000819087028503,0.6073926091194153,300.84564208984375,0.8800005316734314,99.99999237060547,0.0,101093.3359375,300.9551086425781,0.00048828125,1.171779990196228,1.164367914199829,1.1014518737792969,0.0018900632858276367,2.001140594482422,0.011757123284041882
2022-02-10,10.8,40.1,-0.097,5,3,11.175,-20.333333333333332,7.4,10.9,3.5,2,10,28.3,0.0,10.459222793579102,4881.134765625,0.0,0.06599999964237213,0.0,0.0,0.0,0.0,34.90024185180664,1.9503130912780762,0.0,0.0,-0.08761222660541534,35.273502349853516,25.562850952148438,-0.12563148140907288,-0.022089403122663498,3.8374778910110763e-07,-3.698498487472534,-4.157119274139404,-3.129589796066284,-3.037456512451172,-3.7829017639160156,-3.658381700515747,292.7997131347656,298.7302551269531,1.167120337486267,0.0009941168827936053,0.5210139155387878,271.4599914550781,2.872061014175415,4.091126918792725,39.61925506591797,9.581597328186035,2.436062812805176,101020.125,0.003860480384901166,6.908396244049072,124.66876220703125,217.87530517578125,282.2825622558594,9.342695236206055,7.302011013031006,7.858570098876953,2.200941801071167,6.976716995239258,1.9611612558364868,7.0615997314453125,8.776509284973145,12.36199951171875,6.133333206176758,999.0,-2.6483967304229736,2.59382700920105,0.9809847474098206,38.16740036010742,5.334330081939697,14.09878921508789,7.6736884117126465,299.041015625,1.534226417541504,1.507032871246338,0.2598978579044342,1.0921026468276978,0.7752685546875,0.7006276249885559,298.6374816894531,0.8800005316734314,99.99999237060547,0.0,101027.8828125,299.04132080078125,0.0019022623309865594,1.074083685874939,0.8926811814308167,0.33003363013267517,0.0011633634567260742,2.0705926418304443,0.008108286187052727
2022-02-11,10.8,40.6,-0.079,7,5,15.418333333333333,-20.333333333333332,7.4,10.9,3.5,2,11,30.7,0.0,26.743669509887695,3772.232666015625,0.0,0.06599999964237213,0.0,0.0,0.0,0.0,34.939613342285156,2.411320686340332,0.0,0.0,-0.11478409916162491,35.82450485229492,23.95785903930664,-0.07956194877624512,0.1451261192560196,-4.293694360057998e-07,-9.866171836853027,-6.584627151489258,-7.038562297821045,-7.091599941253662,-5.031606674194336,-5.06881856918335,290.4719543457031,297.9914245605469,1.1739813089370728,0.0014122962020337582,0.1814473420381546,271.4599609375,4.2191009521484375,194.6746063232422,52.46123123168945,11.750411987304688,4.508002758026123,101323.9609375,0.011317004449665546,21.61031150817871,318.80072021484375,138.11671447753906,177.9653778076172,9.492773056030273,6.625129699707031,9.151405334472656,3.9974968433380127,7.764301776885986,3.61627197265625,14.933510780334473,9.07196044921875,9.570353507995605,5.437489986419678,999.0,-3.4871013164520264,4.40044641494751,0.9356918334960938,53.78154373168945,8.80145263671875,16.85222625732422,7.034727573394775,296.7430725097656,2.230032205581665,1.8460055589675903,1.21063232421875,1.5535097122192383,0.8170700073242188,0.4328880310058594,296.6617736816406,0.8800005316734314,99.99999237060547,0.0,101333.6953125,296.7427062988281,0.010976155288517475,0.7049723267555237,0.31412726640701294,0.29849496483802795,0.0008741294150240719,2.851303815841675,0.007776376325637102
2022-02-12,10.1,39.9,-0.032,6,4,19.16,-19.316666666666666,7.4,10.9,3.5,2,12,30.0,0.0,27.340381622314453,3152.949951171875,0.0,0.06599999964237213,0.0,0.0,0.0,0.0,34.97631072998047,2.531156539916992,0.0,0.0,-0.1495847851037979,36.12158966064453,21.858285903930664,0.060126010328531265,0.05907270684838295,3.039892817469081e-07,-6.418333053588867,-7.6113715171813965,-4.385870456695557,-4.388542175292969,-5.81652307510376,-5.811596393585205,289.4838562011719,295.2802429199219,1.1927837133407593,0.001221111393533647,0.09931691735982895,271.4601135253906,4.372623920440674,348.3824768066406,37.23484420776367,12.723292350769043,3.742922067642212,101791.6953125,0.009147261269390583,354.3033142089844,341.8204040527344,82.51641082763672,148.97979736328125,11.638482093811035,8.18564510345459,10.167091369628906,3.3265068531036377,8.439574241638184,3.023529052734375,14.59302806854248,5.536763668060303,7.693624019622803,6.306049346923828,999.0,-3.011322021484375,4.108606815338135,0.9280052185058594,37.519290924072266,7.2330322265625,15.919405937194824,8.820542335510254,294.7619323730469,2.3114240169525146,2.164635181427002,0.79583740234375,1.9759703874588013,0.7422637939453125,0.4794870913028717,294.64056396484375,0.8800005316734314,99.99999237060547,0.0,101785.90625,294.7621765136719,0.009613037109375,0.5748327374458313,0.26263728737831116,0.29839834570884705,0.0014856929192319512,4.194623947143555,0.00909451860934496
2022-02-13,9.8,40.5,0.022,6,4,22.755,-17.283333333333335,7.4,10.9,3.5,2,13,30.6,0.0,16.71737289428711,577.0234985351562,0.0,0.06599999964237213,0.0,0.0,0.0,0.0,35.30587387084961,10.230308532714844,0.0,0.0,-0.23560865223407745,36.705257415771484,19.41360855102539,-0.12004794180393219,-0.3945682644844055,5.421420610218775e-07,-6.055235385894775,-9.027270317077637,-4.847668170928955,-4.801229000091553,-7.419196605682373,-7.357234954833984,287.7653503417969,292.0460510253906,1.2083085775375366,0.0015128408558666706,0.6173909306526184,271.4601135253906,3.7911784648895264,341.7406005859375,30.66181755065918,10.423721313476562,4.464184761047363,101919.5078125,0.011395835317671299,120.33139038085938,338.0160827636719,256.2875671386719,194.2431182861328,8.158655166625977,6.014480113983154,8.773462295532227,3.9677321910858154,7.585048675537109,3.593317747116089,11.471455574035645,9.339924812316895,6.935811519622803,4.991909503936768,73.0,-3.3970744609832764,4.685556888580322,0.9111832976341248,32.898284912109375,9.024699211120605,13.148246765136719,6.406040191650391,292.25048828125,1.9977531433105469,1.5569815635681152,1.2355245351791382,1.3487930297851562,0.4182485044002533,0.12677764892578125,292.27593994140625,0.8800005316734314,99.99999237060547,0.0,101922.8515625,292.2508850097656,0.009287516586482525,0.527233898639679,0.3821837604045868,0.3568992614746094,0.0025385618209838867,3.9319639205932617,0.012069028802216053
2022-02-14,11.5,46.6,-0.004,6,4,26.813333333333333,-15.25,7.4,10.9,3.5,2,14,40.300000000000004,0.0,30.32630157470703,3007.703125,0.0,0.06599999964237213,0.0,0.0,0.0,0.0,35.09845733642578,3.4505813121795654,0.0,0.0,-0.2487068772315979,36.77629470825195,19.224016189575195,-0.18789303302764893,0.13948599994182587,-1.8600198927742895e-06,-6.479991436004639,-6.860076427459717,-5.822935581207275,-5.689095973968506,-6.135932445526123,-6.007585525512695,288.1947937011719,291.28692626953125,1.2164973020553589,0.001279629417695105,0.7841720581054688,271.4599914550781,2.6281259059906006,217.8389129638672,42.67724609375,7.8190131187438965,4.102083683013916,102309.3515625,0.008999447338283062,23.578636169433594,221.40235900878906,270.8912353515625,226.57752990722656,5.729483127593994,4.537594795227051,6.3906121253967285,3.655435562133789,5.58775520324707,3.322108030319214,8.023028373718262,11.1490478515625,8.38330078125,3.96787166595459,999.0,-3.284576416015625,4.19287109375,0.9430548548698425,45.019527435302734,7.9053955078125,7.706783294677734,4.830369472503662,292.6400146484375,1.3450593948364258,0.8686252236366272,1.0042062997817993,0.8431015610694885,0.37773895263671875,0.09683990478515625,292.455810546875,0.8800005316734314,99.99999237060547,0.0,102414.4921875,292.6399841308594,5.086262899567373e-05,0.5877512097358704,0.5896185636520386,0.33819451928138733,0.027557888999581337,3.0924408435821533,0.04618122801184654
2022-02-15,10.8,42.8,-0.025,6,4,30.921666666666667,-14.233333333333333,7.4,10.9,3.5,2,15,33.0,0.0,55.03619384765625,3082.15283203125,0.0,0.06599999964237213,0.0,0.0,0.0,0.0,35.07113265991211,3.0731518268585205,0.0,0.0,-0.2472904920578003,36.80070495605469,18.97670555114746,0.030069425702095032,0.13448452949523926,-1.641274849362162e-07,-6.546908855438232,-7.822887420654297,-5.937526702880859,-5.790462017059326,-7.149794101715088,-6.974302291870117,285.103271484375,290.1581115722656,1.2267531156539917,0.001459759660065174,0.9997787475585938,271.4600524902344,4.067089080810547,337.61712646484375,40.103736877441406,9.605835914611816,4.705111026763916,102754.2265625,0.011248081922531128,166.9271240234375,330.2228698730469,232.9989471435547,173.7916717529297,7.728384017944336,6.095021724700928,8.46436595916748,4.192977428436279,7.619699954986572,3.799199342727661,10.427862167358398,11.663044929504395,5.415730953216553,5.1931304931640625,989.0,-3.4953815937042236,4.596140384674072,0.9281970858573914,39.5645866394043,9.586955070495605,11.32138442993164,6.417877674102783,291.97265625,2.149456262588501,1.6696430444717407,1.3422139883041382,1.6233426332473755,0.2518106997013092,0.04468027874827385,291.8143615722656,0.8800005316734314,99.99999237060547,0.0,102762.2265625,291.9726867675781,0.003204345703125,0.5377057194709778,0.3287597894668579,0.36657968163490295,0.004274249076843262,3.378861665725708,0.016517799347639084
2022-02-16,9.8,42.0,0.053,6,4,34.696666666666665,-12.2,7.4,10.9,3.5,2,16,33.2,0.0,64.67974090576172,4477.0791015625,0.0,0.06599999219179153,0.0,0.0,0.0,0.0,34.91819381713867,2.089149236679077,0.0,0.0,-0.3143119812011719,36.55359649658203,17.313371658325195,-0.03761954978108406,0.17124691605567932,-4.4875127969135065e-07,-5.34035062789917,-5.158197402954102,-5.093005657196045,-4.881222248077393,-4.9494309425354,-4.745608806610107,282.06134033203125,288.6113586425781,1.2415531873703003,0.0011757825268432498,0.95037841796875,271.4599609375,3.9457943439483643,340.8102111816406,46.85274124145508,9.292177200317383,3.6181209087371826,103244.7734375,0.007898335345089436,348.55029296875,334.08056640625,174.10247802734375,180.37135314941406,8.597220420837402,6.940399646759033,8.21131420135498,3.236332654953003,7.465890884399414,2.9536845684051514,9.70792293548584,10.871317863464355,6.056396484375,5.842315196990967,996.0,-3.4283244609832764,3.8478119373321533,0.9625082612037659,46.40681457519531,7.067179203033447,10.78104019165039,7.296463489532471,290.5101623535156,2.0839593410491943,1.9479212760925293,0.7244720458984375,1.9240056276321411,0.21563465893268585,0.0521392822265625,290.2565002441406,0.8800005316734314,99.99999237060547,0.0,103240.7421875,290.5103759765625,2.0345052689663135e-05,0.5587887167930603,0.39040663838386536,0.2835032045841217,0.007999300956726074,5.630044937133789,0.017909342423081398
2022-02-17,12.9,50.8,-0.03,4,5,39.66166666666667,-11.183333333333334,7.4,10.9,3.5,2,17,52.199999999999996,0.0,87.3440933227539,5121.52099609375,0.0,0.06599999964237213,0.0,0.0,0.0,0.0,34.91265106201172,2.1197128295898438,0.0,0.0,-0.31535854935646057,35.97844314575195,15.23151969909668,-0.09964711219072342,-0.01697665825486183,-2.1088762025556207e-07,3.012591600418091,-0.04456774517893791,2.678054094314575,2.580895185470581,0.2354094237089157,0.21398289501667023,285.7460021972656,288.0926208496094,1.2360844612121582,0.0007823880296200514,0.2307484894990921,271.4599609375,5.192134380340576,313.0080261230469,245.24729919433594,12.251797676086426,2.739254951477051,102808.90625,0.002785981399938464,312.9579772949219,312.893310546875,206.28273010253906,162.43113708496094,12.234057426452637,10.816411018371582,10.897578239440918,2.1455421447753906,9.874286651611328,1.0219827890396118,12.270256042480469,13.157511711120605,2.7615559101104736,9.662850379943848,999.0,-7.755483150482178,-3.8892600536346436,1.0562316179275513,270.630615234375,3.13134765625,14.34146499633789,11.062134742736816,288.3852233886719,2.875333070755005,2.872541666030884,0.0854085311293602,2.911414861679077,0.08404541015625,0.012468974106013775,288.3096008300781,0.8800005316734314,99.99999237060547,0.0,102827.3046875,288.3849792480469,0.0,0.3099351227283478,0.26087960600852966,0.7220268249511719,0.0033205747604370117,4.1723151206970215,0.01394254807382822
2022-02-18,12.5,52.9,0.037,7,6,44.39833333333333,-8.133333333333333,7.4,10.9,3.5,2,18,53.4,0.0,94.26300048828125,4822.55419921875,0.0,0.06599999964237213,0.0,0.0,0.0,0.0,34.907798767089844,2.087610960006714,0.0,0.0,-0.2808101177215576,35.38554382324219,12.74769401550293,-0.05162033811211586,-0.05068287253379822,-3.4593657005643763e-07,10.167808532714844,-2.413902997970581,8.64709186553955,8.537346839904785,-2.569040298461914,-2.4415199756622314,278.95361328125,284.3927307128906,1.2453440427780151,0.001584045123308897,0.8383636474609375,271.4600524902344,9.425031661987305,295.98065185546875,289.94122314453125,12.65839672088623,5.997270107269287,102020.6875,0.015562945045530796,291.1730651855469,297.9792785644531,153.39105224609375,240.8607177734375,11.34776782989502,9.600464820861816,11.606253623962402,5.327854633331299,10.7966947555542,4.814412593841553,13.019153594970703,5.395101070404053,18.18570899963379,8.352269172668457,999.0,-4.599161624908447,4.210622310638428,0.9929117560386658,289.9766540527344,11.469828605651855,14.232434272766113,9.889847755432129,285.785400390625,5.078582763671875,4.5107808113098145,2.1490681171417236,4.512379169464111,0.28399404883384705,0.008982340805232525,285.6617431640625,0.8800005316734314,99.99999237060547,0.0,101989.5390625,285.7854919433594,0.03643798828125,0.46004989743232727,0.3177110254764557,0.3017336428165436,0.011141340248286724,5.33072566986084,0.025299711152911186
2022-02-19,9.2,46.0,0.191,9,6,47.63166666666667,-6.1,7.4,10.9,3.5,2,19,39.4,0.0,121.63880157470703,145.1063995361328,0.0,0.06599999964237213,0.0,0.0,0.0,0.0,35.646522521972656,11.856398582458496,0.0,0.0,-0.3620625138282776,35.5267448425293,11.837180137634277,0.06699617207050323,0.08796041458845139,1.3247076822153758e-06,12.748603820800781,1.9479713439941406,10.737162590026855,10.635339736938477,1.7370414733886719,1.7314205169677734,278.9080810546875,284.0945129394531,1.2486194372177124,0.001542328973300755,0.7309290766716003,271.4599304199219,9.315409660339355,289.1090393066406,266.0617370605469,12.21987247467041,6.095628261566162,102079.3203125,0.01528105791658163,282.6824951171875,291.3628234863281,86.3631362915039,216.201171875,11.079817771911621,9.46826171875,11.299072265625,5.376784801483154,10.627203941345215,4.844278812408447,12.407238960266113,5.222737789154053,22.95157814025879,8.27231502532959,148.0,-4.452117919921875,4.172153472900391,0.9914023280143738,262.4852294921875,11.394612312316895,13.62967300415039,9.742969512939453,284.9380187988281,5.034100532531738,4.475177764892578,2.1516010761260986,4.496585845947266,0.151611328125,0.0086453752592206,284.7662353515625,0.8800005316734314,99.99999237060547,0.0,102066.6875,284.9378356933594,0.0344441719353199,0.49437856674194336,0.33418789505958557,0.31437811255455017,0.008263151161372662,4.998997211456299,0.027491385117173195
2022-02-20,10.7,41.0,-0.06,7,5,49.77166666666667,-1.0166666666666666,7.4,10.9,3.5,2,20,28.3,0.0,43.69572067260742,43.82094955444336,0.0,0.06599999964237213,0.0,0.0,0.0,0.0,35.581336975097656,10.186692237854004,0.0,0.0,-0.16345474123954773,35.58727264404297,10.17934799194336,0.05058662220835686,-0.022170577198266983,5.438577318273019e-06,17.922245025634766,6.483433246612549,13.379432678222656,13.453335762023926,5.193693161010742,5.233295917510986,280.9841003417969,283.7967834472656,1.233528733253479,0.0023899234365671873,0.14547984302043915,271.4599304199219,7.08123779296875,273.7587585449219,255.9185028076172,8.476502418518066,7.101385593414307,101171.1875,0.023138366639614105,256.9465637207031,251.5278778076172,118.4961166381836,256.3645324707031,7.222393035888672,6.2812323570251465,6.727134704589844,6.233840465545654,5.8419270515441895,5.581298828125,25.801000595092773,13.006306648254395,4.095703125,5.6103596687316895,57.0,-3.5274455547332764,4.919018268585205,0.8911855220794678,250.05665588378906,15.66717529296875,8.360651969909668,6.487861156463623,282.850830078125,3.6696369647979736,0.7757599353790283,3.5766193866729736,0.7615082263946533,0.18901316821575165,0.0330708809196949,282.84405517578125,0.8800005316734314,99.99999237060547,0.0,101191.8359375,282.850830078125,0.02961222268640995,0.4719316065311432,0.20054525136947632,0.3328666687011719,0.03269755840301514,4.617088794708252,0.05548448860645294
2022-02-21,11.7,42.8,-0.107,9,6,52.71333333333333,3.05,7.4,10.9,3.5,2,21,31.2,0.0,27.477293014526367,27.80616569519043,0.0,0.06599999964237213,0.0,0.0,0.0,0.0,34.67757797241211,7.575090408325195,0.0,0.0,0.14482755959033966,34.67619323730469,7.569089412689209,0.09650905430316925,-0.005899088457226753,2.029158622463001e-06,16.335451126098633,-4.66532564163208,12.865848541259766,12.832561492919922,-3.364150285720825,-3.376446485519409,275.70721435546875,280.0156555175781,1.240782618522644,0.002433036221191287,0.5528004765510559,271.4600524902344,7.216732501983643,267.2543029785156,286.7081298828125,7.876095294952393,6.859502792358398,100104.8203125,0.024068402126431465,285.9619445800781,292.2958068847656,190.13340759277344,236.77313232421875,7.090919017791748,6.309854030609131,7.07925271987915,6.107863903045654,6.512268543243408,5.503061771392822,20.076627731323242,14.802632331848145,4.276570796966553,5.686351299285889,32.0,-4.322723388671875,5.048046112060547,0.9413132667541504,288.6097106933594,15.014180183410645,8.175084114074707,6.497724533081055,280.74169921875,3.7589473724365234,1.1880131959915161,3.5056660175323486,1.0988632440567017,0.3843790590763092,0.1426188200712204,280.5835876464844,0.8800005316734314,99.99999237060547,0.0,100102.03125,280.7417297363281,0.0355733223259449,0.5501672625541687,0.4963333308696747,0.3628946840763092,0.02703781984746456,5.571330547332764,0.05903175473213196
2022-02-22,9.8,45.1,0.121,6,5,55.96,6.1,7.4,10.9,3.5,2,22,37.2,0.0,43.50558853149414,43.44971466064453,0.0,0.06599999964237213,0.0,0.0,0.0,0.0,34.14379119873047,6.540001392364502,0.0,0.0,-0.318283349275589,34.15058517456055,6.53422212600708,-0.03172174096107483,0.12135040760040283,-2.151045691789477e-06,10.804489135742188,-2.2082741260528564,8.727959632873535,8.69901180267334,-1.708752989768982,-1.704633116722107,275.4993591308594,279.4154052734375,1.2494696378707886,0.0016301888972520828,0.37714385986328125,271.4599304199219,5.694723606109619,301.05731201171875,274.2710266113281,8.691800117492676,5.508786678314209,100587.8125,0.01459821593016386,302.3861389160156,299.7967224121094,182.4075927734375,220.6655731201172,7.616390705108643,6.569373607635498,7.770708084106445,4.90465784072876,7.193359375,4.443389892578125,13.11365795135498,10.675272941589355,9.103962898254395,5.854705333709717,46.0,-4.286224365234375,4.101799488067627,0.983619213104248,272.39031982421875,11.41766357421875,8.74618911743164,6.781712055206299,279.7099609375,2.999130964279175,1.7361420392990112,2.0445353984832764,1.7673897743225098,0.2243245393037796,0.0203679408878088,279.5866394042969,0.8800005316734314,99.99999237060547,0.0,100592.53125,279.7098083496094,0.124603271484375,0.5784873366355896,0.4361599385738373,0.3713442385196686,0.018639126792550087,4.016451358795166,0.04345755651593208
2022-03-04,12.6,51.5,0.008,5,3,55.25833333333333,5.083333333333333,20.5,20.5,0.0,3,4,43.1,0.0,41.59717559814453,42.11775588989258,0.0,0.06599999964237213,0.0,0.0,0.0,0.0,34.737003326416016,6.223242282867432,0.0,0.0,-0.4110167920589447,34.726627349853516,6.212252616882324,-0.00709940679371357,0.11462391912937164,-1.5216832025544136e-06,-6.886843204498291,7.516673564910889,-6.163644313812256,-6.06169319152832,6.594812870025635,6.485584259033203,275.3514709472656,277.9651794433594,1.2773629426956177,0.00144167838152498,0.8422393798828125,271.46002197265625,2.6237106323242188,62.1089973449707,135.35182189941406,6.820714473724365,4.4648613929748535,102304.8359375,0.009772423654794693,131.5144805908203,345.9035949707031,315.45916748046875,208.7238311767578,4.9682769775390625,4.241163730621338,5.469871997833252,3.9912102222442627,4.800045490264893,3.624420166015625,9.310884475708008,17.00634765625,3.6148884296417236,3.807929039001465,41.0,-3.5862629413604736,4.620481967926025,0.9369761347770691,136.78936767578125,9.111063957214355,5.237363338470459,4.486303329467773,279.3525390625,1.3495885133743286,0.35612329840660095,1.2979685068130493,0.30468592047691345,0.1170400008559227,0.0406697578728199,279.2713928222656,0.8800005316734314,99.99999237060547,0.0,102304.3984375,279.3527526855469,0.0,0.5633338689804077,0.6061639189720154,0.3354644775390625,0.031210461631417274,4.9468560218811035,0.04857515171170235
2022-03-05,10.4,44.3,0.046,3,2,52.028333333333336,2.033333333333333,20.5,20.5,0.0,3,5,38.300000000000004,0.0,23.411712646484375,26.136241912841797,0.0,0.06599999964237213,0.0,0.0,0.0,0.0,34.41739273071289,7.845452308654785,0.0,0.0,-0.34766480326652527,34.409942626953125,7.885419845581055,-0.08958110958337784,-0.1379956305027008,2.554981165303616e-06,-2.6155364513397217,-5.585087299346924,-2.242642641067505,-2.1737048625946045,-5.122737884521484,-4.973222255706787,277.0525207519531,279.5895080566406,1.2692500352859497,0.0012661254731938243,0.7181599736213684,271.4600524902344,1.3241645097732544,53.98482894897461,23.558502197265625,4.709395885467529,3.0594961643218994,102179.4765625,0.005010657012462616,37.80693817138672,142.38328552246094,105.13936614990234,183.83001708984375,3.960392951965332,3.319852828979492,3.9887373447418213,2.6505672931671143,3.6203434467315674,2.07122802734375,7.14923095703125,8.5284423828125,5.609212398529053,2.9941234588623047,28.0,-2.6431376934051514,3.566138505935669,0.9415442943572998,69.8986587524414,7.293741703033447,3.87664532661438,3.610288381576538,280.6357421875,0.6843997836112976,0.391845703125,0.478240966796875,0.293731689453125,0.13306935131549835,0.0360463447868824,280.5933532714844,0.8800005316734314,99.99999237060547,0.0,102172.4609375,280.6355285644531,0.008738200180232525,0.7175731062889099,0.7245156764984131,0.5274276733398438,0.030528267845511436,3.5256130695343018,0.04598725959658623
2022-03-06,9.9,42.9,0.059,8,5,50.016666666666666,-2.033333333333333,20.5,20.5,0.0,3,6,38.6,0.0,62.24362564086914,63.56626510620117,0.0,0.06599999964237213,0.0,0.0,0.0,0.0,36.148494720458984,10.04131031036377,0.0,0.0,-0.541481077671051,36.125186920166016,10.019177436828613,-0.11746668815612793,-0.04129665344953537,9.9589776425546e-08,-10.880096435546875,-7.621836185455322,-9.615106582641602,-9.404096603393555,-6.799707889556885,-6.650125026702881,274.9156494140625,279.8544006347656,1.2746707201004028,0.0018655802123248577,1.2844390869140625,271.46002197265625,4.499685764312744,275.0975036621094,54.42567443847656,9.812654495239258,5.531216144561768,102611.9609375,0.015882054343819618,47.70198440551758,259.8068542480469,57.863739013671875,273.9834899902344,6.28092622756958,5.281558513641357,7.975345134735107,4.936019420623779,6.703083038330078,4.465219974517822,11.69146728515625,17.08164405822754,3.3560791015625,4.693409442901611,59.0,-3.7327778339385986,4.9871439933776855,0.9135995507240295,55.48408126831055,11.84027099609375,6.504777431488037,5.5097174644470215,283.2062072753906,2.2900874614715576,0.9271494746208191,2.089716672897339,0.7709553837776184,0.5320332646369934,0.0511372871696949,283.00946044921875,0.8800005316734314,99.99999237060547,0.0,102622.1640625,283.2060241699219,0.009002685546875,0.5349513292312622,0.16516251862049103,0.36372122168540955,0.04358343407511711,5.152949810028076,0.05607474222779274
2022-03-07,12.1,49.9,0.016,6,4,47.1,-7.116666666666666,20.5,20.5,0.0,3,7,48.3,0.0,499.3924865722656,4248.4130859375,0.0,0.06599999964237213,0.0,0.0,0.0,0.0,34.91864013671875,2.158700466156006,0.0,0.0,-0.40007027983665466,35.70493698120117,11.815159797668457,0.05410782992839813,0.04771656543016434,-3.498271539115194e-08,-7.965627193450928,3.9652626514434814,-7.495971202850342,-7.225626468658447,3.5294430255889893,3.4288723468780518,277.0353698730469,282.4010009765625,1.249977707862854,0.001505061169154942,1.138013243675232,271.4600830078125,4.075110912322998,331.0270690917969,108.28324127197266,9.53431224822998,4.3817009925842285,101494.0390625,0.011716529726982117,56.72068405151367,183.3876495361328,147.38339233398438,271.6357727050781,7.782583713531494,6.033517837524414,8.093138694763184,3.905593156814575,7.233171463012695,3.5467936992645264,10.054237365722656,9.016337394714355,4.216634273529053,5.148830890655518,999.0,-3.6304728984832764,4.453175067901611,0.9327582716941833,112.95410919189453,9.1639404296875,12.039137840270996,6.3504958152771,285.2676086425781,2.141883611679077,1.7200554609298706,1.224700927734375,1.2879416942596436,1.0979257822036743,0.14080555737018585,285.0836486816406,0.8800005316734314,99.99999237060547,0.0,101486.875,285.2677001953125,0.015472412109375,0.6288984417915344,0.3125787079334259,0.3300577700138092,0.0085982084274292,2.5245003700256348,0.019044533371925354
2022-03-08,11.0,50.1,0.104,6,6,43.02166666666667,-10.166666666666666,20.5,20.5,0.0,3,8,51.5,0.0,47.866668701171875,3285.876220703125,0.0,0.06599999964237213,0.0,0.0,0.0,0.0,34.96797180175781,2.523857593536377,0.0,0.0,-0.40834444761276245,35.45305252075195,13.046287536621094,-0.01592310145497322,0.049037229269742966,5.442728365778748e-07,9.345704078674316,4.056997776031494,8.232269287109375,8.10373592376709,3.561363935470581,3.524756669998169,279.24847412109375,285.4878845214844,1.2308634519577026,0.001361002679914236,0.7682342529296875,271.4599304199219,7.276201248168945,282.9141845703125,247.8126220703125,11.157248497009277,5.2310709953308105,101244.3359375,0.012218938209116459,278.11175537109375,285.8838806152344,56.93502426147461,159.936279296875,10.055350303649902,8.601934432983398,10.174210548400879,4.652755260467529,9.475852966308594,4.220418453216553,11.550984382629395,7.829996585845947,8.775634765625,7.533260345458984,988.0,-4.244374752044678,3.799267530441284,0.992245614528656,244.33984375,9.690673828125,11.883101463317871,8.861446380615234,286.5876770019531,3.8917953968048096,3.4400837421417236,1.5767771005630493,3.3030803203582764,0.32049560546875,0.15312449634075165,286.42578125,0.8800005316734314,99.99999237060547,0.0,101222.1953125,286.5877990722656,0.02533976174890995,0.5015988945960999,0.32131096720695496,0.30613455176353455,0.014654655940830708,4.976837158203125,0.02909003011882305
2022-03-09,10.9,50.1,0.118,7,6,38.875,-11.183333333333334,20.5,20.5,0.0,3,9,51.6,0.0,55.145240783691406,3414.263916015625,0.0,0.06599999964237213,0.0,0.0,0.0,0.0,35.07057571411133,2.988795757293701,0.0,0.0,-0.37033504247665405,35.851627349853516,14.923846244812012,0.11322148889303207,0.11213203519582748,-1.5089971157067339e-06,7.537675380706787,6.554192066192627,6.106688976287842,6.102332592010498,5.42952299118042,5.429546356201172,284.7082824707031,287.8282470703125,1.223678708076477,0.0012785467552021146,0.3334299623966217,271.4599914550781,6.282403945922852,294.9810791015625,217.9288787841797,10.677542686462402,4.257178783416748,101749.375,0.010854835622012615,287.2926330566406,296.987548828125,172.71559143066406,123.5750503540039,9.902976036071777,8.365286827087402,9.728333473205566,3.7691237926483154,9.003291130065918,3.332697629928589,10.806622505187988,10.978901863098145,10.927958488464355,7.2375946044921875,999.0,-9.672221183776855,3.1431884765625,1.0708794593811035,218.6265106201172,8.1328125,12.23233413696289,8.654251098632812,287.8013610839844,3.3592751026153564,3.1195449829101562,1.1010030508041382,3.110119581222534,0.11241403967142105,0.0272242221981287,287.72509765625,0.8800005316734314,99.99999237060547,0.0,101758.2578125,287.80145263671875,0.1481221467256546,0.458350270986557,0.3058854043483734,0.3622652590274811,0.009553137235343456,5.767406940460205,0.02263002283871174
2022-03-10,11.3,49.7,0.08,5,5,34.59166666666667,-13.216666666666667,20.5,20.5,0.0,3,10,50.0,0.0,69.04473114013672,4447.310546875,0.0,0.06599999964237213,0.0,0.0,0.0,0.0,34.92170333862305,2.1161649227142334,0.0,0.0,-0.3149826228618622,36.54341125488281,17.434904098510742,0.17923501133918762,-0.040028247982263565,4.940538360642677e-07,5.371286392211914,5.198385715484619,4.758895397186279,4.668484210968018,4.817108631134033,4.704549312591553,284.9983215332031,289.88543701171875,1.2193304300308228,0.0011766921961680055,0.6276728510856628,271.4600524902344,4.679100513458252,307.31201171875,227.8046417236328,10.789626121520996,3.093482732772827,102055.8046875,0.006613660603761673,303.70489501953125,307.818359375,204.6164093017578,133.1707000732422,10.322748184204102,8.699542045593262,9.757494926452637,2.8060951232910156,8.937060356140137,2.5871074199676514,10.846953392028809,15.405720710754395,5.54022216796875,7.404609680175781,999.0,-2.8048908710479736,3.1789791584014893,0.9480798840522766,225.1645050048828,6.891214847564697,12.08834171295166,9.064242362976074,290.5867919921875,2.5133345127105713,2.4273786544799805,0.5686442255973816,2.4290027618408203,0.1445159912109375,0.0513203926384449,290.3948059082031,0.8800005316734314,99.99999237060547,0.0,102060.4921875,290.5871276855469,0.0023396809119731188,0.38965359330177307,0.28376033902168274,0.35081735253334045,0.006975690368562937,6.451456546783447,0.017303846776485443
2022-03-11,12.0,50.1,0.027,4,3,30.018333333333334,-15.25,20.5,20.5,0.0,3,11,48.2,0.0,73.45435333251953,3379.02490234375,0.0,0.06599999964237213,0.0,0.0,0.0,0.0,34.99047088623047,2.5957162380218506,0.0,0.0,-0.24014043807983398,36.80442428588867,18.94639778137207,0.042339786887168884,-0.13555684685707092,-8.955897783380351e-07,1.6861807107925415,-2.715357542037964,1.716326355934143,1.5810388326644897,-2.7015674114227295,-2.5069916248321533,286.24273681640625,290.9954528808594,1.2168025970458984,0.0008164677419699728,0.6360524296760559,271.4599914550781,4.144985198974609,315.8838195800781,205.547607421875,12.594834327697754,2.7356996536254883,102189.7578125,0.002313937060534954,315.9093322753906,315.1622009277344,168.28993225097656,150.02435302734375,12.563492774963379,10.801777839660645,10.96003246307373,2.152418851852417,9.68896770477295,1.0561727285385132,12.216675758361816,9.832743644714355,10.326273918151855,9.28304386138916,999.0,-3.279083251953125,-0.6973069310188293,1.0092586278915405,297.4386901855469,3.4754230976104736,14.61056900024414,11.159351348876953,292.03857421875,2.277949094772339,2.274545669555664,0.0964508056640625,2.143367290496826,0.5003433227539062,0.1995493620634079,291.7862548828125,0.8800005316734314,99.99999237060547,0.0,102160.34375,292.0385437011719,0.00022379557776730508,0.3956189453601837,0.2837775647640228,0.726080596446991,0.002743283985182643,4.780109882354736,0.011357183568179607
2022-03-12,10.7,43.1,-0.011,4,3,26.06833333333333,-17.283333333333335,20.5,20.5,0.0,3,12,33.6,0.0,71.68748474121094,3557.640625,0.0,0.06599999964237213,0.0,0.0,0.0,0.0,34.9105339050293,2.2021381855010986,0.0,0.0,-0.1714530885219574,36.95730972290039,19.840024948120117,-0.06558336317539215,0.007969736121594906,1.3054058172201621e-06,-3.8152999877929688,-4.963262557983398,-3.6437103748321533,-3.4969799518585205,-4.737324237823486,-4.559601306915283,287.8067626953125,291.61669921875,1.2117005586624146,0.0011092281201854348,0.7637405395507812,271.4600524902344,5.671138286590576,322.06793212890625,38.364402770996094,14.030376434326172,2.9739248752593994,102116.5234375,0.0063142310827970505,323.7076721191406,321.04010009765625,129.30502319335938,182.06097412109375,13.727917671203613,11.10461139678955,12.03905963897705,2.6895334720611572,10.364130973815918,2.4780070781707764,14.729110717773438,8.256428718566895,9.03314208984375,8.860163688659668,999.0,-2.8551738262176514,3.4092185497283936,0.9517955183982849,36.965579986572266,6.44781494140625,16.430330276489258,11.717301368713379,293.0228271484375,3.0662853717803955,3.0215587615966797,0.4769744873046875,2.8987598419189453,0.67669677734375,0.3735694885253906,292.82843017578125,0.8800005316734314,99.99999237060547,0.0,102146.4375,293.0232238769531,0.0,0.47454634308815,0.27359187602996826,0.30271148681640625,0.0035354692954570055,5.458840847015381,0.011594333685934544
2022-03-13,10.6,42.4,-0.016,6,4,22.041666666666668,-18.3,20.5,20.5,0.0,3,13,32.4,0.0,36.877899169921875,2634.439453125,0.0,0.06599999964237213,0.0,0.0,0.0,0.0,35.03854751586914,3.0750677585601807,0.0,0.0,-0.15278096497058868,36.61866760253906,19.16232681274414,-0.3077373802661896,-0.07579926401376724,-2.817765505369607e-07,-5.18626070022583,-10.947628021240234,-4.341989040374756,-4.305143356323242,-9.266473770141602,-9.190777778625488,288.5991516113281,291.5220031738281,1.2091268301010132,0.0016235323855653405,0.62890625,271.45989990234375,6.276791095733643,326.2738952636719,24.6043643951416,12.599268913269043,5.3630852699279785,101732.5390625,0.014370076358318329,342.5888977050781,325.1778869628906,199.65196228027344,159.5308074951172,10.560256004333496,8.119385719299316,11.21838665008545,4.757989883422852,9.971064567565918,4.290639400482178,13.144370079040527,11.68841552734375,3.5628662109375,6.6676177978515625,999.0,-3.5966899394989014,4.834184646606445,0.9130623936653137,24.907182693481445,10.243977546691895,14.425244331359863,8.536099433898926,292.2525939941406,3.323502779006958,2.815641164779663,1.7604726552963257,2.7235429286956787,0.6100285649299622,0.07358551025390625,291.9302978515625,0.8800005316734314,99.99999237060547,0.0,101734.0,292.25262451171875,0.00262451171875,0.5375885367393494,0.33223992586135864,0.37109628319740295,0.006940722465515137,6.543715953826904,0.01621142029762268
2022-03-14,10.3,41.8,-0.004,7,5,18.108333333333334,-19.316666666666666,20.5,20.5,0.0,3,14,31.6,0.0,59.305625915527344,3211.830322265625,0.0,0.06599999964237213,0.0,0.0,0.0,0.0,34.95877456665039,2.5485646724700928,0.0,0.0,-0.18852445483207703,36.190494537353516,20.337602615356445,-0.1453673392534256,0.002098266500979662,-1.5569036122542457e-06,-4.467859268188477,-12.567011833190918,-3.7642338275909424,-3.7231571674346924,-10.741597175598145,-10.627159118652344,289.044677734375,292.1070556640625,1.201067328453064,0.0015608485555276275,0.9373652338981628,271.4600524902344,5.886680603027344,333.391845703125,17.0219783782959,11.098570823669434,6.060766696929932,101458.9140625,0.014464128762483597,340.6525573730469,331.1843566894531,247.7074432373047,192.0752410888672,8.687447547912598,7.079599857330322,9.94361400604248,5.371616840362549,9.040288925170898,4.842264652252197,12.630386352539062,9.463521003723145,14.52716064453125,6.128404140472412,999.0,-3.710235595703125,4.665133953094482,0.9392265677452087,19.41319465637207,11.493611335754395,12.419487953186035,7.349808216094971,292.9324951171875,3.128924608230591,2.254481077194214,2.154510498046875,1.9783283472061157,0.8711344599723816,0.29200997948646545,292.84429931640625,0.8800005316734314,99.99999237060547,0.0,101458.3828125,292.9322814941406,0.0,0.5640040040016174,0.29811719059944153,0.3194325864315033,0.006761431694030762,2.7574570178985596,0.020265450701117516
2022-03-15,11.4,46.6,0.007,7,5,13.771666666666667,-20.333333333333332,20.5,20.5,0.0,3,15,39.900000000000006,0.0,25.097919464111328,4464.291015625,0.0,0.06599999964237213,0.0,0.0,0.0,0.0,34.908321380615234,2.0691885948181152,0.0,0.0,-0.17424358427524567,35.34600830078125,20.815208435058594,-0.3318527638912201,-0.15244026482105255,2.1584222054116253e-07,-4.821765422821045,-11.661125183105469,-4.113653659820557,-4.069149017333984,-10.082343101501465,-9.972453117370605,290.13458251953125,293.17333984375,1.1957420110702515,0.0014877639478072524,0.9038975834846497,271.4600524902344,5.622287750244141,348.0876770019531,20.587675094604492,9.927549362182617,6.034745693206787,101319.9375,0.013247624039649963,6.1647210121154785,271.4764404296875,221.6361541748047,176.49363708496094,8.094083786010742,6.826315402984619,9.057282447814941,5.340362071990967,8.411382675170898,4.815633296966553,10.180669784545898,11.97564697265625,7.668477535247803,6.004298686981201,999.0,-3.7380778789520264,4.491085052490234,0.9529290795326233,22.21352195739746,11.152119636535645,8.860855102539062,7.058634281158447,293.8547058105469,2.952481269836426,1.3083804845809937,2.4747161865234375,1.27064049243927,0.6741383671760559,0.27712884545326233,293.83599853515625,0.8800005316734314,99.99999237060547,0.0,101315.9765625,293.8550720214844,0.0,0.6425646543502808,0.6475047469139099,0.29588446021080017,0.01771469973027706,3.1940040588378906,0.037625957280397415
2022-03-16,10.0,41.6,0.025,6,4,10.078333333333333,-19.316666666666666,20.5,20.5,0.0,3,16,29.6,0.0,19.00394058227539,4490.17529296875,0.0,0.06599999964237213,0.0,0.0,0.0,0.0,34.912296295166016,2.0303990840911865,0.0,0.0,-0.12044638395309448,35.602500915527344,23.22706413269043,-0.26190704107284546,-0.17350828647613525,2.0693833846507914e-07,-2.183202028274536,-8.439224243164062,-1.984161376953125,-1.9239044189453125,-7.809031963348389,-7.566308498382568,291.1596984863281,294.9571838378906,1.1858530044555664,0.0012443015584722161,0.9555638432502747,271.4600524902344,4.807694435119629,350.66650390625,13.702484130859375,9.650567054748535,4.157111644744873,101190.8359375,0.009066300466656685,355.6057434082031,351.4259948730469,224.6708526611328,165.42822265625,8.87977409362793,7.334591388702393,8.667252540588379,3.7220351696014404,8.049856185913086,3.395716428756714,9.070591926574707,12.861409187316895,9.998372077941895,6.312816143035889,999.0,-3.762664794921875,3.9675452709198,0.9754835963249207,13.724501609802246,8.285481452941895,10.031285285949707,7.626291275024414,296.6136169433594,2.548731803894043,2.354383707046509,0.951934814453125,2.079155921936035,0.8495712280273438,0.6947135925292969,296.5124816894531,0.8800005316734314,99.99999237060547,0.0,101191.5,296.6140441894531,0.0,0.8424612879753113,0.753075897693634,0.29096221923828125,0.009468595497310162,2.8477420806884766,0.026496833190321922
2022-03-17,11.5,47.6,0.022,4,2,5.653333333333333,-18.3,20.5,20.5,0.0,3,17,43.2,0.0,14.2691650390625,5006.169921875,0.0,0.06599999964237213,0.0,0.0,0.0,0.0,34.91923904418945,1.9754176139831543,0.0,0.0,-0.0481988899409771,35.13475799560547,27.999330520629883,0.26071327924728394,-0.10584338754415512,2.0309228432324744e-07,1.3441734313964844,-4.275585174560547,1.3928337097167969,1.2988497018814087,-4.30617094039917,-4.0284199714660645,295.1679992675781,299.0797119140625,1.1672223806381226,0.0009293316397815943,0.7134425044059753,271.46002197265625,4.27249002456665,337.907958984375,343.1830749511719,10.743271827697754,2.188199043273926,101073.28125,0.003394343890249729,338.0609130859375,347.3777770996094,195.19517517089844,205.96226501464844,10.676520347595215,9.218762397766113,9.463615417480469,2.0112545490264893,8.616610527038574,1.8551483154296875,9.940963745117188,12.217265129089355,7.8660888671875,8.08619499206543,999.0,-3.1772358417510986,1.5419591665267944,1.015994906425476,342.5245056152344,4.74853515625,12.88992691040039,9.491469383239746,300.463134765625,2.3296046257019043,2.320230484008789,0.1917877197265625,1.8817839622497559,1.2219263315200806,0.565130889415741,300.26068115234375,0.8800005316734314,99.99999237060547,0.0,101077.1015625,300.46337890625,0.00030517578125,1.107582926750183,1.2255748510360718,0.2924588620662689,0.0033714373130351305,3.135298013687134,0.01416250690817833
2022-03-18,10.1,42.4,0.036,3,2,2.263333333333333,-16.266666666666666,20.5,20.5,0.0,3,18,33.3,0.0,11.488872528076172,5305.9189453125,0.0,0.06599999964237213,0.0,0.0,0.0,0.0,34.850643157958984,1.6527677774429321,0.0,0.0,-0.0219893679022789,34.32926559448242,29.518550872802734,-0.06905769556760788,-0.0398215651512146,7.526630838583515e-07,1.5019620656967163,0.013344447128474712,1.5890611410140991,1.4359251260757446,-0.0165125522762537,0.016270318999886513,296.372314453125,299.8040466308594,1.1608439683914185,0.0007593957125209272,0.7559661865234375,271.4599914550781,3.8210551738739014,326.57177734375,128.46206665039062,10.665206909179688,2.8448660373687744,101035.375,0.002313814824447036,326.2794494628906,339.5693054199219,162.783447265625,210.02587890625,10.641342163085938,9.307348251342773,9.401148796081543,2.199172019958496,8.537949562072754,0.9522501826286316,11.278915405273438,9.011860847473145,12.88592529296875,8.324601173400879,999.0,-5.34393310546875,-3.452244520187378,1.0369982719421387,232.6892547607422,2.8733317852020264,12.357863426208496,9.529878616333008,302.1041564941406,2.0957229137420654,2.0927820205688477,0.0750223770737648,1.4999370574951172,1.2170944213867188,0.5470352172851562,302.0138854980469,0.8800005316734314,99.99999237060547,0.0,101037.625,302.1039733886719,0.0491943359375,1.1851414442062378,1.118669867515564,0.7872492671012878,0.003315488575026393,3.1587297916412354,0.013580928556621075
2022-03-19,10.6,43.7,0.016,4,2,-1.15,-13.216666666666667,20.5,20.5,0.0,3,19,37.1,0.0,10.69760513305664,2822.192138671875,0.0,0.06599999964237213,0.0,0.0,0.0,0.0,34.90436553955078,2.568953275680542,0.0,0.0,-0.038888175040483475,36.051998138427734,28.438629150390625,0.328267365694046,0.012671460397541523,-3.899364031667574e-08,-1.211600661277771,3.6309452056884766,-1.2706413269042969,-1.1579042673110962,3.7106590270996094,3.4038238525390625,296.60565185546875,299.0318603515625,1.1627711057662964,0.0008706115768291056,0.7572072148323059,271.4600830078125,3.367412567138672,191.7478790283203,156.1605682373047,10.297067642211914,2.084602117538452,101095.8828125,0.0024641756899654865,191.27099609375,201.57444763183594,288.7441101074219,204.77899169921875,10.252593040466309,8.759696006774902,8.934856414794922,1.8677202463150024,8.056136131286621,1.5774282217025757,9.638022422790527,10.779927253723145,10.894551277160645,7.660933971405029,999.0,-2.2615559101104736,1.050397276878357,1.006533145904541,164.1537628173828,4.084615230560303,11.625929832458496,9.033129692077637,301.2884826660156,1.8290036916732788,1.8240545988082886,0.1233774796128273,1.300418496131897,1.1627172231674194,0.5291621088981628,301.1350402832031,0.8800005316734314,99.99999237060547,0.0,101095.1171875,301.2887878417969,0.0077311196364462376,1.1403216123580933,1.2611058950424194,0.35024261474609375,0.0033777952194213867,2.764988899230957,0.013652279041707516
2022-03-20,10.1,42.0,0.024,5,3,-4.415,-11.183333333333334,20.5,20.5,0.0,3,20,33.2,0.0,12.777167320251465,3430.264892578125,0.0,0.06599999964237213,0.0,0.0,0.0,0.0,34.917572021484375,2.0839860439300537,0.0,0.0,-0.051300451159477234,35.33989715576172,28.50678253173828,-0.38399115204811096,-0.23277002573013306,-1.4414974884857656e-06,-5.183243274688721,4.2534708976745605,-4.860040664672852,-4.692387104034424,3.993853807449341,3.853877305984497,296.7945861816406,299.9349365234375,1.1579450368881226,0.0011148026678711176,0.7387898564338684,271.4600524902344,3.607954740524292,174.7168731689453,129.6432647705078,10.14159107208252,3.0947439670562744,101072.5078125,0.006299033761024475,164.65003967285156,144.3901824951172,325.5977478027344,209.0488739013672,9.604623794555664,7.373817443847656,8.423367500305176,2.7951600551605225,7.4346022605896,2.572052001953125,7.448692798614502,12.255412101745605,12.771809577941895,6.074962139129639,999.0,-3.088958740234375,3.528385877609253,0.9628399014472961,129.80604553222656,6.5477294921875,12.99924087524414,7.794564723968506,301.494384765625,1.9157805442810059,1.8385063409805298,0.5128275752067566,1.3016616106033325,0.9807891845703125,0.8199132084846497,301.231201171875,0.8800005316734314,99.99999237060547,0.0,101067.5625,301.4943542480469,0.0019632976036518812,0.98750239610672,1.0361759662628174,0.30924734473228455,0.0029085874557495117,2.6792666912078857,0.012269248254597187
2022-03-21,9.7,42.9,0.08,5,3,-7.533333333333333,-8.133333333333333,20.5,20.5,0.0,3,21,36.300000000000004,0.0,29.893224716186523,5145.33935546875,0.0,0.06599999964237213,0.0,0.0,0.0,0.0,34.938575744628906,1.9461995363235474,0.0,0.0,0.0005321065546013415,36.21245574951172,29.02751350402832,-0.2188180834054947,0.010953258723020554,4.807748723578698e-07,-6.0000152587890625,4.029207706451416,-5.709343433380127,-5.487996578216553,3.851834535598755,3.702044725418091,295.4714660644531,300.2974548339844,1.1610344648361206,0.0011604448081925511,0.8729527592658997,271.4599609375,3.7591335773468018,192.9687042236328,124.3960189819336,10.563607215881348,3.408596992492676,101092.2109375,0.007293689530342817,182.7054443359375,206.83758544921875,138.8338165283203,326.2198486328125,9.834277153015137,7.422036647796631,8.811247825622559,3.0582215785980225,7.671615123748779,2.800384521484375,12.707345008850098,6.693644046783447,12.864155769348145,5.990076065063477,999.0,-2.9607136249542236,3.794191360473633,0.9459964632987976,124.36083984375,6.942484378814697,13.758811950683594,7.902185916900635,301.5455017089844,1.9904502630233765,1.8834928274154663,0.6324360966682434,1.2993113994598389,1.0991134643554688,0.8191960453987122,301.3182067871094,0.8800005316734314,99.99999237060547,0.0,101094.7109375,301.5454406738281,0.0,0.7880761623382568,0.7911716103553772,0.30127206444740295,0.002629389287903905,5.7821364402771,0.010567565448582172
2022-03-22,11.7,49.9,0.051,5,3,-11.255,-6.1,20.5,20.5,0.0,3,22,50.0,0.0,25.481576919555664,4385.169921875,0.0,0.06599999964237213,0.0,0.0,0.0,0.0,34.92954635620117,2.063861846923828,0.0,0.0,-0.16876699030399323,36.73782730102539,26.86215591430664,0.03858765959739685,-0.0492294505238533,-1.4936637171558687e-06,-4.044604778289795,4.259512424468994,-3.979679822921753,-3.7701027393341064,4.19517183303833,3.9768314361572266,292.7887878417969,299.0865173339844,1.1689716577529907,0.0010458905017003417,0.8546295166015625,271.4599914550781,3.2753772735595703,185.9743194580078,135.73814392089844,9.512377738952637,2.8143231868743896,101256.0390625,0.005452144891023636,181.62120056152344,170.98768615722656,180.3046417236328,322.7904968261719,9.126259803771973,7.214146137237549,8.075413703918457,2.55472731590271,7.152258396148682,2.3602092266082764,8.708365440368652,9.17120361328125,12.841471672058105,5.960751056671143,999.0,-2.8828532695770264,3.127399444580078,0.972951352596283,135.77159118652344,5.874674320220947,12.098565101623535,7.6309380531311035,300.5982360839844,1.741228461265564,1.6892703771591187,0.4080708920955658,1.1367292404174805,1.013946533203125,0.7124137878417969,300.2745056152344,0.8800005316734314,99.99999237060547,0.0,101257.3046875,300.59881591796875,0.0,0.735463559627533,0.7298248410224915,0.30064138770103455,0.002262632129713893,3.0767323970794678,0.012032810598611832
2022-03-23,11.9,50.1,0.034,4,2,-15.035,-3.05,20.5,20.5,0.0,3,23,49.2,0.0,29.43770980834961,4647.0869140625,0.0,0.06599999964237213,0.0,0.0,0.0,0.0,34.88890075683594,1.9882688522338867,0.0,0.0,-0.06375836580991745,36.8734016418457,26.075590133666992,0.008697796612977982,-0.0607113316655159,-2.0431446046131896e-06,-3.8213531970977783,3.7999465465545654,-3.7393100261688232,-3.5462772846221924,3.72920298576355,3.5381667613983154,293.1043395996094,297.9538269042969,1.173871397972107,0.000986337661743164,0.7576726078987122,271.4600524902344,3.063587188720703,167.6394805908203,134.9054718017578,8.95337963104248,2.4973928928375244,101316.6484375,0.004096622113138437,166.11058044433594,145.4121856689453,209.43199157714844,320.22747802734375,8.72346019744873,7.235799789428711,7.814189434051514,2.282485008239746,7.082677841186523,2.118865966796875,7.512018203735352,10.53955078125,12.702900886535645,6.1615753173828125,999.0,-2.6136577129364014,2.48656964302063,0.9861037135124207,135.28602600097656,5.329854488372803,9.482803344726562,7.574703693389893,299.1923828125,1.6345552206039429,1.6039175987243652,0.2950439453125,1.271403193473816,0.7799784541130066,0.6036275029182434,298.9736022949219,0.8800005316734314,99.99999237060547,0.0,101314.53125,299.1921081542969,0.0,0.7099091410636902,0.6823531985282898,0.3048667907714844,0.004598498344421387,2.9463958740234375,0.018214484676718712
2022-03-24,9.7,42.6,0.077,5,3,-18.07,-0.0,20.5,20.5,0.0,3,24,34.4,0.0,23.812620162963867,5607.17626953125,0.0,0.06599999964237213,0.0,0.0,0.0,0.0,34.88574981689453,1.940904974937439,0.0,0.0,-0.09142988175153732,36.3239631652832,25.262144088745117,-0.06028345972299576,-0.07602649182081223,4.5248629021443776e-07,-6.568822383880615,5.391773700714111,-6.086002349853516,-5.893945693969727,5.020547866821289,4.8635334968566895,293.5716552734375,296.5447082519531,1.1792993545532227,0.0012172575807198882,0.8855717778205872,271.4600524902344,3.5975494384765625,151.94595336914062,130.83876037597656,8.404212951660156,3.992581367492676,101332.8515625,0.00845111533999443,145.26597595214844,141.8458251953125,216.2528533935547,317.3414306640625,7.435666561126709,6.073243618011475,7.459595203399658,3.5691978931427,6.862490177154541,3.2550456523895264,7.624355316162109,11.07415771484375,12.35809326171875,5.251355171203613,999.0,-3.5771281719207764,3.91593861579895,0.9715542793273926,130.58140563964844,7.839864253997803,8.706456184387207,6.359032154083252,298.1962890625,1.8983601331710815,1.659111499786377,0.8809356689453125,1.4748363494873047,0.5775833129882812,0.4811948239803314,298.0590515136719,0.8800005316734314,99.99999237060547,0.0,101337.5078125,298.1964111328125,0.0,0.644009530544281,0.5421714186668396,0.2950325012207031,0.007003059145063162,2.466059446334839,0.025110384449362755
2022-03-25,9.4,42.4,0.096,5,3,-20.996666666666666,1.0166666666666666,20.5,20.5,0.0,3,25,34.2,0.0,34.4287223815918,5566.59423828125,0.0,0.06599999964237213,0.0,0.0,0.0,0.0,34.88575744628906,1.913515567779541,0.0,0.0,-0.06379760056734085,36.24500274658203,24.494678497314453,-0.1372045874595642,-0.1134897992014885,3.769153806842951e-07,-7.037058353424072,3.0261917114257812,-6.566256999969482,-6.3636956214904785,2.856430768966675,2.7682018280029297,291.18316650390625,296.1874084472656,1.1829850673675537,0.001164702815003693,0.8107986450195312,271.4600524902344,3.3419430255889893,144.58885192871094,112.67218780517578,8.332415580749512,3.552823066711426,101403.6640625,0.00741972029209137,138.1823272705078,135.1156463623047,221.90748596191406,318.3901672363281,7.6121697425842285,6.113910675048828,7.281503200531006,3.185622215270996,6.67464017868042,2.9138996601104736,7.3205885887146,11.177348136901855,12.342875480651855,5.23244047164917,999.0,-3.4204914569854736,3.784062147140503,0.9693568348884583,113.16458892822266,7.150125980377197,8.357151985168457,6.428119659423828,297.200439453125,1.760025143623352,1.6192841529846191,0.6804402470588684,1.4347797632217407,0.5984268188476562,0.424468994140625,297.0146484375,0.8800005316734314,99.99999237060547,0.0,101404.2890625,297.1999816894531,0.0,0.6434199213981628,0.4705299139022827,0.2968648374080658,0.007307569030672312,2.855698823928833,0.025224940851330757
2022-03-26,11.4,48.9,0.055,6,4,-24.476666666666667,5.083333333333333,20.5,20.5,0.0,3,26,47.7,0.0,33.450294494628906,3189.955810546875,0.0,0.06599999964237213,0.0,0.0,0.0,0.0,34.87637710571289,2.079463481903076,0.0,0.0,0.02186470292508602,35.858978271484375,22.530866622924805,-0.09551774710416794,0.015475472435355186,-1.1713365211107885e-07,-5.7954888343811035,1.8958873748779297,-5.569943904876709,-5.330667495727539,1.8177438974380493,1.7458757162094116,288.360107421875,294.4338684082031,1.193137526512146,0.001044041127897799,0.778289794921875,271.4601135253906,3.608414888381958,153.5926513671875,107.33751678466797,8.66154670715332,2.900214910507202,101504.25,0.00584760308265686,149.5474395751953,148.94056701660156,283.2667236328125,265.18585205078125,8.27989387512207,6.9601263999938965,7.644655704498291,2.6300294399261475,7.033728122711182,2.4260356426239014,8.174031257629395,12.6334228515625,9.343791007995605,6.092545032501221,999.0,-3.675628662109375,2.6758873462677,1.0092360973358154,107.07857513427734,5.971170902252197,9.339157104492188,7.217527389526367,295.494873046875,1.9254719018936157,1.8458828926086426,0.4530436098575592,1.7209886312484741,0.538848876953125,0.2107187956571579,295.2944641113281,0.8800005316734314,99.99999237060547,0.0,101503.4609375,295.4949645996094,0.0,0.6665153503417969,0.5573875308036804,0.28601327538490295,0.005583961959928274,3.4099385738372803,0.02232404239475727
2022-03-27,11.8,49.6,0.03,5,3,-28.008333333333333,8.133333333333333,20.5,20.5,0.0,3,27,49.2,0.0,37.858787536621094,5094.45556640625,0.0,0.06599999964237213,0.0,0.0,0.0,0.0,34.73494338989258,0.5028197765350342,0.0,0.0,-0.08826109021902084,35.60245895385742,22.070287704467773,0.1237308531999588,0.08391544967889786,-4.434180027601542e-07,-0.23630206286907196,0.26419639587402344,-0.22060520946979523,-0.21593539416790009,0.21773910522460938,0.23920631408691406,286.4969787597656,293.77532958984375,1.1962710618972778,0.0008469800814054906,0.7305882573127747,271.4599609375,3.41813063621521,160.34063720703125,164.90887451171875,9.232001304626465,2.5155560970306396,101459.6015625,0.0035787129309028387,160.14935302734375,139.83140563964844,221.6040802001953,294.1365051269531,9.16661262512207,7.79467248916626,7.9705657958984375,2.079456329345703,7.178743362426758,1.3136037588119507,7.757955551147461,11.76617431640625,12.573811531066895,6.873302936553955,999.0,-7.304708003997803,-0.6770267486572266,1.0559718608856201,188.94911193847656,3.7922565937042236,9.281132698059082,8.02941608428955,295.1242980957031,1.837797999382019,1.8278979063034058,0.1296895295381546,1.4644743204116821,0.9576365351676941,0.3769645690917969,294.9465637207031,0.8800005316734314,99.99999237060547,0.0,101460.3125,295.124267578125,0.0,0.6700209975242615,0.5488786101341248,0.5528424382209778,0.005138913635164499,2.8811581134796143,0.021411940455436707
2022-03-28,11.9,50.2,0.037,6,4,-31.476666666666667,12.2,20.5,20.5,0.0,3,28,48.6,0.0,53.174320220947266,3952.810546875,0.0,0.06599999964237213,0.0,0.0,0.0,0.0,34.768165588378906,1.0572621822357178,0.0,0.0,-0.13739337027072906,35.68638610839844,21.499980926513672,0.002365261781960726,-0.05852977931499481,2.4278526211674034e-07,8.271248817443848,-5.132844924926758,6.944171905517578,6.860008716583252,-4.484592914581299,-4.433574676513672,288.9145812988281,293.59930419921875,1.1882389783859253,0.0014617302222177386,0.6668421626091003,271.4599914550781,4.339873790740967,212.71484375,296.96319580078125,10.681303977966309,4.094977855682373,101026.8359375,0.010748930275440216,231.28334045410156,225.4800262451172,215.08802795410156,178.62498474121094,9.246286392211914,6.894607067108154,8.921952247619629,3.6663100719451904,7.876688480377197,3.3426411151885986,11.566802978515625,11.626220703125,9.17767333984375,5.6989426612854,999.0,-3.6682231426239014,4.463366985321045,0.935431957244873,301.1440734863281,9.00262451171875,15.584689140319824,7.2968010902404785,294.0130310058594,2.3006579875946045,2.012657880783081,1.0691274404525757,1.5912710428237915,1.142504334449768,0.5830281376838684,293.9463195800781,0.8800005316734314,99.99999237060547,0.0,101030.8828125,294.0126037597656,0.0056966147385537624,0.6458849906921387,0.3624705970287323,0.3451181948184967,0.0017451047897338867,3.1124322414398193,0.009935460053384304
2022-03-29,12.1,50.3,0.023,8,5,-34.876666666666665,16.266666666666666,20.5,20.5,0.0,3,29,49.0,0.0,46.151824951171875,4206.81884765625,0.0,0.06599999964237213,0.0,0.0,0.0,0.0,34.8338508605957,1.3770530223846436,0.0,0.0,-0.2273818999528885,35.53108215332031,19.311237335205078,0.47901397943496704,0.2922045588493347,-3.269897064228644e-08,14.070744514465332,-4.398773670196533,12.071853637695312,11.952300071716309,-3.8612377643585205,-3.8220882415771484,286.8928527832031,292.0647888183594,1.194114327430725,0.0015640849014744163,0.8440195918083191,271.4600524902344,7.616556644439697,246.4114227294922,284.07366943359375,11.282427787780762,6.86935567855835,100754.8125,0.015799764543771744,264.2015380859375,241.65931701660156,108.13895416259766,60.571537017822266,9.380970001220703,7.956535816192627,10.444013595581055,6.044463634490967,9.76044750213623,5.431803226470947,11.817062377929688,9.559326171875,5.5855712890625,6.978251934051514,999.0,-3.6594440937042236,4.420341968536377,0.9496798515319824,287.6328430175781,12.392048835754395,11.85067081451416,8.200775146484375,293.56298828125,4.065831184387207,2.992011785507202,2.6989238262176514,3.113125801086426,0.46427154541015625,0.15061824023723602,293.1866760253906,0.8800005316734314,99.99999237060547,0.0,100768.9453125,293.5622863769531,0.012471516616642475,0.5518249273300171,0.4149226248264313,0.32019805908203125,0.010654392652213573,3.3309526443481445,0.029580378904938698
2022-03-30,11.2,47.7,0.048,7,6,-35.32,21.35,20.5,20.5,0.0,3,30,43.0,0.0,26.188682556152344,102.51441192626953,0.0,0.06599999964237213,0.0,0.0,0.0,0.0,34.884708404541016,10.12125301361084,0.0,0.0,-0.16627129912376404,35.051292419433594,19.030485153198242,0.09844092279672623,0.20827437937259674,-3.594437600895617e-07,13.5141019821167,-2.8891613483428955,11.27060604095459,11.197413444519043,-2.400866746902466,-2.3882343769073486,287.2999572753906,292.3250732421875,1.1983041763305664,0.0016612926265224814,0.8584187626838684,271.46002197265625,9.532373428344727,237.578857421875,272.9698791503906,13.156462669372559,6.337423324584961,101242.4140625,0.016656983643770218,247.4945831298828,225.73590087890625,84.51773834228516,63.13932800292969,11.529986381530762,9.650198936462402,12.200512886047363,5.580585956573486,11.46200180053711,5.014841556549072,13.252820014953613,9.625630378723145,5.270751953125,8.292304039001465,159.0,-4.639363765716553,4.518892288208008,0.9804356694221497,277.50335693359375,12.793171882629395,14.452996253967285,9.973847389221191,292.6683349609375,5.157926082611084,4.287975788116455,2.567138671875,4.515143394470215,0.6560414433479309,0.059881847351789474,292.72125244140625,0.8800005316734314,99.99999237060547,0.0,101186.1875,292.6678161621094,0.0001220703125,0.4737425148487091,0.2771002948284149,0.3143272399902344,0.004871249198913574,4.440260410308838,0.025925293564796448
2022-03-31,9.1,46.6,0.207,6,6,-35.14333333333333,25.416666666666668,20.5,20.5,0.0,3,31,42.5,0.0,25.261985778808594,4395.3720703125,0.0,0.06599999964237213,0.0,0.0,0.0,0.0,34.76515579223633,1.0391497611999512,0.0,0.0,0.6934797763824463,35.109832763671875,23.972837448120117,-1.233446717262268,-0.3018840551376343,1.7483810665908095e-07,-0.9747886657714844,4.211837291717529,-0.9722061157226562,-0.9117755889892578,4.338245868682861,3.988849639892578,287.8437805175781,293.0908508300781,1.2008061408996582,0.0009739716188050807,1.0614980459213257,271.4600524902344,6.300103664398193,220.47796630859375,177.55194091796875,11.97049617767334,2.592445135116577,101777.4453125,0.004350883886218071,219.90185546875,221.64453125,73.66107177734375,214.56312561035156,11.87821102142334,10.601207733154297,10.913565635681152,2.380258321762085,10.158207893371582,2.2153778076171875,12.224159240722656,8.855224609375,8.88189697265625,9.501124382019043,999.0,-3.4827167987823486,1.4008350372314453,1.022193193435669,174.9113006591797,5.367940425872803,13.862052917480469,10.844298362731934,297.4757385253906,3.4757487773895264,3.458096742630005,0.2970784604549408,3.3409500122070312,0.7761281132698059,0.03112030029296875,297.1558837890625,0.8800005316734314,99.99999237060547,0.0,101771.0390625,297.4754943847656,0.008829752914607525,0.5853990912437439,0.3271520435810089,0.3300844728946686,0.007861971855163574,5.978816986083984,0.018293896690011024
2022-04-01,11.3,50.2,0.091,5,5,-35.11833333333333,31.516666666666666,20.5,20.5,0.0,4,1,50.0,0.0,27.05208969116211,4288.111328125,0.0,0.06599999964237213,0.0,0.0,0.0,0.0,34.75552749633789,0.7948113083839417,0.0,0.0,0.9357116222381592,35.35884475708008,22.42749786376953,-0.19431564211845398,0.025796975940465927,-2.7568000859901076e-07,-0.47889837622642517,5.757816791534424,-0.46622467041015625,-0.4342365264892578,5.660837173461914,5.361001491546631,289.1289367675781,293.7825012207031,1.1971102952957153,0.0010172893526032567,0.8519261479377747,271.4600524902344,7.020542621612549,228.8555450439453,175.19549560546875,12.73702621459961,2.7766287326812744,101594.8125,0.004567209165543318,228.3728790283203,231.17547607421875,58.885677337646484,155.8997344970703,12.63315486907959,11.232067108154297,11.587149620056152,2.5223329067230225,10.781906127929688,2.29730224609375,13.1370210647583,8.315022468566895,13.25457763671875,10.032882690429688,999.0,-4.124643802642822,1.5009733438491821,1.018592119216919,175.2618865966797,5.841552734375,14.591891288757324,11.49229907989502,295.382080078125,3.8812150955200195,3.86059308052063,0.338623046875,3.6622695922851562,1.1042073965072632,0.5301615595817566,295.3158874511719,0.8800005316734314,99.99999237060547,0.0,101597.75,295.38214111328125,0.12786865234375,0.6506558656692505,0.31933319568634033,0.32773590087890625,0.008409380912780762,6.310512542724609,0.018334269523620605
2022-04-02,11.9,50.2,0.038,4,3,-33.6,36.6,20.5,20.5,0.0,4,2,48.1,0.0,27.389841079711914,4696.5908203125,0.0,0.06599999964237213,0.0,0.0,0.0,0.0,34.722721099853516,0.44875460863113403,0.0,0.0,0.8555352687835693,35.8549919128418,24.784778594970703,-0.005031392443925142,0.0647636204957962,6.796360025873582e-07,-4.4542670249938965,6.1299824714660645,-4.103600025177002,-3.970576047897339,5.7937846183776855,5.580785751342773,291.69158935546875,295.0059509277344,1.1894229650497437,0.0012746205320581794,0.9444198608398438,271.4599914550781,5.867532253265381,220.8427276611328,152.5604705810547,11.312943458557129,3.6855032444000244,101592.6640625,0.008563480339944363,213.6042938232422,225.97059631347656,57.38755416870117,183.7503204345703,10.76547908782959,8.98400592803955,10.094001770019531,3.3120157718658447,9.255571365356445,3.033355712890625,12.086283683776855,8.207072257995605,9.8226318359375,7.662929534912109,999.0,-3.4630229473114014,3.5378429889678955,0.9601020216941833,147.8793182373047,7.871134281158447,13.591484069824219,9.324057579040527,297.2438049316406,3.1545143127441406,3.023599624633789,0.7872822880744934,2.7242271900177,1.2172622680664062,0.5021260380744934,296.9198913574219,0.8800005316734314,99.99999237060547,0.0,101594.4609375,297.2437438964844,0.013783772476017475,0.811894953250885,0.33082517981529236,0.3465423583984375,0.006709297653287649,5.905421733856201,0.017251145094633102
2022-04-03,11.9,49.5,0.026,3,3,-31.72833333333333,41.68333333333333,20.5,20.5,0.0,4,3,48.8,0.0,15.87155818939209,4578.26953125,0.0,0.06599999964237213,0.0,0.0,0.0,0.0,34.72941589355469,0.6698974967002869,0.0,0.0,0.5889332294464111,35.69189453125,24.182743072509766,0.3961349427700043,-0.1150621697306633,1.4688553164887708e-06,-5.243628025054932,1.5129858255386353,-5.039062023162842,-4.813818454742432,1.4525617361068726,1.4068933725357056,293.5910339355469,296.31036376953125,1.1862832307815552,0.00101746607106179,0.7136713862419128,271.4600524902344,4.6031012535095215,199.340087890625,100.2209701538086,10.426979064941406,2.706484079360962,101680.5234375,0.004463118966668844,195.49546813964844,219.98193359375,67.81409454345703,225.0566864013672,10.219062805175781,8.929569244384766,9.425357818603516,2.4118692874908447,8.748480796813965,2.077794313430786,11.077190399169922,8.628642082214355,11.90338134765625,7.937201976776123,999.0,-3.9153950214385986,1.3311971426010132,0.9971662163734436,102.56658172607422,5.601318359375,12.511539459228516,9.177550315856934,297.2123718261719,2.5106804370880127,2.470677137374878,0.33245849609375,2.046032428741455,1.3682022094726562,0.06698354333639145,297.1219787597656,0.8800005316734314,99.99999237060547,0.0,101677.46875,297.2125549316406,0.008219401352107525,0.9509268403053284,0.6010447144508362,0.4028358459472656,0.004906217101961374,4.781763076782227,0.016031363978981972
2022-04-04,11.6,49.0,0.035,5,3,-29.7,46.766666666666666,20.5,20.5,0.0,4,4,46.6,0.0,10.463024139404297,2394.033935546875,0.0,0.06599999964237213,0.0,0.0,0.0,0.0,34.74693298339844,2.1429221630096436,0.0,0.0,0.6754460334777832,34.8454475402832,25.483304977416992,0.24563650786876678,0.119253009557724,-8.067294174907147e-07,-6.555112838745117,-0.6263294219970703,-6.28762674331665,-6.029745578765869,-0.5438397526741028,-0.5213127136230469,294.39910888671875,297.2328186035156,1.1795158386230469,0.0010787785286083817,0.8520278930664062,271.4599609375,4.292449474334717,157.1468963623047,84.66686248779297,9.880894660949707,2.982612371444702,101618.8046875,0.00525742769241333,151.5087127685547,198.3114776611328,89.08934783935547,201.12107849121094,9.600682258605957,8.257170677185059,8.96483325958252,2.7010488510131836,8.33517074584961,2.4914703369140625,10.472746849060059,8.905741691589355,11.475016593933105,7.156826496124268,999.0,-2.8835651874542236,2.9441120624542236,0.970761239528656,85.73519134521484,6.326904296875,11.56734561920166,8.557934761047363,298.7417907714844,2.3152120113372803,2.263972520828247,0.4506123960018158,1.622442603111267,1.4982452392578125,0.3488883972167969,298.5029296875,0.8800005316734314,99.99999237060547,0.0,101622.65625,298.7419738769531,6.103515625e-05,0.9884276986122131,0.9576699733734131,0.3214505612850189,0.005157987121492624,4.118686199188232,0.01738770119845867
2022-04-05,11.8,50.1,0.044,5,3,-27.471666666666668,51.85,20.5,20.5,0.0,4,5,53.0,0.0,20.43184471130371,5496.509765625,0.0,0.06599999964237213,0.0,0.0,0.0,0.0,34.713417053222656,0.6211479902267456,0.0,0.0,0.643285870552063,35.36241912841797,25.789899826049805,0.029190722852945328,-0.006954065524041653,4.7295007910008735e-09,-7.165798187255859,-2.420320510864258,-6.6275634765625,-6.468382358551025,-2.1828930377960205,-2.130200147628784,294.45721435546875,298.1584167480469,1.176536202430725,0.0011467994190752506,0.712799072265625,271.4599914550781,4.230775833129883,128.27255249023438,71.6078872680664,9.4039945602417,3.409370183944702,101692.5390625,0.006841287016868591,120.08817291259766,76.32349395751953,210.1748809814453,245.11607360839844,8.957633972167969,7.523767948150635,8.497807502746582,3.0643351078033447,7.8632659912109375,2.8098652362823486,8.41653823852539,10.806864738464355,3.878662109375,6.434911251068115,999.0,-3.3054096698760986,3.5438849925994873,0.9686399102210999,71.5796127319336,7.011495113372803,10.956618309020996,7.846237659454346,298.767822265625,2.257094144821167,2.1700541973114014,0.6104176640510559,1.6360057592391968,1.4202346801757812,0.07372919470071793,298.5231628417969,0.8800005316734314,99.99999237060547,0.0,101695.3828125,298.7672424316406,2.0345052689663135e-05,0.9312391877174377,1.0672988891601562,0.3233146667480469,0.006589770317077637,4.081966400146484,0.01897899992763996
2022-04-06,13.0,53.1,0.0,5,3,-24.94,56.93333333333333,20.5,20.5,0.0,4,6,57.300000000000004,0.0,30.919811248779297,4965.78564453125,0.0,0.06599999964237213,0.0,0.0,0.0,0.0,34.715553283691406,0.5868246555328369,0.0,0.0,0.47342753410339355,35.47474670410156,26.30620765686035,-0.2223021388053894,-0.13367226719856262,1.4658679958756693e-07,-6.710878849029541,1.9754213094711304,-6.4105143547058105,-6.157270908355713,1.8943113088607788,1.8197689056396484,293.2874450683594,297.93048095703125,1.1786519289016724,0.0011428998550400138,0.8607686161994934,271.4599609375,3.78767466545105,145.1425018310547,107.07070922851562,9.341182708740234,3.303555488586426,101698.5234375,0.006678062956780195,139.54074096679688,87.86792755126953,207.66990661621094,296.53546142578125,8.81820297241211,7.211287021636963,8.297428131103516,2.971724510192871,7.586126804351807,2.7255859375,7.98188591003418,10.879048347473145,8.84521484375,6.078629016876221,999.0,-3.17767333984375,3.6597087383270264,0.9609062075614929,106.72135162353516,6.86688232421875,11.046319007873535,7.572006702423096,299.3672790527344,2.0151379108428955,1.9239543676376343,0.5859171748161316,1.3978437185287476,1.3102976083755493,0.11899439245462418,299.0321350097656,0.8800005316734314,99.99999237060547,0.0,101697.0234375,299.3671875,0.00026448568678461015,0.8455318808555603,0.9170877933502197,0.31411996483802795,0.004456698894500732,3.8521244525909424,0.01657884381711483
2022-04-07,12.8,54.5,0.046,7,4,-22.198333333333334,61.0,20.5,20.5,0.0,4,7,63.7,0.0,28.542236328125,4282.447265625,0.0,0.06599999964237213,0.0,0.0,0.0,0.0,34.72270965576172,0.9895095229148865,0.0,0.0,0.6631548404693604,35.085105895996094,27.201995849609375,0.14364930987358093,-0.1319807767868042,1.3325377778983238e-07,-9.210948944091797,4.803191661834717,-8.39692211151123,-8.178475379943848,4.422883987426758,4.305978775024414,295.3960876464844,298.2315979003906,1.1719142198562622,0.0013407313963398337,1.0022468566894531,271.4601135253906,4.443050384521484,165.43280029296875,117.75586700439453,10.163987159729004,5.0863871574401855,101435.0,0.011112545616924763,143.7877960205078,140.2675018310547,181.2899627685547,210.1101837158203,8.277798652648926,6.485570907592773,8.717748641967773,4.518528461456299,7.843749523162842,4.090723514556885,9.236716270446777,10.84619140625,17.2442626953125,5.561451435089111,999.0,-3.416229248046875,4.280889987945557,0.9474309086799622,117.93795013427734,9.358134269714355,13.210280418395996,6.778531551361084,300.3414611816406,2.355299711227417,1.8626817464828491,1.4353433847427368,1.3308616876602173,1.1507314443588257,0.5378392338752747,300.1532287597656,0.8800005316734314,99.99999237060547,0.0,101438.0546875,300.3412170410156,0.0,0.626266598701477,0.4698190689086914,0.2956136167049408,0.003867675783112645,2.15956974029541,0.01526720728725195
2022-04-08,12.8,55.1,0.06,6,4,-19.328333333333333,66.08333333333333,20.5,20.5,0.0,4,8,64.5,0.0,33.48534393310547,2497.93017578125,0.0,0.06599999964237213,0.0,0.0,0.0,0.0,34.712425231933594,1.7150530815124512,0.0,0.0,0.6863498687744141,34.6905403137207,28.073179244995117,-0.23750481009483337,-0.04854070022702217,8.531065986971953e-08,-4.196773052215576,3.200556516647339,-4.1693806648254395,-3.91759991645813,3.2458655834198,3.0452797412872314,294.970458984375,299.39593505859375,1.167324185371399,0.0009786221198737621,0.8447774052619934,271.4599914550781,3.8695220947265625,176.91285705566406,126.52332305908203,11.523796081542969,2.4909539222717285,101236.1015625,0.0047707888297736645,175.51463317871094,180.276123046875,139.13543701171875,256.3136901855469,11.291191101074219,8.76357650756836,9.353909492492676,2.2770631313323975,8.08237075805664,2.1137542724609375,12.888379096984863,8.645121574401855,8.867960929870605,7.179762363433838,999.0,-2.7418110370635986,2.3702938556671143,0.9908339977264404,126.65487670898438,5.193216800689697,16.48027801513672,9.222987174987793,301.1810607910156,2.074814558029175,2.0469558238983154,0.3050537109375,1.552143931388855,1.111615538597107,0.6232592463493347,300.8856201171875,0.8800005316734314,99.99999237060547,0.0,101235.8125,301.1813049316406,0.0,0.5409557223320007,0.17353050410747528,0.28509521484375,0.0018786018481478095,6.418837070465088,0.0077453372068703175
2022-04-09,12.8,54.9,0.055,5,3,-16.475,70.15,20.5,20.5,0.0,4,9,61.4,0.0,17.94156265258789,4499.87353515625,0.0,0.06599999964237213,0.0,0.0,0.0,0.0,34.71706008911133,1.0146657228469849,0.0,0.0,0.492000013589859,35.064048767089844,28.5033016204834,-0.29383963346481323,-0.1262121945619583,4.0680208712728927e-07,-3.0113067626953125,-1.0500348806381226,-3.183306932449341,-2.8727500438690186,-1.0678831338882446,-0.9770863652229309,296.2272644042969,299.78778076171875,1.163084626197815,0.0009015366085804999,0.8214314579963684,271.4601135253906,3.8072869777679443,178.24317932128906,61.66609191894531,11.444035530090332,2.306648015975952,101080.7890625,0.0028282953426241875,177.84063720703125,192.0132293701172,196.2134246826172,236.8158416748047,11.374160766601562,9.677720069885254,9.93191146850586,2.013899564743042,8.831306457519531,1.5727640390396118,12.643226623535156,7.327596187591553,5.858785152435303,8.306658744812012,999.0,-2.9007465839385986,1.025461196899414,0.9983974099159241,64.83928680419922,4.403218746185303,14.684745788574219,10.01932144165039,301.784912109375,2.0749218463897705,2.0663559436798096,0.1527913361787796,1.805672526359558,0.9000244140625,0.30809274315834045,301.6158752441406,0.8800005316734314,99.99999237060547,0.0,101085.8359375,301.7846374511719,0.00010172525799134746,0.5013938546180725,0.20219843089580536,0.42451605200767517,0.002141813514754176,5.7030558586120605,0.009774908423423767
2022-04-10,12.8,54.6,0.045,5,3,-13.398333333333333,74.21666666666667,20.5,20.5,0.0,4,10,62.4,0.0,15.549722671508789,5111.41748046875,0.0,0.06599999964237213,0.0,0.0,0.0,0.0,34.71543884277344,0.9305674433708191,0.0,0.0,0.3786655068397522,34.331974029541016,29.59623146057129,-0.048388101160526276,-0.22205635905265808,8.528082844350138e-07,-5.990333080291748,0.3839963376522064,-5.847981929779053,-5.534773349761963,0.3778228759765625,0.36483320593833923,297.2912292480469,299.9964904785156,1.1584099531173706,0.0010419146856293082,0.8728383183479309,271.46002197265625,3.906527280807495,159.6874542236328,89.78730010986328,9.87941837310791,2.972846746444702,101030.5625,0.005564893130213022,156.6859893798828,169.3096160888672,147.371337890625,293.0738525390625,9.543612480163574,7.818784713745117,8.572467803955078,2.6599466800689697,7.763576507568359,2.3687031269073486,10.796895027160645,8.981120109558105,4.874552249908447,6.640091419219971,999.0,-3.6050007343292236,2.6686489582061768,0.9897897243499756,92.73331451416016,5.901143550872803,12.889662742614746,8.158949851989746,302.3407287597656,2.092909336090088,2.035888671875,0.4343160092830658,1.5491892099380493,1.3128585815429688,0.1042022705078125,302.1466369628906,0.8800005316734314,99.99999237060547,0.0,101029.0390625,302.34051513671875,0.0030721027869731188,0.5238763093948364,0.2887248396873474,0.32601675391197205,0.002930204151198268,3.525061845779419,0.013066223822534084
2022-04-11,12.8,53.6,0.033,7,4,-10.278333333333332,78.28333333333333,20.5,20.5,0.0,4,11,60.5,0.0,18.62954330444336,5385.681640625,0.0,0.06599999964237213,0.0,0.0,0.0,0.0,34.71011734008789,0.8776185512542725,0.0,0.0,0.29754769802093506,33.639957427978516,29.01500701904297,-0.16897569596767426,-0.22660763561725616,-2.5751762677828083e-07,-7.481222629547119,0.6649589538574219,-7.0869364738464355,-6.792238712310791,0.6556040644645691,0.6250247955322266,297.4635314941406,299.8611145019531,1.1567522287368774,0.001198201789520681,0.9450454711914062,271.4599914550781,4.387415409088135,152.86209106445312,96.28853607177734,9.510991096496582,3.6313295364379883,100816.5,0.0077927918173372746,147.2390899658203,138.88870239257812,204.1434326171875,276.3255920410156,8.928603172302246,7.375444412231445,8.46989631652832,3.258310079574585,7.800431728363037,2.981114625930786,8.58750057220459,12.92486572265625,5.208740234375,6.319932460784912,999.0,-3.7226054668426514,3.7889416217803955,0.9782156944274902,95.70621490478516,7.59197998046875,10.64151382446289,7.684959888458252,302.157958984375,2.3378818035125732,2.2109272480010986,0.7189839482307434,1.9710439443588257,1.0558420419692993,0.048976898193359375,302.0430908203125,0.8800005316734314,99.99999237060547,0.0,100808.9765625,302.1581115722656,0.02960205078125,0.4885404407978058,0.39939630031585693,0.3012644350528717,0.005487958434969187,3.2398083209991455,0.0209521297365427
2022-04-12,12.9,53.9,0.03,5,3,-6.865,82.35,20.5,20.5,0.0,4,12,57.300000000000004,0.0,11.93229866027832,4861.26171875,0.0,0.06599999964237213,0.0,0.0,0.0,0.0,34.72570037841797,0.9992948770523071,0.0,0.0,0.2929196357727051,34.036651611328125,29.226430892944336,0.44614410400390625,-0.02652599848806858,-6.484430059572333e-07,-2.0830376148223877,-2.541836977005005,-2.165064573287964,-1.981027603149414,-2.6332905292510986,-2.401747941970825,296.7610778808594,301.2348937988281,1.1534026861190796,0.0008441174286417663,0.7025502324104309,271.4599304199219,3.3554351329803467,162.24795532226562,38.4930305480957,9.91081428527832,2.0208356380462646,100861.1953125,0.0021411955822259188,162.1913299560547,149.83924865722656,209.7362518310547,329.0761413574219,9.895280838012695,8.777145385742188,8.848129272460938,1.755191445350647,8.055256843566895,1.32464599609375,9.384665489196777,12.839457511901855,4.031819820404053,7.871297359466553,999.0,-2.615203857421875,0.2010059356689453,1.0109659433364868,40.097225189208984,3.8048503398895264,10.654799461364746,8.98468017578125,302.4990539550781,1.8320037126541138,1.8295888900756836,0.0829671248793602,1.6408783197402954,0.7830810546875,0.3074696958065033,302.2779235839844,0.8800005316734314,99.99999237060547,0.0,100858.2265625,302.4991760253906,0.0,0.5017456412315369,0.3862447440624237,0.37800851464271545,0.004265347961336374,4.370790958404541,0.01605934649705887
2022-04-13,12.5,50.1,-0.017,4,3,-3.3449999999999998,86.41666666666667,20.5,20.5,0.0,4,13,50.2,0.0,10.616715431213379,4946.9580078125,0.0,0.06599999964237213,0.0,0.0,0.0,0.0,34.73057556152344,0.9878767728805542,0.0,0.0,0.4267111122608185,34.521148681640625,30.254486083984375,-0.3773854672908783,-0.38582709431648254,5.594238245976157e-07,-1.9839833974838257,0.9772364497184753,-2.1726467609405518,-1.8936799764633179,1.074806809425354,0.9290065765380859,296.5185241699219,301.6499328613281,1.1509557962417603,0.0007410395774058998,0.6963475346565247,271.4599609375,3.2044527530670166,167.73602294921875,60.92852783203125,10.079456329345703,3.1463747024536133,100822.8984375,0.0015159934991970658,167.7284393310547,162.43765258789062,272.8207092285156,138.73060607910156,10.076679229736328,9.029051780700684,9.043395042419434,2.2550599575042725,8.253377914428711,0.4457855224609375,10.132147789001465,8.4541015625,4.546712398529053,8.212143898010254,999.0,-3.5352580547332764,-2.074869155883789,1.01451575756073,119.7003173828125,2.6380817890167236,10.982161521911621,9.210976600646973,303.1687927246094,1.7636278867721558,1.7633730173110962,0.01704915426671505,1.68911874294281,0.4596761167049408,0.16143162548542023,303.1222839355469,0.8800005912780762,99.99999237060547,0.0,100820.5390625,303.1689453125,0.0,0.5577688813209534,0.34301522374153137,1.0201263427734375,0.004360613878816366,5.01833963394165,0.014609032310545444
2022-04-14,12.8,51.4,-0.012,4,3,0.25833333333333336,89.46666666666667,20.5,20.5,0.0,4,14,51.2,0.0,10.527729988098145,3000.661376953125,0.0,0.06599999964237213,0.0,0.0,0.0,0.0,34.7685661315918,1.7538334131240845,0.0,0.0,0.5140990018844604,34.848846435546875,30.945146560668945,0.3019675612449646,0.004771513398736715,9.090407502299058e-07,-0.4726142883300781,0.09973716735839844,-0.5365689396858215,-0.433062881231308,0.12219365686178207,0.11657079309225082,295.4117126464844,302.1332702636719,1.1509451866149902,0.0006780935800634325,0.6393966674804688,271.4598693847656,3.038861036300659,171.28126525878906,35.31089401245117,10.31917953491211,3.864906072616577,100874.9921875,0.0009665112011134624,171.28033447265625,163.71249389648438,243.3927764892578,186.1707000732422,10.31917953491211,9.353617668151855,9.353617668151855,2.607161521911621,8.696181297302246,0.0,10.182148933410645,10.77935791015625,4.95458984375,8.696181297302246,999.0,-2.7243449687957764,-6.076234817504883,0.9977501034736633,143.15771484375,2.0054523944854736,11.065555572509766,9.484029769897461,303.6975402832031,1.6886968612670898,1.6885986328125,0.008936564438045025,1.567108154296875,0.5458043217658997,0.2348480224609375,303.5346984863281,0.8800005316734314,99.99999237060547,0.0,100873.125,303.6976623535156,0.0,0.516104519367218,0.3359476625919342,1.414215087890625,0.003974159713834524,5.050538063049316,0.013934667222201824
2022-04-15,12.3,51.5,0.024,3,2,3.585,93.53333333333333,20.5,20.5,0.0,4,15,53.300000000000004,0.0,10.463024139404297,4447.232421875,0.0,0.06599999964237213,0.0,0.0,0.0,0.0,34.71349334716797,0.7627432346343994,0.0,0.0,0.5329562425613403,33.633567810058594,31.114931106567383,0.17265239357948303,0.5571335554122925,-1.475475073675625e-06,0.8571599125862122,0.5300948023796082,1.0555158853530884,0.8366692662239075,0.641143798828125,0.5458800196647644,297.211181640625,301.61322021484375,1.1495161056518555,0.0006935952696949244,0.7154388427734375,271.4600524902344,2.5876386165618896,182.61688232421875,35.62651443481445,10.409998893737793,3.850216865539551,100872.2890625,0.0009276082273572683,182.61688232421875,169.4268341064453,218.17626953125,271.5529479980469,10.409928321838379,9.209818840026855,9.210174560546875,2.5997560024261475,8.304408073425293,0.008402506820857525,9.64133071899414,14.096577644348145,5.375101566314697,8.303411483764648,999.0,-2.071624755859375,-2.9168598651885986,0.996783435344696,245.44154357910156,2.13134765625,10.581912994384766,9.425223350524902,304.20703125,1.4291678667068481,1.4291810989379883,0.00029500326490961015,1.2344452142715454,0.6371917724609375,0.3103128969669342,304.0913391113281,0.8800005316734314,99.99999237060547,0.0,100873.3671875,304.2073669433594,0.0,0.4603995978832245,0.29417160153388977,1.4061826467514038,0.0025309324264526367,3.6169331073760986,0.012879536487162113
2022-04-16,12.5,52.4,0.035,3,2,5.966666666666667,97.6,20.5,20.5,0.0,4,16,54.7,0.0,13.364154815673828,331.15869140625,0.0,0.06599999964237213,0.0,0.0,0.0,0.0,35.07355499267578,11.408459663391113,0.0,0.0,0.5546295642852783,32.0205078125,30.46524429321289,0.04714082181453705,0.1135927364230156,-7.376775670309144e-07,2.370671510696411,-3.3969027996063232,2.396557569503784,2.2253143787384033,-3.425076723098755,-3.201292037963867,297.41064453125,301.8912048339844,1.1482658386230469,0.0008901113760657609,0.7291107177734375,271.46002197265625,0.8532588481903076,322.97467041015625,323.7736511230469,4.127591609954834,2.050564765930176,100754.9375,0.002202084055170417,324.4562072753906,339.3509826660156,265.7334899902344,239.3817596435547,3.8306548595428467,3.288330078125,3.6969404220581055,1.8732846975326538,3.443918466567993,1.6909281015396118,4.018887996673584,5.630838871002197,10.934956550598145,2.9642021656036377,841.0,-2.0052387714385986,1.969400405883789,0.9939514994621277,321.9067077636719,4.259806156158447,4.466712951660156,3.5922393798828125,303.2491455078125,0.45585349202156067,0.4158838093280792,0.160858154296875,0.36927175521850586,0.18787892162799835,0.07590484619140625,303.0057678222656,0.8800005316734314,99.99999237060547,0.0,100759.25,303.249267578125,0.0010172525653615594,0.5825733542442322,0.4667831361293793,0.308349609375,0.007182320114225149,2.895500898361206,0.0236227884888649
2022-04-17,12.4,50.2,-0.006,4,2,3.6733333333333333,101.66666666666667,20.5,20.5,0.0,4,17,48.4,0.0,11.018921296013335,181.84680197194933,0.0,0.0659999994969994,0.0,0.0,0.0,0.0,34.758749297002765,20.539206169048207,0.0,0.0,0.37982977124628226,33.734811769934986,30.182504896075766,-0.024020914287349666,0.01418481022110411,9.5140059922419e-08,-0.7779464721679688,-0.826278030872345,-0.4831746518611908,-0.46919378638267517,-0.6064643859863281,-0.5615546107292175,296.1432800292969,298.4771423339844,1.1740333827959981,0.001101744987494797,0.7314856576545505,271.4600524902344,2.386811070626601,187.73377554692547,197.65421764302567,5.789213610654956,2.928200744029697,100967.75,0.00633007022114093,188.52172257411297,198.072623139649,175.53165768219816,,5.567577114905824,5.211622572780715,5.456052586463205,2.6088869070289475,6.017247817735875,1.8940334198623605,4.191991209408582,5.651333760725592,8.490457254374702,5.19542683261058,432.4485437014653,-2.886985545963131,0.8092837446352038,0.9841787505080364,261.6882520299675,3.7634246956593658,4.771964604109902,5.415348385066819,303.16471833692447,1.7525871342332213,1.507214990915851,0.6755121685833294,1.3057316346955166,0.5694660493797487,0.2254724603033639,297.56103515625,0.8800005316734314,99.99999237060547,0.0,95204.5859375,273.1601257324219,0.2889200747013092,0.6464880284719992,0.4978754453882053,0.44351855401773915,0.008359492120238093,3.899174742701998,0.021775211468213027
2022-04-18,11.9,49.2,0.016,3,2,1.1400000000000001,104.71666666666667,20.5,20.5,0.0,4,18,49.0,0.0,10.463024139404297,31.75178337097168,0.0,0.06599999964237213,0.0,0.0,0.0,0.0,32.83246612548828,29.80498695373535,0.0,0.0,0.7591447830200195,32.47843551635742,30.799591064453125,0.10016581416130066,-0.06697086244821548,9.00634574918513e-07,0.1718718260526657,-1.9016551971435547,0.21377944946289062,0.1971435546875,-2.036419630050659,-1.7945791482925415,297.5478820800781,300.8868713378906,1.1515803337097168,0.0007361473399214447,0.6711323857307434,271.4598693847656,0.5518781542778015,52.92330551147461,71.68710327148438,3.2970802783966064,3.0969057083129883,100902.6953125,0.0012962366454303265,52.6503791809082,57.15336608886719,85.33392333984375,100.40988159179688,3.265199661254883,2.845874786376953,2.895679473876953,2.232227325439453,2.6748759746551514,0.4825795590877533,3.0745954513549805,5.419413089752197,5.794454097747803,2.6111350059509277,24.0,-1.2669677734375,0.8858063817024231,1.0021394491195679,202.05723571777344,2.5843098163604736,3.3543269634246826,3.126192092895508,303.0765686035156,0.2967208921909332,0.29365062713623047,0.02329508401453495,0.20596851408481598,0.08465576171875,0.04035695269703865,303.0069274902344,0.8800005316734314,99.99999237060547,0.0,100884.5703125,303.0767822265625,0.0015869140625,0.6337966322898865,0.5586296916007996,0.9977366328239441,0.014483650214970112,5.231360912322998,0.026002349331974983
2022-04-19,11.7,48.7,0.027,4,2,4.645,107.76666666666667,20.5,20.5,0.0,4,19,49.1,0.0,10.463024139404297,59.35019302368164,0.0,0.06599999964237213,0.0,0.0,0.0,0.0,33.69015884399414,25.61322784423828,0.0,0.0,0.6925771236419678,33.29982376098633,29.56954574584961,-0.06631151586771011,-0.0005048138555139303,1.20952688575926e-06,-4.085838317871094,-4.136648178100586,-3.9167098999023438,-3.739659070968628,-3.99690318107605,-3.8180599212646484,297.7142028808594,300.9601745605469,1.1527222394943237,0.0010225704172626138,0.7376937866210938,271.4600830078125,1.9641499519348145,31.28397560119629,43.69544982910156,6.5378947257995605,2.694851875305176,100957.40625,0.004444943740963936,32.63520431518555,31.19293212890625,189.4091033935547,76.46638488769531,6.008749485015869,4.898210525512695,5.723130702972412,2.4529104232788086,5.252048492431641,2.2703144550323486,6.549417972564697,4.537455081939697,21.14546775817871,4.242730617523193,95.0,-2.9495952129364014,2.951908826828003,0.9871224761009216,44.07650375366211,5.69140625,8.919306755065918,5.224849224090576,302.4541015625,1.0385209321975708,0.9641714096069336,0.3644053041934967,1.0923935174942017,0.15957386791706085,0.0048624672926962376,302.29443359375,0.8800005316734314,99.99999237060547,0.0,100960.3046875,302.4540100097656,0.0064290366135537624,0.4617716073989868,0.30099329352378845,0.3025449216365814,0.0035036802291870117,2.3395237922668457,0.02132531814277172
2022-04-20,12.2,53.5,0.073,5,3,8.233333333333333,110.81666666666666,20.5,20.5,0.0,4,20,55.300000000000004,0.0,16.37898063659668,1680.5653076171875,0.0,0.06599999964237213,0.0,0.0,0.0,0.0,34.59981918334961,2.5670948028564453,0.0,0.0,0.6715207099914551,33.091304779052734,29.034223556518555,-0.04554655775427818,0.2929459810256958,1.0239589300908847e-06,-5.012750625610352,-2.5841548442840576,-4.783224582672119,-4.582752704620361,-2.507359743118286,-2.3967082500457764,297.7583312988281,300.68939208984375,1.154238224029541,0.0010036282474175096,0.7017071843147278,271.4600830078125,2.086535930633545,33.55622863769531,63.73231887817383,6.370812892913818,2.536079168319702,100952.9140625,0.004243810195475817,35.95893478393555,33.12671661376953,280.04815673828125,119.98336029052734,6.067020416259766,5.131760597229004,5.705775737762451,2.315108299255371,5.307281017303467,2.1475422382354736,6.461153507232666,3.9185993671417236,22.78487205505371,4.513091564178467,999.0,-2.9460551738739014,2.717670440673828,0.9938879609107971,63.79153823852539,5.520263671875,7.983861446380615,5.402955532073975,302.0923767089844,1.1067627668380737,1.0604983568191528,0.3059895932674408,1.0781323909759521,0.04541778564453125,0.0030771892052143812,301.8047180175781,0.8800005316734314,99.99999237060547,0.0,100947.65625,302.09271240234375,0.0008341471548192203,0.5702861547470093,0.27442142367362976,0.30590057373046875,0.004018664360046387,2.9310662746429443,0.017188044264912605
2022-04-21,12.4,51.0,0.011,5,3,11.966666666666667,113.86666666666666,20.5,20.5,0.0,4,21,51.1,0.0,21.002443313598633,4392.0927734375,0.0,0.06599999964237213,0.0,0.0,0.0,0.0,34.639366149902344,1.7825652360916138,0.0,0.0,0.7091559171676636,33.56119155883789,29.190250396728516,-0.01885077729821205,0.03820990398526192,-5.360274712984392e-07,-4.90418815612793,-1.4331289529800415,-4.744434356689453,-4.521204471588135,-1.3979085683822632,-1.3354161977767944,297.1548156738281,301.1871643066406,1.1537383794784546,0.0009687805431894958,0.6805394291877747,271.4599914550781,2.1403510570526123,34.021297454833984,73.75834655761719,7.142095565795898,2.322700262069702,101016.6484375,0.0032968914601951838,36.00687789916992,31.59590721130371,250.3206329345703,65.34064483642578,6.887691020965576,5.847575664520264,6.392375469207764,2.132216215133667,5.90348482131958,1.9851328134536743,7.320680618286133,4.418355464935303,21.7119140625,5.100393772125244,999.0,-2.2750346660614014,2.340082883834839,0.9830629229545593,74.05963897705078,5.1304931640625,8.302403450012207,6.136519908905029,302.2472229003906,1.137117862701416,1.1047980785369873,0.2444000244140625,1.091711163520813,0.0894571915268898,0.0069630942307412624,302.0179138183594,0.8800005316734314,99.99999237060547,0.0,101010.9140625,302.2474670410156,0.00250244140625,0.5018185973167419,0.2395716905593872,0.3062502443790436,0.005507031921297312,5.29685640335083,0.016483144834637642
2022-04-22,12.3,50.4,0.006,5,3,15.885,116.91666666666667,20.5,20.5,0.0,4,22,50.2,0.0,10.463024139404297,4148.29541015625,0.0,0.06599999964237213,0.0,0.0,0.0,0.0,34.64323043823242,1.7715054750442505,0.0,0.0,0.6355301141738892,33.72054672241211,28.473628997802734,-0.06050319969654083,-0.037808023393154144,-5.008188281863113e-07,-3.6609885692596436,-1.7576433420181274,-3.5693862438201904,-3.374302625656128,-1.7569904327392578,-1.6603895425796509,298.20074462890625,301.3406677246094,1.153659701347351,0.0008667982765473425,0.5794016718864441,271.4599609375,1.096255898475647,42.16724395751953,62.08208084106445,5.587825775146484,2.072903633117676,101092.2265625,0.0019782499875873327,43.55857849121094,29.453577041625977,71.44680786132812,109.23162841796875,5.353186130523682,4.304660797119141,4.709506988525391,1.8649736642837524,4.2746686935424805,1.6012471914291382,5.23463773727417,9.146586418151855,5.571044921875,3.7462053298950195,999.0,-1.5952962636947632,1.5776151418685913,0.9941267371177673,63.891021728515625,4.032267093658447,6.100134372711182,4.636836528778076,302.076904296875,0.5787819027900696,0.5591127276420593,0.1351318359375,0.48679009079933167,0.19806671142578125,0.18179957568645477,301.9690246582031,0.8800005316734314,99.99999237060547,0.0,101076.6328125,302.0773010253906,0.0007731119985692203,0.6256027817726135,0.35991373658180237,0.34172821044921875,0.004242459777742624,4.4674072265625,0.015265082009136677
2022-04-23,12.3,51.9,0.041,4,3,19.68,120.98333333333333,20.5,20.5,0.0,4,23,51.300000000000004,0.0,13.968656539916992,2052.2880859375,0.0,0.06599999964237213,0.0,0.0,0.0,0.0,34.64665985107422,2.330106735229492,0.0,0.0,0.6919922232627869,34.013755798339844,27.956071853637695,-0.34448015689849854,0.21262092888355255,6.102440579525137e-07,-5.81434440612793,4.3092169761657715,-5.260486602783203,-5.157376766204834,3.8328189849853516,3.7588119506835938,297.6705017089844,300.3830871582031,1.1571178436279297,0.0011043158592656255,0.6522547602653503,271.4599914550781,2.093369960784912,91.47284698486328,125.67845916748047,7.145931243896484,3.1623659133911133,101052.8671875,0.005806916859000921,101.14327239990234,89.8879623413086,120.9022216796875,275.2542419433594,6.12993860244751,4.754596710205078,6.023975372314453,2.852975606918335,5.397505283355713,2.6217448711395264,6.934989929199219,8.099650382995605,6.006591796875,4.069349765777588,999.0,-2.852508544921875,3.5765368938446045,0.9578478932380676,125.8692855834961,6.431742191314697,9.546524047851562,5.105696678161621,300.8526611328125,1.100212812423706,0.9380176067352295,0.5470021367073059,0.6682390570640564,0.4326528012752533,0.014925639145076275,300.6476745605469,0.8800005316734314,99.99999237060547,0.0,101004.625,300.8529968261719,0.0,0.48267248272895813,0.2423611432313919,0.2927640378475189,0.004800674971193075,2.420290946960449,0.014938096515834332
2022-04-24,13.0,49.6,-0.069,5,3,23.945,124.03333333333333,20.5,20.5,0.0,4,24,47.3,0.0,13.268167495727539,2891.564697265625,0.0,0.06599999964237213,0.0,0.0,0.0,0.0,34.667423248291016,1.4492063522338867,0.0,0.0,1.0820928812026978,34.43236541748047,27.111770629882812,0.4725712835788727,0.2918837070465088,-6.520680244648247e-07,0.09538650512695312,5.862579822540283,0.016963323578238487,0.0088717145845294,5.202812194824219,5.120095729827881,297.2230529785156,299.6092834472656,1.1611045598983765,0.0009817610261961818,0.38226318359375,271.4601135253906,1.952118992805481,120.11748504638672,182.63800048828125,6.775358200073242,2.484443426132202,101158.125,0.004097301047295332,125.9313735961914,117.10196685791016,132.53248596191406,280.8024597167969,6.344693660736084,5.142068862915039,5.826984405517578,2.2679481506347656,5.295531749725342,2.103515625,6.551884174346924,12.966288566589355,5.475545406341553,4.453531265258789,154.0,-2.602264404296875,2.4166386127471924,0.9860711693763733,182.80494689941406,5.240396976470947,9.156692504882812,5.4493327140808105,299.7451477050781,1.0343033075332642,0.9723284244537354,0.306976318359375,0.8318357467651367,0.42773690819740295,0.07970809936523438,299.6001892089844,0.8800005316734314,99.99999237060547,0.0,101083.6171875,299.7452697753906,0.0029500324744731188,0.5584174990653992,0.33306685090065,0.2964134216308594,0.0016452496638521552,2.0084102153778076,0.01216480229049921
2022-04-25,13.0,50.4,-0.052,5,3,28.708333333333332,126.06666666666666,20.5,20.5,0.0,4,25,46.400000000000006,0.0,11.532395362854004,109.11045837402344,0.0,0.06599999964237213,0.0,0.0,0.0,0.0,34.487369537353516,18.857887268066406,0.0,0.0,0.37752148509025574,33.64327621459961,20.822908401489258,0.26236096024513245,0.09220865368843079,5.510239589057164e-07,0.3425788879394531,12.307853698730469,-0.09141159057617188,-0.1369762420654297,8.324291229248047,8.79495620727539,294.9461364746094,296.1090087890625,1.1702511310577393,0.0013740715803578496,0.0059076943434774876,271.45989990234375,2.641730546951294,132.3793487548828,175.0372772216797,6.654102802276611,4.074988842010498,101023.0625,0.008847343735396862,167.22413635253906,117.0884017944336,55.452850341796875,145.88339233398438,5.295003414154053,4.510900974273682,5.755621433258057,3.6545755863189697,5.214059352874756,3.317998170852661,8.982317924499512,7.437967777252197,5.3057861328125,4.034005165100098,117.0,-3.1390888690948486,4.054575443267822,0.9417142271995544,176.7715606689453,8.829365730285645,5.3859429359436035,4.759038925170898,293.7421875,1.3593697547912598,0.6211711764335632,1.1095784902572632,0.4966188371181488,0.19951121509075165,0.08154169470071793,293.7390441894531,0.8800005316734314,99.99999237060547,0.0,101018.1015625,293.7423400878906,0.001556396484375,0.6400462985038757,0.7217721343040466,0.36438241600990295,0.029954733327031136,4.433871746063232,0.0453503280878067
2022-04-26,12.1,50.1,0.019,6,4,33.471666666666664,126.06666666666666,20.5,20.5,0.0,4,26,46.4,0.0,16.317630767822266,87.2369155883789,0.0,0.06599999964237213,0.0,0.0,0.0,0.0,34.213924407958984,15.680245399475098,0.0,0.0,0.06431786715984344,33.60017776489258,15.997810363769531,0.0684766098856926,0.009465690702199936,-4.718548662907551e-09,2.3072669506073,-4.072385311126709,1.6307621002197266,1.709564208984375,-3.1147868633270264,-2.969308853149414,285.8973388671875,287.73956298828125,1.2097382545471191,0.0011633491376414895,0.40417733788490295,271.4599914550781,2.922999620437622,202.9363555908203,242.85923767089844,6.625255584716797,3.449002265930176,100754.71875,0.007225231733173132,234.185791015625,193.7929229736328,222.26605224609375,212.62127685546875,6.013490200042725,5.290548801422119,6.160921096801758,3.058638572692871,5.807637691497803,2.6385295391082764,6.8310546875,14.238139152526855,18.11653709411621,4.753653049468994,67.0,-6.109151363372803,2.859832763671875,1.0110357999801636,210.6998748779297,6.97808837890625,6.911678314208984,5.50761079788208,288.206298828125,1.5359421968460083,1.3206735849380493,0.6667378544807434,1.2567647695541382,0.24377696216106415,0.0135498046875,287.8994140625,0.8800005316734314,99.99999237060547,0.0,100677.6171875,288.20611572265625,0.2637939453125,0.6300826668739319,0.46900495886802673,0.40459442138671875,0.01649015210568905,5.132110595703125,0.034071896225214005
2022-04-27,12.2,53.0,0.068,6,3,37.99666666666667,124.03333333333333,20.5,20.5,0.0,4,27,57.4,0.0,12.449361801147461,55.33549499511719,0.0,0.06599999964237213,0.0,0.0,0.0,0.0,32.969337463378906,4.723884105682373,0.0,0.0,0.050001028925180435,31.549863815307617,9.064488410949707,0.04102439433336258,-0.00911809504032135,1.6192255998248584e-06,1.4343891143798828,-9.004545211791992,1.4381300210952759,1.495292067527771,-6.252047061920166,-6.368701934814453,277.6310119628906,282.9937438964844,1.2498559951782227,0.0011333865113556385,0.0161259975284338,271.4599914550781,1.7411085367202759,207.06651306152344,256.9723205566406,5.258853912353516,3.3725149631500244,101913.1875,0.006016466300934553,342.8689270019531,258.9981994628906,177.3743438720703,166.02272033691406,4.412478923797607,3.779550313949585,4.730905055999756,3.0286197662353516,4.375181198120117,2.7723186016082764,10.278307914733887,7.155232906341553,3.3649699687957764,3.3897178173065186,27.0,-3.1280314922332764,3.652604341506958,0.9657147526741028,257.9941101074219,6.682454586029053,4.641517639160156,4.057864665985107,282.5212097167969,0.9105013012886047,0.6336663365364075,0.6355488896369934,0.5406171083450317,0.27088674902915955,0.02959696389734745,282.2555236816406,0.8800005316734314,99.99999237060547,0.0,101906.09375,282.5212707519531,0.0005900065298192203,0.6196600198745728,0.5689488649368286,0.2957089841365814,0.016112523153424263,3.6474926471710205,0.03981739655137062
2022-05-07,11.5,42.3,-0.107,5,3,37.49,125.05,7.5,10.9,3.4000000000000004,5,7,30.7,0.0,10.792678833007812,16.93083953857422,0.0,0.06599999964237213,0.0,0.0,0.0,0.0,31.352556228637695,9.206411361694336,0.0,0.0,0.03900769352912903,30.624069213867188,11.10902214050293,-0.02196599170565605,-0.0941585898399353,-3.515957587296725e-07,1.7526435852050781,-8.437992095947266,2.0428085327148438,1.964892029762268,-5.93310546875,-6.066079616546631,279.5646057128906,285.1685791015625,1.237783670425415,0.0012141541810706258,0.03312937542796135,271.4599914550781,1.6374279260635376,306.05059814453125,264.067138671875,4.660751819610596,3.27435040473938,101977.21875,0.006337248254567385,330.0790100097656,284.5107116699219,193.3661346435547,183.2173309326172,4.02997350692749,3.5486183166503906,4.164778232574463,2.9471988677978516,3.8114013671875,2.6834919452667236,8.262837409973145,6.896443843841553,4.806884765625,3.2147624492645264,17.0,-3.0710551738739014,3.643296003341675,0.9560293555259705,251.435302734375,7.077229976654053,4.751096248626709,3.817232370376587,284.2331848144531,0.8612401485443115,0.3935089111328125,0.679779052734375,0.3469441831111908,0.099395751953125,0.0297826137393713,284.02587890625,0.8800008296966553,99.99999237060547,0.0,101950.875,284.23333740234375,0.115875244140625,0.5907197594642639,0.5943713784217834,0.32864508032798767,0.015307624824345112,3.9327316284179688,0.03799694404006004
2022-05-08,13.3,47.9,-0.127,4,2,32.266666666666666,126.06666666666666,7.5,10.9,3.4000000000000004,5,8,41.9,0.0,10.463024139404297,101.72574615478516,0.0,0.06599999964237213,0.0,0.0,0.0,0.0,34.20038986206055,14.974907875061035,0.0,0.0,0.16133268177509308,32.361019134521484,18.347436904907227,-0.07441817969083786,0.08347949385643005,9.404897696185799e-07,-2.9917869567871094,-3.081977128982544,-1.5066858530044556,-1.666128158569336,-2.665325880050659,-2.808037519454956,289.628662109375,291.531982421875,1.20388662815094,0.000827341980766505,0.0081634521484375,271.4600524902344,1.7912284135818481,58.679264068603516,33.860103607177734,5.874067306518555,2.596839666366577,101641.0546875,0.0027732502203434706,57.865055084228516,131.25343322753906,171.5208740234375,230.100830078125,5.808311939239502,5.101961612701416,5.240114688873291,2.0582973957061768,4.845147609710693,1.0511270761489868,5.584192752838135,6.763468265533447,5.5772705078125,4.633924961090088,83.0,-4.579254150390625,0.8369401097297668,1.038944125175476,37.29081344604492,3.5838623046875,6.152706146240234,5.287357807159424,290.9539794921875,0.9490213990211487,0.940532386302948,0.0828806534409523,0.6398732662200928,0.5511347651481628,0.4352022707462311,290.9888610839844,0.8800008296966553,99.99999237060547,0.0,101704.28125,290.9542541503906,0.0,0.951100766658783,1.0529018640518188,0.6742833256721497,0.009914278984069824,4.728579998016357,0.025215335190296173
2022-05-09,13.8,50.0,-0.117,4,2,26.815,126.06666666666666,7.5,10.9,3.4000000000000004,5,9,41.0,0.0,16.179964065551758,1561.514404296875,0.0,0.06599999964237213,0.0,0.0,0.0,0.0,34.431365966796875,3.5483367443084717,0.0,0.0,0.7878016233444214,34.41752243041992,26.16336441040039,0.14325793087482452,0.7266417145729065,1.7902651450185658e-07,-1.7178268432617188,-4.835151195526123,-1.7389856576919556,-1.6045513153076172,-4.837324619293213,-4.557568073272705,293.1921081542969,296.7104797363281,1.1793440580368042,0.0009892828529700637,0.8481292724609375,271.4600830078125,2.0573718547821045,40.41081619262695,38.41567611694336,6.203008651733398,2.64465069770813,101367.375,0.004792331252247095,32.72740173339844,36.257686614990234,123.3997573852539,93.42816162109375,5.7365570068359375,4.816195487976074,5.485954761505127,2.3999674320220947,5.076866626739502,2.1928203105926514,5.663957118988037,7.552835941314697,8.528544425964355,4.2678351402282715,999.0,-3.6307270526885986,2.7049930095672607,1.0047458410263062,24.380393981933594,5.278707027435303,5.858945369720459,5.07451057434082,298.9042663574219,1.077067494392395,0.9901472926139832,0.3629709780216217,0.7998600006103516,0.46688079833984375,0.28506341576576233,298.6244812011719,0.8800008296966553,99.99999237060547,0.0,101364.1953125,298.9042663574219,0.07171630859375,0.7278671860694885,0.6920551657676697,0.29766717553138733,0.012480969540774822,2.9214885234832764,0.032925717532634735
2022-05-10,11.5,41.9,-0.113,5,3,22.608333333333334,124.03333333333333,7.5,10.9,3.4000000000000004,5,10,27.5,0.0,10.463025093078613,5664.84423828125,0.0,0.06599999964237213,0.0,0.0,0.0,0.0,34.67816925048828,1.1708660125732422,0.0,0.0,1.208569884300232,34.39371871948242,27.302879333496094,-0.15314733982086182,0.5460273623466492,-2.48240030487068e-06,-2.6362686157226562,5.856433868408203,-2.5400893688201904,-2.446547746658325,5.431236743927002,5.264294147491455,297.0791931152344,300.1593322753906,1.1586048603057861,0.0010714932577684522,0.6814854741096497,271.4599609375,2.41742205619812,87.26119995117188,150.3740692138672,7.995830535888672,2.8654348850250244,101097.5,0.004946632776409388,97.2190933227539,89.62549591064453,246.51194763183594,235.65025329589844,7.288829803466797,5.888782024383545,7.039334774017334,2.6040992736816406,6.393650054931641,2.4048869609832764,8.33411979675293,5.16290283203125,13.12054443359375,5.002364635467529,999.0,-2.3627727031707764,3.0369045734405518,0.954401969909668,152.2183074951172,6.11383056640625,9.290827751159668,6.2444915771484375,301.0557556152344,1.2792624235153198,1.1710950136184692,0.456207275390625,1.1322358846664429,0.29370880126953125,0.02820332907140255,300.9785461425781,0.8800007700920105,99.99999237060547,0.0,101094.4609375,301.0558776855469,0.0074055991135537624,0.6186752915382385,0.36388111114501953,0.3465677797794342,0.003457876620814204,4.164665699005127,0.014736160635948181
2022-05-11,12.6,50.0,-0.024,4,3,19.041666666666668,119.96666666666667,7.5,10.9,3.4000000000000004,5,11,42.5,0.0,10.463024139404297,3411.34765625,0.0,0.06599999964237213,0.0,0.0,0.0,0.0,34.65412521362305,1.8299620151519775,0.0,0.0,0.5802395939826965,33.57762908935547,30.442174911499023,0.022613035514950752,0.5090417861938477,-9.459882903684047e-07,-0.34994378685951233,-1.4969323873519897,-0.3185920715332031,-0.3040180206298828,-1.562356948852539,-1.4317678213119507,297.6633605957031,302.4140930175781,1.1483850479125977,0.0007879117620177567,0.6728184819221497,271.4599609375,1.1811407804489136,68.85719299316406,149.01219177246094,6.880345821380615,2.3665030002593994,100907.65625,0.001641820534132421,68.63333892822266,72.56304168701172,256.3298645019531,231.48826599121094,6.82507848739624,5.3069844245910645,5.4365925788879395,1.8989092111587524,4.612951278686523,1.016754150390625,7.832457065582275,3.2946574687957764,3.21295166015625,4.430313587188721,999.0,-1.4155172109603882,0.8273995518684387,1.0015232563018799,180.9597625732422,3.1512043476104736,9.273127555847168,5.71094274520874,303.7589111328125,0.6233451962471008,0.6183446645736694,0.0618387870490551,0.5858383774757385,0.20440928637981415,0.09956232458353043,303.5061340332031,0.8800007700920105,99.99999237060547,0.0,100930.0390625,303.7591552734375,0.0026448566932231188,0.5927281975746155,0.27716585993766785,0.5880889892578125,0.0005923758144490421,2.8665876388549805,0.007329421583563089
2022-05-12,13.5,49.6,-0.106,4,2,15.085,116.91666666666667,7.5,10.9,3.4000000000000004,5,12,41.900000000000006,0.0,10.853178977966309,4284.77978515625,0.0,0.06599999964237213,0.0,0.0,0.0,0.0,34.6401252746582,1.7753819227218628,0.0,0.0,0.7030531764030457,33.52560806274414,30.31243896484375,0.04503941535949707,0.10711372643709183,2.532155463086383e-07,-0.37819671630859375,2.880458116531372,-0.38335928320884705,-0.36949220299720764,3.0068702697753906,2.7338225841522217,297.5305480957031,302.38201904296875,1.1470123529434204,0.0008158523123711348,0.6846694946289062,271.46002197265625,0.7218455672264099,76.24958038330078,115.09867095947266,4.4031877517700195,2.709652900695801,100820.7265625,0.001530720735900104,82.6719741821289,110.28195190429688,34.1419792175293,46.93612289428711,4.210154056549072,3.4118165969848633,3.6754274368286133,2.1247904300689697,3.3343961238861084,1.0100198984146118,3.589045286178589,4.696512699127197,9.155964851379395,3.0293424129486084,999.0,-1.7589517831802368,1.337005615234375,0.9977806210517883,177.18299865722656,3.4728190898895264,4.6913628578186035,3.737621545791626,303.6349792480469,0.38351356983184814,0.3675496280193329,0.0803120955824852,0.2741098701953888,0.21471405029296875,0.1211954727768898,303.4054870605469,0.880000650882721,99.99999237060547,0.0,100809.3671875,303.6346130371094,2.0345052689663135e-05,0.7281203269958496,0.6470349431037903,0.7315203547477722,0.0042526149190962315,2.2714524269104004,0.017962398007512093
2022-05-13,11.3,42.5,-0.083,5,3,11.498333333333333,113.86666666666666,7.5,10.9,3.4000000000000004,5,13,28.5,0.0,13.330151557922363,4339.3466796875,0.0,0.06599999964237213,0.0,0.0,0.0,0.0,34.639041900634766,1.7854347229003906,0.0,0.0,0.7401596903800964,33.44108963012695,30.137378692626953,-0.022529365494847298,-0.012385565787553787,3.2900740620789293e-07,1.5120315551757812,4.373374938964844,1.4661012887954712,1.3915761709213257,4.3095550537109375,4.07609748840332,298.079833984375,302.25494384765625,1.1471854448318481,0.000949655834119767,0.6870498657226562,271.4599609375,0.8566639423370361,160.2469482421875,198.8911590576172,4.214004039764404,2.207821846008301,100864.75,0.002306598937138915,168.94894409179688,182.7801055908203,65.3763656616211,70.44600677490234,3.813185930252075,3.2465009689331055,3.784088373184204,2.0402767658233643,3.562899351119995,1.9072622060775757,3.9175803661346436,4.538370609283447,5.780660152435303,2.9309213161468506,999.0,-2.0379130840301514,2.3333942890167236,0.9827902913093567,198.6382598876953,4.928304195404053,4.0772271156311035,3.5398967266082764,303.3123474121094,0.45476314425468445,0.3944406509399414,0.2185618132352829,0.34628236293792725,0.17227427661418915,0.12117767333984375,303.038330078125,0.8800005316734314,99.99999237060547,0.0,100862.4453125,303.3125,0.0,0.766258180141449,0.7860066890716553,0.2858034670352936,0.011060535907745361,3.3892014026641846,0.02793307788670063
2022-05-14,11.5,43.7,-0.073,5,3,7.7683333333333335,110.81666666666666,7.5,10.9,3.4000000000000004,5,14,30.7,0.0,11.864705085754395,1940.6541748046875,0.0,0.06599999964237213,0.0,0.0,0.0,0.0,34.6013298034668,2.535646677017212,0.0,0.0,0.7085686922073364,33.135738372802734,30.506521224975586,-0.020379895344376564,0.1338881403207779,3.25742576023913e-07,-0.5416927337646484,3.755544662475586,-0.5507100224494934,-0.5202916264533997,3.7932422161102295,3.527458906173706,298.1556701660156,302.2804260253906,1.1490297317504883,0.0008690335671417415,0.6794102787971497,271.4599304199219,0.7102188467979431,205.01478576660156,159.4307403564453,3.6037490367889404,2.142850160598755,100980.6796875,0.0019441392505541444,191.4706573486328,191.2475128173828,104.98853302001953,90.76569366455078,3.3627822399139404,2.9324519634246826,3.2451248168945312,1.8782180547714233,3.0501816272735596,1.4827626943588257,4.356281757354736,4.75799560546875,7.63720703125,2.6823434829711914,991.0,-2.2701313495635986,1.9921633005142212,0.9984328150749207,176.84295654296875,4.001607418060303,3.35070538520813,3.2239341735839844,303.4993591308594,0.3800884485244751,0.33565667271614075,0.1410319060087204,0.30074724555015564,0.1293385773897171,0.057587940245866776,303.1623229980469,0.8800005316734314,99.99999237060547,0.0,100966.0234375,303.4999084472656,0.0005289713735692203,0.7302895188331604,0.6945692896842957,0.4033292233943939,0.015682050958275795,5.056885242462158,0.0335627980530262
2022-05-15,13.2,49.2,-0.089,3,2,4.125,106.75,7.5,10.9,3.4000000000000004,5,15,44.8,0.0,10.463024139404297,85.29723358154297,0.0,0.06599999964237213,0.0,0.0,0.0,0.0,34.16868209838867,22.97609519958496,0.0,0.0,0.6346218585968018,33.43062210083008,30.917877197265625,0.13643917441368103,0.2204625904560089,2.9059614803372824e-07,1.450339674949646,1.5851091146469116,1.5651544332504272,1.3875617980957031,1.7011127471923828,1.5033518075942993,297.65118408203125,302.5343322753906,1.148389220237732,0.0007530132425017655,0.6412811279296875,271.4599914550781,0.4441794157028198,226.60064697265625,85.82186126708984,3.788235902786255,3.3454458713531494,100953.5859375,0.0008260520990006626,223.07765197753906,246.7608184814453,196.0070037841797,91.55303192138672,3.73425030708313,3.0392534732818604,3.105863332748413,2.3677713871002197,2.771108627319336,0.3736521303653717,4.09495210647583,3.6172688007354736,4.030558109283447,2.6973884105682373,90.0,-1.4100850820541382,1.1695855855941772,0.9994049668312073,218.19752502441406,2.7687580585479736,4.4932427406311035,3.4211463928222656,303.4287109375,0.2395620346069336,0.23398296535015106,0.02257283590734005,0.1712045520544052,0.1381581574678421,0.1031901016831398,303.5094299316406,0.8800007700920105,99.99999237060547,0.0,100960.15625,303.4288635253906,0.00067138671875,0.7701514363288879,0.6796990036964417,1.118775725364685,0.003822825849056244,2.32149338722229,0.01268977951258421
2022-05-15,13.2,49.2,-0.089,3,2,4.125,106.75,7.5,10.9,3.4000000000000004,5,15,44.8,0.0,10.463024139404297,85.29723358154297,0.0,0.06599999964237213,0.0,0.0,0.0,0.0,34.16868209838867,22.97609519958496,0.0,0.0,0.6346218585968018,33.43062210083008,30.917877197265625,0.13643917441368103,0.2204625904560089,2.9059614803372824e-07,1.450339674949646,1.5851091146469116,1.5651544332504272,1.3875617980957031,1.7011127471923828,1.5033518075942993,297.65118408203125,302.5343322753906,1.148389220237732,0.0007530132425017655,0.6412811279296875,271.4599914550781,0.4441794157028198,226.60064697265625,85.82186126708984,3.788235902786255,3.3454458713531494,100953.5859375,0.0008260520990006626,223.07765197753906,246.7608184814453,196.0070037841797,91.55303192138672,3.73425030708313,3.0392534732818604,3.105863332748413,2.3677713871002197,2.771108627319336,0.3736521303653717,4.09495210647583,3.6172688007354736,4.030558109283447,2.6973884105682373,90.0,-1.4100850820541382,1.1695855855941772,0.9994049668312073,218.19752502441406,2.7687580585479736,4.4932427406311035,3.4211463928222656,303.4287109375,0.2395620346069336,0.23398296535015106,0.02257283590734005,0.1712045520544052,0.1381581574678421,0.1031901016831398,303.5094299316406,0.8800007700920105,99.99999237060547,0.0,100960.15625,303.4288635253906,0.00067138671875,0.7701514363288879,0.6796990036964417,1.118775725364685,0.003822825849056244,2.32149338722229,0.01268977951258421
2022-05-18,12.8,44.7,-0.15,3,2,1.4266666666666667,104.71666666666667,7.5,10.9,3.4000000000000004,5,18,15.8,0.0,10.463024139404297,35.6838493347168,0.0,0.06599999964237213,0.0,0.0,0.0,0.0,33.52785110473633,28.610136032104492,0.0,0.0,0.6715126633644104,32.91405487060547,30.590003967285156,0.0024938611313700676,0.24697038531303406,-5.233483761912794e-07,-2.0504748821258545,3.045114517211914,-2.0937678813934326,-1.9501724243164062,3.083606004714966,2.8567721843719482,298.3265075683594,301.68212890625,1.1492424011230469,0.0008402447565458715,0.6548894047737122,271.4600524902344,0.5310090184211731,133.92288208007812,127.410888671875,3.2738277912139893,2.229702949523926,101038.4609375,0.0014038631925359368,135.23130798339844,120.83773040771484,41.25172424316406,41.361331939697266,3.053053855895996,2.6813430786132812,2.9667131900787354,1.900877594947815,2.788212537765503,1.3585306406021118,3.301257371902466,5.466329097747803,8.319804191589355,2.458510398864746,24.0,-1.3676351308822632,1.4490903615951538,0.9948719143867493,145.951416015625,3.7420451641082764,3.28405499458313,2.99863338470459,303.1045837402344,0.29149943590164185,0.24477441608905792,0.1148885115981102,0.21071501076221466,0.03893280029296875,0.02049764059484005,303.04302978515625,0.8800005316734314,99.99999237060547,0.0,101042.03125,303.1042785644531,0.0,0.5754417777061462,0.570664644241333,0.458251953125,0.008643348701298237,4.358083248138428,0.024382784962654114
2022-05-19,12.2,43.9,-0.127,3,2,4.4366666666666665,100.65,7.5,10.9,3.4000000000000004,5,19,35.2,0.0,17.0180350212906,683.5518718108741,0.0,0.06599999950063365,0.0,0.0,0.0,0.0,34.74496774411999,17.31430682069106,0.0,0.0,0.40020568890171926,33.52655737888244,30.018758779636247,-0.010739500287443443,0.006449493222128802,1.0606979830068209e-07,0.2501201629638672,-1.2971166372299194,0.2073485106229782,0.03220049664378166,-0.7565174102783203,-0.894576370716095,297.9729309082031,302.7242126464844,1.1417399644851685,0.00068278779508546,0.6308670043945312,271.4599914550781,2.6776640415775645,200.55900219757774,190.28139674756545,6.198817968434076,3.165702678297418,101077.5546875,0.006382406595683231,200.13362238970333,294.4823913574219,247.74842834472656,232.3319091796875,5.358900223918559,5.0692436343720235,6.387531404253249,2.7721558535617588,5.868072791606832,2.5483594215133314,5.576077938079834,4.78759765625,5.33319091796875,4.38387315226672,28.0,-0.6554972529411316,0.5344810485839844,0.9992359280586243,199.2563089870859,2.0384929180145264,6.275976657867432,5.427235546981997,302.7714103903995,1.7596230377539153,1.5204380030116607,0.679534783366079,0.1553635448217392,0.05848948284983635,0.036233264952898026,301.38232421875,0.8800005316734314,99.99999237060547,0.0,100239.8515625,273.13555908203125,0.0055338540114462376,0.6482317375673017,0.5015988944995468,0.4394874340976337,0.008140659956105484,3.1592184231083276,0.02155717960985227
2022-05-20,11.8,43.0,-0.11,4,3,6.411666666666667,96.58333333333333,7.5,10.9,3.4000000000000004,5,20,33.3,0.0,23.483097076416016,1330.8951416015625,0.0,0.06599999964237213,0.0,0.0,0.0,0.0,35.27013397216797,7.098805904388428,0.0,0.0,0.7550384998321533,33.45794677734375,30.269166946411133,0.3942428529262543,-0.404512494802475,1.869277298283123e-06,6.3420586585998535,1.7682304382324219,6.020745754241943,5.793002605438232,1.6914507150650024,1.6268819570541382,297.4797058105469,302.43389892578125,1.1489087343215942,0.001083498471416533,0.7862777709960938,271.4599609375,2.0722978115081787,267.3563232421875,253.17311096191406,7.2303853034973145,2.9863760471343994,100944.3046875,0.005149984732270241,265.0564270019531,270.4080505371094,225.44960021972656,227.11634826660156,6.4274678230285645,4.977249622344971,6.123104095458984,2.6992433071136475,5.527342319488525,2.4854328632354736,6.829285144805908,13.079670906066895,19.37021827697754,4.236733913421631,986.0,-2.689361572265625,3.4136829376220703,0.9574015736579895,252.5906219482422,6.290181636810303,8.581049919128418,5.3383870124816895,303.30224609375,1.0909007787704468,0.9777894616127014,0.467315673828125,0.9488095641136169,0.2357381135225296,0.1572113037109375,303.0579833984375,0.8800008296966553,99.99999237060547,0.0,100937.0234375,303.3022155761719,0.01755777932703495,0.4407537877559662,0.21317945420742035,0.2916208803653717,0.0037083898205310106,2.5064265727996826,0.014943142421543598
2022-05-21,9.6,40.1,0.025,6,4,6.193333333333333,92.51666666666667,7.5,10.9,3.4000000000000004,5,21,31.200000000000003,0.0,50.05854034423828,4339.93505859375,0.0,0.06599999964237213,0.0,0.0,0.0,0.0,34.726619720458984,0.902391254901886,0.0,0.0,0.7166116833686829,34.082454681396484,29.997577667236328,0.33517396450042725,-0.019566910341382027,8.05916613444424e-07,7.7803168296813965,3.969311475753784,7.1000657081604,6.93223237991333,3.6588351726531982,3.5727291107177734,297.8102722167969,302.0166320800781,1.1486724615097046,0.0012764130951836705,0.8019230961799622,271.45989990234375,4.204135417938232,213.7103729248047,243.126953125,10.83523941040039,4.050168037414551,100826.5078125,0.00929617416113615,219.7008056640625,183.1837158203125,264.4299011230469,211.1189422607422,9.66390323638916,7.173239231109619,8.997020721435547,3.6007988452911377,7.915515422821045,3.270421266555786,12.249197959899902,7.564595699310303,15.94488525390625,5.870960712432861,999.0,-3.2825520038604736,4.177230358123779,0.9416646361351013,242.48634338378906,8.161458015441895,14.93392276763916,7.5986647605896,302.811279296875,2.2271976470947266,2.022260904312134,0.9201304316520691,1.4869474172592163,1.1785634756088257,0.6636021733283997,302.57659912109375,0.8800008296966553,99.99999237060547,0.0,100832.7578125,302.8116760253906,0.016357421875,0.5684359669685364,0.34795352816581726,0.301849365234375,0.0018754253396764398,3.362635374069214,0.010151777416467667
2022-05-22,9.8,42.0,0.05,6,4,5.868333333333333,88.45,7.5,10.9,3.4000000000000004,5,22,34.3,0.0,24.939584732055664,3883.3134765625,0.0,0.06599999964237213,0.0,0.0,0.0,0.0,34.83369827270508,1.3359830379486084,0.0,0.0,0.6122568845748901,32.928863525390625,29.589420318603516,0.27977970242500305,-0.013757757842540741,-9.31921775304545e-08,8.73384952545166,6.401010513305664,7.727968215942383,7.612115383148193,5.6895012855529785,5.603947162628174,297.43255615234375,302.2104187011719,1.147241473197937,0.001432682853192091,0.8326136469841003,271.4600524902344,4.459202766418457,218.2286376953125,235.3629608154297,10.400187492370605,4.9284234046936035,100710.6796875,0.011630748398602009,225.24647521972656,190.09397888183594,191.9927215576172,251.7494354248047,8.502259254455566,6.51989221572876,8.816492080688477,4.363102436065674,7.862987041473389,3.9397175312042236,11.82152271270752,8.005900382995605,15.068888664245605,5.521291732788086,999.0,-3.5226032733917236,4.450742721557617,0.9400700926780701,233.01795959472656,9.836588859558105,14.489758491516113,6.846521854400635,302.6693115234375,2.3640878200531006,1.9043656587600708,1.3924001455307007,1.467602252960205,0.7829106450080872,0.4922688901424408,302.4909362792969,0.8800011277198792,99.99999237060547,0.0,100705.4609375,302.6690979003906,0.00799560546875,0.5919932723045349,0.2923292815685272,0.3301747739315033,0.002349038841202855,3.3364779949188232,0.011390972882509232
2022-05-23,9.6,42.8,0.087,7,5,5.548333333333334,84.38333333333334,7.5,10.9,3.4000000000000004,5,23,34.4,0.0,23.559188842773438,4030.1162109375,0.0,0.06599999964237213,0.0,0.0,0.0,0.0,34.700904846191406,1.0123056173324585,0.0,0.0,0.47815680503845215,33.67578887939453,29.15524673461914,0.7107158899307251,0.10375247150659561,-3.769918350826629e-07,8.62462043762207,7.68667459487915,7.451322555541992,7.378522872924805,6.661180019378662,6.595855712890625,298.0836181640625,301.75091552734375,1.1475491523742676,0.0014560167910531163,0.7519175410270691,271.4600524902344,4.457330226898193,216.99659729003906,230.8715362548828,10.557849884033203,5.1064019203186035,100674.75,0.012373577803373337,223.7804412841797,191.62506103515625,111.76959991455078,213.1937713623047,8.259835243225098,6.291154861450195,8.775182723999023,4.530613422393799,7.772882461547852,4.091745853424072,11.730921745300293,7.831949710845947,18.0560302734375,5.365035533905029,999.0,-3.528228759765625,4.501464366912842,0.9368851780891418,227.466064453125,9.97540283203125,14.232659339904785,6.599496841430664,302.0838317871094,2.363027334213257,1.7959798574447632,1.5338541269302368,1.6287282705307007,0.4686533510684967,0.20002491772174835,301.96917724609375,0.8800011277198792,99.99999237060547,0.0,100677.1328125,302.0836486816406,0.00299072265625,0.5803436040878296,0.21992053091526031,0.3371086120605469,0.0020502556581050158,2.6574201583862305,0.011971958912909031
2022-06-25,11.4,52.3,0.05,6,4,6.203333333333333,80.31666666666666,7.5,10.9,3.4000000000000004,6,25,16.3,0.0,9.79308907569085,137.96452887833354,0.0,0.06599999950483576,0.0,0.0,0.0,0.0,34.72903282359928,26.45398801469473,0.0,0.0,0.4237653436908184,34.73806071167104,29.147496683871786,0.004617134649948125,-0.0024944670579363955,1.1870730830054878e-07,6.887054920196533,-2.4650497436523438,4.739015579223633,4.697528839111328,-1.7267799377441406,-1.7206865549087524,297.4227294921875,300.0843200683594,1.170603757091464,0.0011047169661984393,0.7211019777743741,271.45989990234375,3.7833268642425537,241.91575622558594,279.7069091796875,9.650801658630371,2.3715384006500244,100782.8515625,0.005530267488211393,243.0741729736328,272.5816231240571,181.03778456517944,,9.47780704498291,7.517221450805664,7.894094467163086,2.179945945739746,7.0337371826171875,2.029444456100464,7.894531619642662,13.718493311015976,4.4559697305923045,6.45728063583374,86.55299725769825,-2.7358029784552627,3.7849270561905155,0.9823740469466824,280.4620361328125,5.475018937882416,12.630030720535173,7.8110480308532715,302.21019884715867,2.0595414638519287,2.0299274921417236,0.2882944643497467,1.3185526281466013,0.6046733389865165,0.21733031574971434,299.8546447753906,0.8800005316734314,99.99999237060547,0.0,99537.1796875,280.5951232910156,0.014333088882267475,0.5411543250083923,0.18892407417297363,0.2696482241153717,-0.009843945503234863,4.274104595184326,0.012450911104679108
2022-06-26,11.8,51.3,0.065,6,4,9.291666666666666,76.25,7.5,10.9,3.4000000000000004,6,26,52.7,0.0,10.680734634399414,20.211183547973633,0.0,0.06599999964237213,0.0,0.0,0.0,0.0,34.60631561279297,27.054630279541016,0.0,0.0,0.337668240070343,34.46492385864258,27.93317985534668,0.056824054569005966,-0.17068076133728027,4.440405064087827e-06,5.710292816162109,-2.081463575363159,4.894970417022705,4.803853511810303,-1.8225103616714478,-1.7805747985839844,297.9263000488281,300.9664001464844,1.1512079238891602,0.0010025531519204378,0.525414764881134,271.4600524902344,3.457357168197632,245.6082000732422,305.0736999511719,9.42743968963623,2.773505926132202,100785.0234375,0.004775655921548605,246.94366455078125,275.020751953125,183.11366271972656,160.92994689941406,9.222503662109375,7.49453592300415,7.982757091522217,2.4035024642944336,7.145505428314209,1.89324951171875,7.715757369995117,13.294880867004395,4.295979976654053,6.390438556671143,59.0,-3.71966552734375,2.603055238723755,1.0122545957565308,293.21258544921875,5.466227054595947,13.426913261413574,7.8178839683532715,301.369873046875,1.8548682928085327,1.8242253065109253,0.2914682924747467,1.6107559204101562,1.1564737558364868,0.07495244592428207,301.05303955078125,0.8800008296966553,99.99999237060547,0.0,100722.0625,298.23638916015625,0.0022481281775981188,0.5702332854270935,0.24690382182598114,0.44197845458984375,0.00043920674943365157,3.0547759532928467,0.012794777750968933
2022-06-27,10.6,43.9,0.018,6,5,12.871666666666666,74.21666666666667,7.5,10.9,3.4000000000000004,6,27,36.4,0.0,17.46087646484375,72.18993377685547,0.0,0.06599999964237213,0.0,0.0,0.0,0.0,35.26020050048828,23.776323318481445,0.0,0.0,0.3539798855781555,34.86232376098633,28.6577205657959,0.1362593024969101,-0.31490594148635864,-7.029900643829023e-07,6.899613857269287,1.5843340158462524,6.276350498199463,6.0785369873046875,1.4277108907699585,1.3884226083755493,297.3297424316406,299.3444519042969,1.1553679704666138,0.0010924587259069085,0.7234675288200378,271.46002197265625,4.773294925689697,264.38494873046875,256.46807861328125,9.127236366271973,3.2501296997070312,100790.4609375,0.006832551211118698,263.7420959472656,269.2850646972656,177.9698486328125,123.03070068359375,8.813729286193848,7.668125152587891,8.30635929107666,2.935307264328003,7.783758640289307,2.6811726093292236,8.895955085754395,13.137837409973145,5.015279293060303,6.819534778594971,222.0,-4.979776859283447,2.980290174484253,1.0478395223617554,256.5150451660156,6.670816898345947,10.113600730895996,7.885583400726318,301.3115234375,2.557992935180664,2.47819447517395,0.5559234619140625,2.4587953090667725,0.7169163823127747,0.03926849365234375,301.09033203125,0.8800005316734314,99.99999237060547,0.0,100754.53125,301.3113098144531,0.0354207344353199,0.5601130127906799,0.4249087870121002,0.2914009094238281,0.009778857231140137,4.3898186683654785,0.02548617124557495
2022-06-28,11.1,49.5,0.086,7,5,16.22,71.16666666666667,7.5,10.9,3.4000000000000004,6,28,51.7,0.0,32.14106750488281,2255.481201171875,0.0,0.06599999964237213,0.0,0.0,0.0,0.0,34.84737777709961,2.5748612880706787,0.0,0.0,0.3612150549888611,35.558223724365234,28.705720901489258,0.012320357374846935,-0.1173885315656662,-3.1156187674241664e-07,10.284086227416992,2.2042648792266846,9.250060081481934,9.054938316345215,2.0155372619628906,1.9740740060806274,298.2120361328125,300.6253356933594,1.1495251655578613,0.0013169803423807025,0.8982416987419128,271.4599914550781,5.739959716796875,241.31329345703125,257.7320861816406,9.774308204650879,5.0829949378967285,100531.03125,0.010600179433822632,244.87164306640625,239.11595153808594,132.25167846679688,264.65386962890625,8.804743766784668,7.54506254196167,9.112141609191895,4.534336566925049,8.634041786193848,4.121205806732178,9.88301944732666,9.550618171691895,26.75095558166504,6.630399703979492,999.0,-3.73406982421875,3.934389114379883,0.978733479976654,257.9738464355469,9.631733894348145,10.29520034790039,7.784029483795166,302.3682556152344,3.049180746078491,2.7126882076263428,1.3845723867416382,2.7298643589019775,0.15563710033893585,0.009999592788517475,302.1045227050781,0.8800008893013,99.99999237060547,0.0,100534.9375,302.3681945800781,0.026947021484375,0.5259038805961609,0.39373579621315,0.29173532128334045,0.013271212577819824,4.7592034339904785,0.029004087671637535
2022-06-29,11.4,49.7,0.066,7,5,19.623333333333335,68.11666666666666,7.5,10.9,3.4000000000000004,6,29,49.3,0.0,33.556121826171875,3117.669677734375,0.0,0.06599999964237213,0.0,0.0,0.0,0.0,34.85561752319336,1.7860642671585083,0.0,0.0,0.31361955404281616,36.105533599853516,29.31079864501953,0.2889060378074646,-0.19517645239830017,-7.167679427766416e-07,8.62394905090332,5.149117946624756,7.724781513214111,7.583532810211182,4.656540393829346,4.572634220123291,298.5244445800781,301.5565185546875,1.1424758434295654,0.0012746007414534688,0.8202590942382812,271.4599914550781,6.484949111938477,224.75840759277344,239.87847900390625,10.858000755310059,4.708381175994873,100147.6171875,0.009796948172152042,226.5648193359375,224.53562927246094,86.6882553100586,178.0128936767578,10.117348670959473,8.654278755187988,10.048993110656738,4.204645156860352,9.474557876586914,3.8254191875457764,10.941542625427246,6.845601558685303,27.43570899963379,7.528065204620361,999.0,-3.7932026386260986,3.7397029399871826,0.9867355823516846,238.97900390625,9.098388671875,11.76034927368164,8.929581642150879,302.4202575683594,3.4739201068878174,3.247370481491089,1.1902517080307007,3.2709157466888428,0.0635986328125,0.00318145751953125,302.2797546386719,0.8800005316734314,99.99999237060547,0.0,100152.0,302.4205627441406,0.0056966147385537624,0.453930526971817,0.35825076699256897,0.2944984436035156,0.011135618202388287,4.838283061981201,0.025287531316280365
2022-06-30,10.4,43.7,0.036,7,5,22.458333333333332,64.05,7.5,10.9,3.4000000000000004,6,30,36.6,0.0,15.894021034240723,2222.2138671875,0.0,0.06599999964237213,0.0,0.0,0.0,0.0,34.89366149902344,3.4791743755340576,0.0,0.0,0.2968810200691223,36.55118942260742,29.383686065673828,0.09518805891275406,-0.13288265466690063,3.346053460973053e-07,6.029810428619385,6.375096797943115,5.4053473472595215,5.303560256958008,5.743926525115967,5.639607906341553,299.7900695800781,302.580322265625,1.1331990957260132,0.0011951620690524578,0.6837717890739441,271.46002197265625,5.749477863311768,202.35694885253906,222.9348602294922,10.879196166992188,3.993039131164551,99783.5390625,0.00841680821031332,203.89666748046875,201.36207580566406,93.98624420166016,224.22523498535156,10.333154678344727,8.721973419189453,9.904987335205078,3.5697269439697266,9.21510124206543,3.2551982402801514,10.932059288024902,4.231546878814697,8.027995109558105,7.459120273590088,986.0,-3.5337421894073486,3.6204776763916016,0.9770517349243164,222.6275177001953,7.740946292877197,12.13931655883789,9.04725170135498,302.95068359375,3.082227945327759,2.9521758556365967,0.8575388789176941,2.9233925342559814,0.04046630859375,0.0012079874286428094,302.91741943359375,0.8800004124641418,99.99999237060547,0.0,99790.1171875,302.9502258300781,0.0008544921875,0.40684446692466736,0.3166537880897522,0.2959785461425781,0.008100390434265137,5.3759613037109375,0.021064678207039833
2022-07-01,11.5,46.8,0.0,6,4,24.306666666666665,59.983333333333334,7.5,10.9,3.4000000000000004,7,1,46.25,0.0,10.8724946975708,2591.95703125,0.0,0.06599999964237213,0.0,0.0,0.0,0.0,34.822261810302734,2.154740333557129,0.0,0.0,0.04718397185206413,36.75185775756836,29.70505142211914,-0.1277991086244583,-0.048236388713121414,-3.168731836922234e-07,-4.873739242553711,5.763742446899414,-4.523695468902588,-4.41316032409668,5.203516006469727,5.0813679695129395,300.3406066894531,302.480712890625,1.1298424005508423,0.0011347573017701507,0.6315510869026184,271.4599914550781,3.6253702640533447,174.07342529296875,139.3206024169922,9.523423194885254,3.3951590061187744,99565.3125,0.007311131805181503,170.8291778564453,172.49298095703125,131.44102478027344,143.43455505371094,8.830928802490234,6.876968860626221,8.140284538269043,3.050790548324585,7.279215335845947,2.7950031757354736,9.17071533203125,5.647440433502197,19.84084129333496,5.708637714385986,999.0,-3.41162109375,3.7365505695343018,0.969590425491333,138.2456817626953,6.736531734466553,12.167799949645996,7.272847652435303,303.16064453125,1.9207645654678345,1.8070627450942993,0.6350606083869934,1.5838419198989868,0.33124542236328125,0.008402506820857525,303.00250244140625,0.8799998164176941,99.99999237060547,0.0,99557.125,303.16058349609375,0.00020345051598269492,0.39748504757881165,0.23604349792003632,0.29078420996665955,0.0031756062526255846,4.332098007202148,0.013015772216022015
2022-07-04,11.5,34.3,-0.165,3,2,26.393333333333334,53.88333333333333,8.6,10.9,2.3000000000000007,7,4,29.7,0.0,10.463146209716797,61.683876037597656,0.0,0.06599999964237213,0.0,0.0,0.0,0.0,38.63838577270508,23.303163528442383,0.0,0.0,0.21608790755271912,37.606712341308594,32.326759338378906,-0.5315088629722595,0.13094404339790344,8.469573913316708e-06,-0.4724820554256439,1.2688789367675781,-0.3028481900691986,-0.2971433103084564,1.3293215036392212,1.2716299295425415,302.2030944824219,305.0661926269531,1.1047903299331665,0.0008133140509016812,0.6817448735237122,271.4598083496094,0.7689973711967468,252.337158203125,138.40663146972656,4.07212495803833,2.646857976913452,99411.0859375,0.0017631837399676442,252.5543670654297,266.1516418457031,142.22438049316406,146.84771728515625,3.895113706588745,3.3751332759857178,3.6135671138763428,2.1197547912597656,3.307512044906616,1.1317850351333618,4.21663761138916,4.208292484283447,14.248270988464355,3.042487144470215,35.0,-1.3718160390853882,1.0877107381820679,0.9952144026756287,188.5286102294922,3.49505615234375,4.850644588470459,3.6640262603759766,305.46484375,0.41177868843078613,0.38776564598083496,0.0980224609375,0.28696101903915405,0.16545867919921875,0.009185791015625,305.3503723144531,0.8800010085105896,99.99999237060547,0.0,99205.40625,305.4643859863281,0.0,0.8952786326408386,0.7671039700508118,0.6685600280761719,0.0034731626510620117,3.4031124114990234,0.01685972325503826
2022-07-07,12.3,51.2,0.021,2,1,26.886666666666667,52.86666666666667,19.8,19.8,0.0,7,7,27.900000000000002,0.0,10.463024139404297,75.62704467773438,0.0,0.06599999964237213,0.0,0.0,0.0,0.0,38.88352584838867,20.982030868530273,0.0,0.0,0.21314656734466553,37.44266128540039,32.980220794677734,-0.3370441794395447,0.19060418009757996,2.349445139770978e-06,-0.4876619875431061,1.4337095022201538,-0.20986366271972656,-0.15819866955280304,1.2996915578842163,1.2221794128417969,301.5517578125,305.8674621582031,1.1161270141601562,0.000733332009986043,0.49886831641197205,271.4599914550781,0.4660544693470001,253.23046875,68.14066314697266,3.5066487789154053,3.4418458938598633,99823.6796875,0.0008846950368024409,249.17930603027344,231.7015380859375,210.3996124267578,165.1853485107422,3.4307210445404053,3.0096981525421143,3.1023597717285156,2.4323670864105225,2.838388442993164,0.3722330629825592,3.8489933013916016,3.91302490234375,8.721089363098145,2.737527847290039,68.0,-1.034881591796875,0.6701736450195312,0.9985730051994324,166.71458435058594,2.6072998046875,4.473976135253906,3.3076257705688477,305.6865234375,0.25226297974586487,0.24358268082141876,0.02962748147547245,0.19750623404979706,0.1231587752699852,0.03167724609375,305.5042419433594,0.8800002932548523,99.99999237060547,0.0,99758.8125,305.6867370605469,0.0023396809119731188,0.7892996668815613,0.5435290932655334,1.1593576669692993,0.004217028617858887,4.221810817718506,0.014194338582456112
2022-07-08,12.0,52.2,0.077,5,3,25.533333333333335,56.93333333333333,19.8,19.8,0.0,7,8,56.1,0.0,11.851455688476562,116.83169555664062,0.0,0.06599999964237213,0.0,0.0,0.0,0.0,37.54572296142578,22.50967788696289,0.0,0.0,0.20202003419399261,37.04395294189453,31.801408767700195,0.053638480603694916,0.1113547682762146,2.922108137681789e-07,-5.1032395362854,2.8578548431396484,-4.757678985595703,-4.57849645614624,2.7167930603027344,2.594010591506958,299.5798034667969,303.3985290527344,1.129736304283142,0.0010770376538857818,0.7592201232910156,271.4599304199219,1.6895008087158203,123.8309326171875,124.68682861328125,5.835208892822266,2.923469305038452,99889.78125,0.004988754168152809,119.16422271728516,128.4315948486328,185.9910430908203,172.97540283203125,5.057661533355713,4.169229507446289,4.984618663787842,2.6123697757720947,4.521873474121094,2.32208251953125,7.504537105560303,9.160380363464355,3.5132648944854736,3.688600778579712,187.0,-2.916900634765625,3.1795787811279297,0.9730310440063477,125.75015258789062,6.13494873046875,5.478452205657959,4.458575248718262,304.1282653808594,0.8862022757530212,0.686941921710968,0.4661356508731842,0.6458449959754944,0.15252685546875,0.01576741598546505,303.9814453125,0.8800010681152344,99.99999237060547,0.0,99611.3359375,304.12811279296875,0.011769612319767475,0.47121214866638184,0.3129099905490875,0.30861154198646545,0.0100719528272748,3.1452529430389404,0.029314352199435234
2022-07-09,12.0,49.0,0.006,4,3,25.903333333333332,61.0,19.8,19.8,0.0,7,9,50.3,0.0,25.980436353438016,1633.975752660483,0.0,0.06599999950642575,0.0,0.0,0.0,0.0,34.72300339421307,11.623417958406481,0.0,0.0,0.4326798076650722,35.20476915839514,31.11134345619759,0.010427753274907095,-0.005878668244988089,1.2348906884103888e-07,0.013660430908203125,1.2213808298110962,-0.0034777324181050062,-0.0314178466796875,1.2836627960205078,1.0995973348617554,299.156982421875,302.8854675292969,1.1699078910064862,0.0011053199763701928,0.7189951441754977,271.4601745605469,3.7509069310405576,172.0479600711697,178.32452931835155,7.3525901039187,4.23833369370193,99693.9453125,0.006465817692610025,172.841293293239,179.83394589245256,151.85604931233428,,6.313294939350316,5.359765908863316,6.657527645518275,3.18305295764897,5.803540939204449,3.210258705645962,11.959552444486452,11.134628408117504,11.118004021215114,5.002532839492346,592.9911350444694,-2.926129579785571,3.7070029170943846,0.982007875209596,179.2561102184335,7.9770225179245315,7.386203113350689,5.926187663617204,303.4356708628425,1.7708365089900215,1.541512178539358,0.685945825676086,1.3211539891366766,0.6118168470226724,0.21567828641998832,303.35003662109375,0.8800007700920105,99.99999237060547,0.0,95938.59375,273.1596984863281,0.1449686735868454,0.6510107739379404,0.5075331415207474,0.4330628367249656,0.007791896194519138,4.061986255767447,0.02120969133558981
2022-07-10,11.5,51.0,0.084,8,6,19.703333333333333,65.06666666666666,19.8,19.8,0.0,7,10,61.5,0.0,41.472774505615234,3150.774658203125,0.0,0.06599999964237213,0.0,0.0,0.0,0.0,34.767723083496094,1.434195876121521,0.0,0.0,0.33486390113830566,36.5084342956543,28.005420684814453,0.06273402273654938,-0.2428423911333084,2.830189771430014e-08,12.504467010498047,9.217846870422363,10.512324333190918,10.449078559875488,7.8031158447265625,7.755678176879883,296.7767639160156,300.283935546875,1.149042010307312,0.001507779466919601,0.8222529292106628,271.4601745605469,7.873459339141846,219.88922119140625,231.98435974121094,11.019539833068848,7.446156978607178,100273.125,0.014546907506883144,226.4606475830078,231.11756896972656,117.600341796875,190.18809509277344,9.271584510803223,8.093338012695312,10.325851440429688,6.593764781951904,9.753894805908203,5.94177770614624,18.660118103027344,14.664225578308105,17.61116600036621,7.217526912689209,999.0,-3.66607666015625,4.213811874389648,0.9659152626991272,232.57855224609375,12.612650871276855,11.115532875061035,8.299176216125488,300.5596618652344,4.191442012786865,2.9346816539764404,2.9553425312042236,2.902226209640503,0.5035883784294128,0.03598276898264885,300.54345703125,0.8800002932548523,99.99999237060547,0.0,100266.8828125,300.5595397949219,0.013214111328125,0.5124935507774353,0.4097522795200348,0.21999740600585938,0.018504342064261436,4.391347408294678,0.03430507704615593
2022-07-11,11.9,51.2,0.057,7,5,17.265,69.13333333333334,19.8,19.8,0.0,7,11,55.3,0.0,40.96881866455078,3598.1025390625,0.0,0.06599999964237213,0.0,0.0,0.0,0.0,34.80116271972656,1.443894863128662,0.0,0.0,0.2711954414844513,36.009090423583984,28.14347267150879,0.2393558770418167,-0.2442629337310791,9.259581190690369e-08,14.936958312988281,2.346113920211792,12.671340942382812,12.583065032958984,2.0164031982421875,2.002248764038086,296.8154602050781,300.674072265625,1.1532950401306152,0.0015435173409059644,0.8275731205940247,271.4598083496094,7.1004157066345215,242.7732696533203,259.1684875488281,10.891716003417969,7.2105560302734375,100730.8515625,0.014580965042114258,252.44126892089844,222.81427001953125,169.57376098632812,177.21693420410156,8.866040229797363,7.629820346832275,10.034270286560059,6.377232074737549,9.360040664672852,5.743072509765625,12.925332069396973,13.5550537109375,16.10302734375,6.772791385650635,999.0,-3.5711567401885986,4.3477911949157715,0.9543781280517578,260.6962585449219,12.806742668151855,10.790703773498535,7.843090057373047,301.3118591308594,3.779961585998535,2.5243566036224365,2.806269407272339,2.5226945877075195,0.3685302734375,0.1213175430893898,300.9400634765625,0.8800005912780762,99.99999237060547,0.0,100717.9375,301.3114318847656,0.1291096955537796,0.5322402715682983,0.4152107238769531,0.2764498293399811,0.013499458320438862,3.1584370136260986,0.032184749841690063
2022-07-12,12.2,49.2,-0.01,7,5,14.103333333333333,73.2,19.8,19.8,0.0,7,12,51.2,0.0,34.97927474975586,838.298583984375,0.0,0.06599999964237213,0.0,0.0,0.0,0.0,35.417240142822266,9.583704948425293,0.0,0.0,0.32692381739616394,35.28959274291992,27.882038116455078,0.10030721873044968,-0.20151378214359283,7.575402491966088e-07,11.209994316101074,-0.4268455505371094,9.609078407287598,9.488396644592285,-0.2976938784122467,-0.29467836022377014,297.1964111328125,300.0924072265625,1.157761573791504,0.0013430217513814569,0.7261784672737122,271.4599609375,5.488428115844727,266.0049133300781,271.7318420410156,9.819554328918457,5.0884575843811035,100846.3359375,0.01085940282791853,267.4526062011719,272.2664489746094,175.8408203125,154.86976623535156,8.737055778503418,7.357502460479736,9.003315925598145,4.526666641235352,8.441315650939941,4.1064300537109375,9.8154296875,10.494730949401855,12.328837394714355,6.422975063323975,848.0,-3.71380615234375,4.043410778045654,0.973222017288208,271.1690673828125,9.840576171875,10.74844741821289,7.611287593841553,300.3826904296875,2.9224462509155273,2.55322265625,1.4014791250228882,2.4362945556640625,0.6556167602539062,0.38662973046302795,300.3547668457031,0.8800008893013,99.99999237060547,0.0,100836.4609375,300.38232421875,0.0729776993393898,0.5995833873748779,0.5437975525856018,0.2824160158634186,0.008352160453796387,2.921403169631958,0.02550654672086239
2022-07-13,11.3,44.4,-0.031,5,4,10.243333333333334,75.23333333333333,19.8,19.8,0.0,7,13,39.5,0.0,18.54273223876953,1691.1767578125,0.0,0.06599999964237213,0.0,0.0,0.0,0.0,35.04975128173828,5.146895885467529,0.0,0.0,0.3230101466178894,34.419132232666016,27.079715728759766,0.20558393001556396,-0.21568071842193604,1.9859480744344182e-06,9.988986015319824,1.5847200155258179,8.437716484069824,8.345293998718262,1.3513368368148804,1.3384660482406616,297.0581970214844,299.1059265136719,1.1592135429382324,0.0012975266436114907,0.651641845703125,271.46002197265625,4.617228984832764,239.8450164794922,260.3079528808594,10.117413520812988,4.343137264251709,100834.2734375,0.009572058916091919,245.0659637451172,279.95654296875,175.73536682128906,79.60855865478516,9.072684288024902,7.243413925170898,8.907557487487793,3.8586113452911377,8.132599830627441,3.5014545917510986,8.892109870910645,12.46563720703125,4.2081298828125,6.121734619140625,999.0,-3.477996826171875,4.123226642608643,0.9541075825691223,260.3646240234375,8.7252197265625,11.40140151977539,7.582316875457764,299.7252197265625,2.45455002784729,2.2075560092926025,1.0440622568130493,1.7796640396118164,1.3553314208984375,0.063018798828125,299.636962890625,0.8800001740455627,99.99999237060547,0.0,100833.125,299.7247009277344,0.02757771871984005,0.7479905486106873,0.8405622839927673,0.3045234680175781,0.003966530319303274,2.433603525161743,0.01852208748459816
2022-07-14,11.1,45.1,0.0,5,4,7.02,78.28333333333333,19.8,19.8,0.0,7,14,41.6,0.0,18.326059341430664,2381.400390625,0.0,0.06599999964237213,0.0,0.0,0.0,0.0,34.875492095947266,2.5469326972961426,0.0,0.0,0.32628223299980164,34.84211349487305,27.088340759277344,0.3963845372200012,-0.04539483040571213,8.613923228040221e-07,9.222856521606445,4.6475043296813965,7.138713836669922,7.156139373779297,3.6072700023651123,3.6171982288360596,297.6853332519531,299.9632873535156,1.1532069444656372,0.0012841310817748308,0.29018402099609375,271.4600524902344,4.362189769744873,204.6071319580078,242.32298278808594,9.628786087036133,4.025148868560791,100726.8828125,0.009158831089735031,212.5653533935547,174.1257781982422,262.5623474121094,232.4176483154297,8.761120796203613,7.003820896148682,8.393938064575195,3.581069231033325,7.6525726318359375,3.253728151321411,11.235257148742676,7.193318843841553,11.540324211120605,5.94707727432251,999.0,-3.78253173828125,4.091118335723877,0.9686521887779236,242.46971130371094,8.17303466796875,11.89041519165039,7.3321051597595215,299.9429626464844,2.3191018104553223,2.1228067874908447,0.9020029902458191,1.686642050743103,1.066510558128357,0.6362622380256653,299.7465515136719,0.8800005912780762,99.99999237060547,0.0,100720.3359375,299.9421691894531,0.00042724609375,0.7605891823768616,0.6692628264427185,0.3041483461856842,0.0036950509529560804,3.1453590393066406,0.016588149592280388
2022-07-15,11.4,42.9,-0.086,5,4,5.74,82.35,19.8,19.8,0.0,7,15,36.2,0.0,32.895931243896484,4111.087890625,0.0,0.06599999964237213,0.0,0.0,0.0,0.0,34.73711395263672,1.2338005304336548,0.0,0.0,0.36837637424468994,34.43807601928711,27.168479919433594,0.5635600090026855,-0.11731918156147003,-1.6100010498121264e-06,9.860236167907715,4.944461822509766,8.446829795837402,8.379229545593262,4.263455867767334,4.229574203491211,297.8804931640625,300.9579772949219,1.152435302734375,0.0015830053016543388,0.6998036503791809,271.4598388671875,4.854846477508545,181.1165313720703,243.06956481933594,11.03299617767334,4.800610542297363,100709.3359375,0.011783725582063198,198.8677215576172,168.88636779785156,193.1356201171875,140.60414123535156,9.244278907775879,7.085136413574219,9.563498497009277,4.264276504516602,8.529217720031738,3.858220338821411,10.221575736999512,17.180908203125,3.2166545391082764,5.9084601402282715,871.0,-3.1976115703582764,4.657957553863525,0.8960943818092346,241.88267517089844,9.819600105285645,11.342400550842285,7.453989028930664,301.2708435058594,2.5659220218658447,2.1592018604278564,1.3656158447265625,1.787914752960205,0.8214009404182434,0.030071258544921875,301.055908203125,0.8800015449523926,99.99999237060547,0.0,100731.9609375,301.2702331542969,0.0030619304161518812,0.5455977320671082,0.34536731243133545,0.3444429934024811,0.005063255783170462,3.8095293045043945,0.01786123216152191
2022-07-16,11.4,42.0,-0.104,5,4,5.941666666666666,87.43333333333334,19.8,19.8,0.0,7,16,34.8,0.0,34.31647491455078,3934.208251953125,0.0,0.06599999964237213,0.0,0.0,0.0,0.0,34.69906997680664,1.0357760190963745,0.0,0.0,0.5948187708854675,34.079105377197266,28.84503936767578,0.131351500749588,-0.022933589294552803,-1.0339390428271145e-06,6.298349857330322,5.28412389755249,5.726800918579102,5.600185394287109,4.818155765533447,4.709941387176514,297.6592102050781,301.0036926269531,1.1514625549316406,0.0012107359943911433,0.7241363525390625,271.4600830078125,4.815920352935791,200.4857177734375,228.69114685058594,11.228939056396484,3.680233955383301,100818.3359375,0.008433554321527481,203.35105895996094,185.1653594970703,258.0108337402344,100.22250366210938,10.57041072845459,8.16358757019043,9.472527503967285,3.2893619537353516,8.448795318603516,3.0020854473114014,12.492449760437012,7.737691402435303,6.330667972564697,6.712335109710693,999.0,-3.4109089374542236,3.948075532913208,0.9570526480674744,228.6697235107422,7.494954586029053,15.624972343444824,8.589776992797852,301.9283142089844,2.569664716720581,2.453357458114624,0.752838134765625,2.0812771320343018,1.2203394174575806,0.18738555908203125,301.75396728515625,0.8800001740455627,99.99999237060547,0.0,100819.8515625,301.9284362792969,0.013285319320857525,0.5592781901359558,0.216019406914711,0.3288459777832031,0.002480705501511693,6.14752197265625,0.01063274685293436
2022-07-17,10.5,42.4,-0.004,4,3,6.12,91.5,19.8,19.8,0.0,7,17,33.6,0.0,17.548969268798828,3792.312744140625,0.0,0.06599999964237213,0.0,0.0,0.0,0.0,34.79470443725586,1.5430397987365723,0.0,0.0,0.5743986964225769,33.38341522216797,29.246755599975586,-0.010116036050021648,0.3899305462837219,3.4896986562671373e-06,1.493878722190857,4.489076614379883,1.44949209690094,1.3796659708023071,4.39120626449585,4.173263072967529,297.492431640625,300.8409423828125,1.1529661417007446,0.000927403976675123,0.6510416865348816,271.4599304199219,4.134980201721191,202.99554443359375,198.17138671875,11.42514419555664,2.186286687850952,100891.2734375,0.0032915801275521517,202.97149658203125,192.30364990234375,280.3231506347656,242.7528533935547,11.346236228942871,9.553727149963379,9.852198600769043,2.017195463180542,8.82320499420166,1.884033203125,12.4376220703125,6.571695804595947,16.72702980041504,8.1885404586792,999.0,-2.41839599609375,1.6390520334243774,1.000294804573059,197.48040771484375,4.726603031158447,14.381014823913574,9.889790534973145,302.023193359375,2.24423885345459,2.2343549728393555,0.1993560791015625,2.038787841796875,0.9223683476448059,0.006622314453125,301.7382507324219,0.880000650882721,99.99999237060547,0.0,100879.9375,302.0227355957031,0.014546711929142475,0.5290122032165527,0.23518900573253632,0.2804985046386719,0.0038406450767070055,7.873594284057617,0.010946518741548061
2022-07-18,10.1,42.4,0.036,4,3,6.295,95.56666666666666,19.8,19.8,0.0,7,18,35.699999999999996,0.0,10.808384895324707,1288.149169921875,0.0,0.06599999964237213,0.0,0.0,0.0,0.0,35.14622497558594,6.649206638336182,0.0,0.0,0.5539170503616333,32.518638610839844,29.37956428527832,-0.07663483917713165,-0.21426455676555634,1.0024800758401398e-06,3.6751792430877686,0.28315988183021545,3.691953659057617,3.4390926361083984,0.3261852264404297,0.27425384521484375,297.2922058105469,301.2311706542969,1.1519442796707153,0.0008747628307901323,0.6919174194335938,271.4600524902344,1.672972559928894,243.66876220703125,192.93418884277344,9.276850700378418,2.7509634494781494,100847.71875,0.0018592322012409568,244.7318878173828,275.7693786621094,213.70127868652344,136.54006958007812,8.920710563659668,6.7506327629089355,7.433320999145508,2.230701446533203,6.382867336273193,1.2972921133041382,6.479095935821533,13.112345695495605,6.5506591796875,5.528274059295654,999.0,-1.7018228769302368,1.5804246664047241,0.9756248593330383,261.5968322753906,4.09466552734375,13.035576820373535,7.245044231414795,302.365478515625,0.8914838433265686,0.868422269821167,0.1454518586397171,0.6538048982620239,0.46050262451171875,0.0706532821059227,302.34112548828125,0.8800004124641418,99.99999237060547,0.0,100830.2890625,302.3652648925781,0.0010986328125,0.44556593894958496,0.24848492443561554,0.6472676396369934,0.000813047110568732,5.506084442138672,0.005521230865269899
2022-07-19,11.0,43.8,-0.016,5,4,5.53,99.63333333333334,19.8,19.8,0.0,7,19,39.800000000000004,0.0,13.342195510864258,47.63805389404297,0.0,0.06599999964237213,0.0,0.0,0.0,0.0,32.73308563232422,29.645751953125,0.0,0.0,0.6238683462142944,32.07518768310547,30.334739685058594,0.1614234447479248,-0.3100430965423584,-2.7009552923118463e-06,2.853853225708008,-1.499411940574646,2.940842390060425,2.6521084308624268,-1.4851449728012085,-1.3440595865249634,296.9534606933594,301.6003112792969,1.1514946222305298,0.0008609106880612671,0.7674751281738281,271.4601135253906,1.056440830230713,297.9340515136719,256.7439270019531,4.763515472412109,2.6185121536254883,100812.3046875,0.002330779330804944,298.04254150390625,305.6536560058594,253.8800506591797,133.63232421875,4.570980072021484,3.8454275131225586,4.135506629943848,2.1109046936035156,3.771644353866577,1.1918436288833618,4.3703083992004395,6.436869144439697,4.097737789154053,3.422513008117676,69.0,-3.14715576171875,1.8464641571044922,1.0130559206008911,299.4136962890625,3.9341228008270264,5.325721740722656,4.141280174255371,303.2897033691406,0.5591105818748474,0.5370280146598816,0.1130777969956398,0.5058009028434753,0.1960042268037796,0.03006490133702755,303.12030029296875,0.8800013065338135,99.99999237060547,0.0,100881.1640625,303.2893371582031,0.0569356270134449,0.4603702127933502,0.29639706015586853,0.6321995854377747,0.005997856613248587,3.0514838695526123,0.020847687497735023
2022-07-20,10.0,41.7,0.024,3,2,2.7583333333333333,102.68333333333334,19.8,19.8,0.0,7,20,33.5,0.0,19.107533000449145,52.602266257173284,0.0,0.06599999950767502,0.0,0.0,0.0,0.0,34.718265985409616,26.63479830827007,0.0,0.0,0.43968402935912865,34.42898959836003,28.99073190998449,0.014993239337374852,-0.008537683463385851,1.272461664085668e-07,0.827103316783905,3.2505524158477783,0.41007041931152344,0.45661163330078125,1.9905496835708618,2.0421206951141357,296.4610290527344,301.0140380859375,1.1693611390825747,0.0011057937700765705,0.7173397749192376,271.4599914550781,2.210616971437618,226.14443458086797,169.17440023321345,6.054137834462085,3.1763750174150354,100887.4765625,0.006483808321358941,225.12612946716055,230.70370866212795,270.60513116983526,,5.865260455780065,4.884027422584322,5.1989884020808255,3.101521790702302,4.757975139056796,1.8214267743588906,4.149837473288157,5.652085204575193,4.1478596116219935,5.0538842122890575,61.61601947174823,-2.9341174189415753,1.4813309969585262,0.9817201688447426,225.81724321620072,2.623892587001444,6.094599795340183,5.360318402902161,302.0419096519565,1.77325510082526,1.5460575889472925,0.6873285995076561,1.3231979156288785,0.6174296033367948,0.2143802633752036,301.4947204589844,0.8800008296966553,99.99999237060547,0.0,100445.5234375,273.15936279296875,0.03004964254796505,0.6516101739394506,0.508813077152771,0.4316771392524293,0.007716672638098554,4.4046472241943055,0.0211347428842783
2022-07-21,10.1,40.7,-0.008,4,3,1.3466666666666667,105.73333333333333,19.8,19.8,0.0,7,21,37.099999999999994,0.0,26.464393615722656,57.72154235839844,0.0,0.06599999964237213,0.0,0.0,0.0,0.0,33.94389724731445,25.22394561767578,0.0,0.0,0.7285941243171692,32.65179443359375,30.153295516967773,-0.15638932585716248,0.34653520584106445,2.293133547937032e-06,-0.945601761341095,1.564210295677185,-1.0647779703140259,-0.918707549571991,1.628265380859375,1.4718633890151978,297.3021240234375,299.94464111328125,1.1557697057724,0.0007305845501832664,0.7210820317268372,271.4599914550781,0.9156398177146912,154.1234130859375,81.65765380859375,4.3199028968811035,3.0552186965942383,100949.6171875,0.0017717716982588172,154.29652404785156,155.5988006591797,287.5086975097656,299.1922607421875,4.273648738861084,3.761909246444702,3.846687078475952,2.238269805908203,3.5182278156280518,0.60333251953125,4.436209201812744,4.588053226470947,4.3253173828125,3.4034106731414795,54.0,-2.8510539531707764,0.8619441986083984,1.0162291526794434,152.5564422607422,2.4977214336395264,5.216611385345459,4.020660400390625,302.88134765625,0.48904967308044434,0.4836869537830353,0.0438028983771801,0.46578332781791687,0.0593821220099926,0.036195117980241776,302.7547607421875,0.8800014853477478,99.99999237060547,0.0,100984.2421875,302.8810119628906,0.01938883401453495,0.5363355875015259,0.34755709767341614,0.96337890625,0.004063112195581198,3.3704516887664795,0.017900917679071426
2022-07-22,11.5,45.0,-0.038,3,2,5.013333333333334,107.76666666666667,19.8,19.8,0.0,7,22,41.0,0.0,18.27776527404785,119.13582611083984,0.0,0.06599999964237213,0.0,0.0,0.0,0.0,34.406776428222656,20.577342987060547,0.0,0.0,0.7435041666030884,33.07291030883789,30.004241943359375,-0.29500246047973633,-0.023147102445364,-6.437881552301405e-07,-2.028087615966797,-2.1704635620117188,-2.1546249389648438,-1.9456100463867188,-2.2531356811523438,-2.042865037918091,297.34649658203125,300.6400146484375,1.1520819664001465,0.0008109459304250777,0.6782302856445312,271.4599914550781,0.7509985566139221,198.57911682128906,39.847328186035156,3.9699859619140625,2.6663434505462646,100990.9296875,0.001563590602017939,170.52410888671875,168.6946258544922,242.8888702392578,169.1846466064453,3.8996124267578125,3.407954454421997,3.5312862396240234,2.0499508380889893,3.2600297927856445,0.8520965576171875,4.201725959777832,4.3514404296875,3.7056884765625,3.0943803787231445,80.0,-1.7057291269302368,1.2384649515151978,1.0041946172714233,47.51376724243164,3.3909099102020264,4.998054504394531,3.6680824756622314,302.723388671875,0.4017287492752075,0.3950079381465912,0.0510050468146801,0.2524857819080353,0.23462168872356415,0.20889155566692352,302.7090148925781,0.8800007700920105,99.99999237060547,0.0,100996.96875,302.7234191894531,0.00323486328125,0.9942829608917236,1.0661934614181519,0.747460663318634,0.003689924953505397,2.5346176624298096,0.016007747501134872
2022-07-23,10.6,46.9,0.082,3,2,8.091666666666667,110.81666666666666,19.8,19.8,0.0,7,23,44.2,0.0,13.608116149902344,1825.934814453125,0.0,0.06599999964237213,0.0,0.0,0.0,0.0,34.6008186340332,2.5335497856140137,0.0,0.0,0.7514324188232422,33.16872787475586,29.489994049072266,-0.05030754953622818,0.09551280736923218,-5.500702400240698e-07,-2.148042678833008,-1.9693228006362915,-2.233994722366333,-2.0306358337402344,-2.0611908435821533,-1.8749281167984009,297.2843322753906,301.2139587402344,1.1517215967178345,0.0007716266554780304,0.6238784790039062,271.4600524902344,0.6710557341575623,43.4806022644043,41.93217086791992,3.7502357959747314,2.6295950412750244,100853.9921875,0.0012399654369801283,43.51496505737305,46.57683181762695,265.2691345214844,135.02601623535156,3.7096474170684814,3.34330153465271,3.4202566146850586,2.0037777423858643,3.1734790802001953,0.7742869257926941,3.8488292694091797,4.136881351470947,8.083292961120605,3.0654571056365967,991.0,-1.5381265878677368,1.087298035621643,1.004952073097229,45.93992233276367,2.9488933086395264,4.1406121253967285,3.5944669246673584,302.4112854003906,0.36066314578056335,0.35710421204566956,0.0342864990234375,0.33251991868019104,0.11943308264017105,0.04069264605641365,302.2699279785156,0.8799999356269836,99.99999237060547,0.0,100872.3046875,302.4113464355469,0.0,0.8330764174461365,0.857715904712677,0.7415199279785156,0.007112348917871714,5.750392436981201,0.02071576751768589
2022-07-24,12.1,47.5,-0.036,3,2,11.965,113.86666666666666,19.8,19.8,0.0,7,24,44.6,0.0,11.981554985046387,4392.10986328125,0.0,0.06599999964237213,0.0,0.0,0.0,0.0,34.63862228393555,1.7836284637451172,0.0,0.0,0.7312838435173035,33.1989631652832,29.932979583740234,-0.23873503506183624,0.1422882080078125,-1.255432806601675e-07,-2.387920379638672,-0.5766372680664062,-2.5340442657470703,-2.2645092010498047,-0.6097424626350403,-0.5424633026123047,297.6981201171875,301.58917236328125,1.148554801940918,0.0007603529957123101,0.6000900268554688,271.46002197265625,0.6553996205329895,53.53548049926758,52.81795120239258,4.285163879394531,3.2967653274536133,100768.21875,0.0010630837641656399,53.72373580932617,51.96357727050781,229.33897399902344,47.18402099609375,4.257209777832031,3.6006181240081787,3.652864456176758,2.332752227783203,3.270933151245117,0.3675435483455658,4.486470699310303,4.353983402252197,11.154011726379395,3.201342821121216,999.0,-1.524505615234375,1.1221269369125366,1.0019127130508423,76.32086944580078,2.8314208984375,5.358884334564209,3.9237546920776367,302.8779296875,0.35015368461608887,0.348236083984375,0.01805623434484005,0.343292236328125,0.0825602188706398,0.03375244140625,302.7735290527344,0.8800013065338135,99.99999237060547,0.0,100762.6484375,302.87835693359375,0.003387451171875,0.6804094314575195,0.4125833213329315,1.1068674325942993,0.0022683192510157824,3.045163154602051,0.012281383387744427
2022-07-25,11.9,47.7,-0.014,2,1,15.766666666666667,116.91666666666667,19.8,19.8,0.0,7,25,44.5,0.0,10.463024139404297,4144.6708984375,0.0,0.06599999964237213,0.0,0.0,0.0,0.0,34.643245697021484,1.7750753164291382,0.0,0.0,0.7993459105491638,33.34587860107422,30.785804748535156,0.058443572372198105,0.059732094407081604,1.1148376444225505e-08,-1.569234848022461,-1.7526518106460571,-1.6621049642562866,-1.4865798950195312,-1.8261343240737915,-1.6462421417236328,298.4220275878906,301.9271240234375,1.1459118127822876,0.0008176935953088105,0.6819584965705872,271.4599609375,0.5267161726951599,17.96967124938965,40.15274429321289,3.441544771194458,2.8117549419403076,100791.9453125,0.001268985797651112,19.250444412231445,26.291397094726562,57.0723876953125,226.2620086669922,3.3484761714935303,2.7700843811035156,2.8834266662597656,2.1148874759674072,2.6545419692993164,0.7391865849494934,3.1052839756011963,9.802734375,4.608541011810303,2.5227773189544678,999.0,-1.8519693613052368,1.5139917135238647,1.00137460231781,90.41098022460938,3.46527099609375,3.1825435161590576,3.087019205093384,303.5362243652344,0.283866822719574,0.27580174803733826,0.04510498046875,0.26432713866233826,0.09506988525390625,0.07078298181295395,303.6084289550781,0.8799994587898254,99.99999237060547,0.0,100790.8046875,303.536376953125,0.03167724609375,0.7151506543159485,0.6522437930107117,0.8387629389762878,0.012315630912780762,5.590169906616211,0.026946580037474632
2022-07-26,12.1,47.6,-0.036,4,3,19.426666666666666,119.96666666666667,19.8,19.8,0.0,7,26,44.5,0.0,12.284682273864746,4277.8603515625,0.0,0.06599999964237213,0.0,0.0,0.0,0.0,34.65594482421875,1.7995922565460205,0.0,0.0,0.8573230504989624,33.4782600402832,31.041685104370117,0.040758952498435974,-0.14912322163581848,-7.446581093972782e-07,-3.919773817062378,-0.18120956420898438,-3.919656753540039,-3.6674442291259766,-0.14435577392578125,-0.1580473631620407,298.7314147949219,302.2128601074219,1.1447213888168335,0.0008912062621675432,0.7055575251579285,271.4600524902344,1.069961428642273,87.55826568603516,82.14984893798828,5.425769329071045,2.280402898788452,100752.0078125,0.0026203475426882505,87.06121063232422,88.05683135986328,85.95770263671875,222.25514221191406,5.061155319213867,3.8443386554718018,4.333372592926025,2.0258114337921143,3.862260103225708,1.690216064453125,4.880885124206543,7.0867919921875,4.248555660247803,3.3173797130584717,999.0,-2.0932209491729736,1.9908790588378906,0.9941663146018982,91.67154693603516,4.271952152252197,7.072271823883057,4.220104694366455,303.93701171875,0.5622765421867371,0.5265569090843201,0.179840087890625,0.39666903018951416,0.29960379004478455,0.0548960380256176,303.6418762207031,0.8800013661384583,99.99999237060547,0.0,100749.0859375,303.936767578125,0.001220703125,0.5550756454467773,0.31321704387664795,0.38667425513267517,0.0055823600850999355,2.2502634525299072,0.015250948257744312
2022-07-27,12.8,47.0,-0.105,2,1,23.635,123.01666666666667,19.8,19.8,0.0,7,27,44.3,0.0,10.626758575439453,3005.82080078125,0.0,0.06599999964237213,0.0,0.0,0.0,0.0,34.67433547973633,1.4916424751281738,0.0,0.0,1.2712050676345825,34.37273406982422,31.200273513793945,0.3760949373245239,0.4625912308692932,7.021336045909266e-07,-2.1220569610595703,-3.3570945262908936,-2.1092617511749268,-1.968719482421875,-3.3879592418670654,-3.1479549407958984,298.4599304199219,303.0528869628906,1.1433521509170532,0.0009396057575941086,0.7524185180664062,271.4599304199219,1.416478157043457,90.94021606445312,73.06480407714844,7.291524887084961,2.178830146789551,100703.0625,0.0025538383051753044,87.89825439453125,94.3170166015625,45.11349105834961,202.10699462890625,6.945108890533447,5.251498699188232,5.881056308746338,1.9723142385482788,5.078286647796631,1.7238210439682007,8.500996589660645,4.990499019622803,5.338338375091553,4.325763702392578,999.0,-2.0212299823760986,2.303595781326294,0.9811756014823914,88.22440338134766,4.77728271484375,10.157891273498535,5.708741664886475,304.2068786621094,0.7468242645263672,0.7199527621269226,0.1754658967256546,0.7269819378852844,0.2449951171875,0.04412078857421875,304.0361022949219,0.8800010681152344,99.99999237060547,0.0,100721.6953125,304.20709228515625,0.00022379557776730508,0.4741489887237549,0.2895604074001312,0.32879766821861267,0.0007189512252807617,2.837768316268921,0.007552995812147856
2022-07-28,11.9,46.5,-0.04,2,1,28.275,124.03333333333333,19.8,19.8,0.0,7,28,40.9,0.0,10.481513023376465,78.42314910888672,0.0,0.06600000709295273,0.0,0.0,0.0,0.0,34.21086502075195,19.768735885620117,0.0,0.0,0.5200910568237305,33.297306060791016,30.00791358947754,0.1060025691986084,0.08285865932703018,1.426025846740231e-06,-4.704341888427734,-2.0260727405548096,-4.333559513092041,-4.198781490325928,-2.000109910964966,-1.9059950113296509,298.7222900390625,302.0274963378906,1.1458343267440796,0.001053906511515379,0.7339833378791809,271.4599304199219,1.680794596672058,97.8188705444336,56.34964370727539,6.408578395843506,3.1651785373687744,100643.2578125,0.004816974047571421,93.82644653320312,99.34613037109375,171.1894073486328,246.03759765625,5.540709972381592,4.365943431854248,5.318722248077393,2.7843363285064697,4.737639904022217,2.348231077194214,8.002167701721191,6.485453128814697,5.284281253814697,3.770232915878296,86.0,-2.499755859375,2.8128535747528076,0.9693719744682312,96.94036865234375,5.97430419921875,7.4041290283203125,4.70868444442749,302.9129943847656,0.8750576376914978,0.6839313507080078,0.4964141845703125,0.6114571690559387,0.23482513427734375,0.09603754431009293,303.04864501953125,0.8800008296966553,99.99999237060547,0.0,100658.9375,302.9127197265625,0.0426025390625,0.637158989906311,0.3907318413257599,0.39957427978515625,0.0127028226852417,3.106060743331909,0.02610747329890728
2022-08-02,11.0,41.1,-0.087,3,2,26.395,125.05,7.5,10.9,3.4000000000000004,8,2,26.2,0.0,16.002098083496094,356.2448425292969,0.0,0.06599999964237213,0.0,0.0,0.0,0.0,34.40326690673828,10.188369750976562,0.0,0.0,0.701962411403656,33.865360260009766,30.595500946044922,0.3966749608516693,0.3393610119819641,-1.8580443850169104e-07,-2.0623137950897217,7.7295966148376465,-1.9262453317642212,-1.8713760375976562,7.104115009307861,6.920232772827148,298.4754333496094,301.8453369140625,1.149710774421692,0.0011893907794728875,0.7758636474609375,271.46002197265625,2.3762779235839844,149.7325897216797,163.89210510253906,6.448792934417725,3.7096121311187744,101017.6015625,0.006964599713683128,158.1114501953125,150.8056640625,195.0890350341797,255.85520935058594,5.487234592437744,4.636962890625,5.790598392486572,3.3122804164886475,5.388710021972656,3.0193989276885986,9.792988777160645,7.905517578125,5.6396484375,4.116208553314209,165.0,-3.213470458984375,3.710791826248169,0.9640814661979675,164.6154022216797,7.449361324310303,6.061398983001709,4.895472049713135,303.0785217285156,1.243322491645813,0.9617331624031067,0.7476399540901184,0.9002532958984375,0.24944305419921875,0.13180796802043915,302.8447265625,0.8800008296966553,99.99999237060547,0.0,101020.1484375,303.0782165527344,0.0,0.6468684077262878,0.6309935450553894,0.2970390319824219,0.012936313636600971,3.3827877044677734,0.033896706998348236
2022-08-03,10.4,45.7,0.074,3,2,22.508333333333333,123.01666666666667,7.5,10.9,3.4000000000000004,8,3,32.2,0.0,14.224610328674316,3621.025634765625,0.0,0.06599999964237213,0.0,0.0,0.0,0.0,34.67185974121094,1.2349355220794678,0.0,0.0,1.2346396446228027,34.04736328125,30.027936935424805,0.01842399127781391,0.7466079592704773,-2.0299825109759695e-07,-1.5260848999023438,4.354387283325195,-1.5426445007324219,-1.4235502481460571,4.403722763061523,4.067012310028076,298.1053161621094,300.42822265625,1.1562676429748535,0.0009548214729875326,0.8857294917106628,271.4599914550781,1.9517970085144043,142.6942901611328,162.68179321289062,6.467752933502197,2.405392646789551,101044.1640625,0.003919451497495174,145.3506317138672,143.01109313964844,103.9068603515625,216.0037078857422,6.137929439544678,5.052194118499756,5.611753940582275,2.197767972946167,5.151030540466309,2.0330810546875,5.738719940185547,8.154296875,5.485066890716553,4.422504901885986,999.0,-2.8960978984832764,2.3161067962646484,0.9991328716278076,163.1088104248047,4.979593753814697,5.7874321937561035,5.335403919219971,303.48876953125,1.0241334438323975,0.9777231216430664,0.2719523012638092,0.656100869178772,0.5815836787223816,0.4173800051212311,303.0929260253906,0.8800008296966553,99.99999237060547,0.0,100965.6484375,303.4883728027344,0.19561767578125,0.6948819756507874,0.7151367664337158,0.28142547607421875,0.009239952079951763,2.3709373474121094,0.03058643639087677
2022-08-04,10.9,43.0,-0.028,4,3,19.133333333333333,119.96666666666667,7.5,10.9,3.4000000000000004,8,4,32.5,0.0,23.42500877380371,3824.781982421875,0.0,0.06599999964237213,0.0,0.0,0.0,0.0,34.65294647216797,1.7992818355560303,0.0,0.0,0.8395071029663086,33.40790557861328,30.342567443847656,0.16222509741783142,-0.01274093147367239,-4.452084567674319e-08,-4.0859456062316895,0.8350327610969543,-3.946385622024536,-3.7447643280029297,0.8274148106575012,0.7370745539665222,298.0818176269531,301.5871887207031,1.1488513946533203,0.0009747098083607852,0.7749112248420715,271.4599914550781,1.9333654642105103,208.20567321777344,93.68768310546875,5.965623378753662,2.9575421810150146,100884.2265625,0.0040416535921394825,185.24395751953125,233.6651611328125,115.13846588134766,121.63544464111328,5.611477375030518,4.8646626472473145,5.3676533699035645,2.484567403793335,5.001635551452637,1.7445424795150757,5.943943023681641,6.151468753814697,11.09356689453125,4.384702205657959,999.0,-4.107737064361572,2.1937663555145264,1.0077060461044312,108.26446533203125,5.206319332122803,6.398555755615234,5.075613498687744,303.4974670410156,1.0205579996109009,0.9286095499992371,0.2952677309513092,0.7625054717063904,0.45883432030677795,0.24482853710651398,303.3938293457031,0.8800005316734314,99.99999237060547,0.0,100893.9296875,303.4974060058594,0.0321248359978199,0.8868334293365479,0.7615134716033936,0.535986602306366,0.009666959755122662,4.0448994636535645,0.02573494426906109
2022-08-05,11.3,42.7,-0.075,4,3,15.838333333333333,116.91666666666667,7.5,10.9,3.4000000000000004,8,5,35.1,0.0,18.209949493408203,4088.665283203125,0.0,0.06599999964237213,0.0,0.0,0.0,0.0,34.646060943603516,1.782954454421997,0.0,0.0,0.8270063400268555,33.393882751464844,30.422195434570312,0.20318229496479034,0.16085976362228394,7.823559826647397e-07,2.098557710647583,1.1754417419433594,2.157376527786255,1.9535661935806274,1.2427953481674194,1.1472307443618774,297.3441467285156,301.8304748535156,1.1482239961624146,0.000862145097926259,0.697607696056366,271.4600524902344,1.0446401834487915,239.96571350097656,215.63050842285156,4.910730838775635,2.2513551712036133,100750.0,0.001970254583284259,240.46307373046875,236.49339294433594,75.18675994873047,129.5272674560547,4.733901500701904,4.076388359069824,4.368838787078857,1.924869179725647,4.002026557922363,1.3930104970932007,5.018591403961182,7.824320316314697,3.58544921875,3.6288270950317383,999.0,-1.8528035879135132,1.4210954904556274,0.9978662133216858,240.7790069580078,4.013224124908447,5.6011528968811035,4.363854885101318,303.115478515625,0.5534091591835022,0.5320518612861633,0.1142425537109375,0.5426289439201355,0.13493092358112335,0.057565052062273026,302.9223327636719,0.8800003528594971,99.99999237060547,0.0,100748.75,303.11492919921875,0.5579630732536316,0.5494086742401123,0.356833815574646,0.4614003598690033,0.006715655326843262,5.306416988372803,0.018021801486611366
2022-08-06,11.1,41.4,-0.094,5,4,12.27,113.86666666666666,7.5,10.9,3.4000000000000004,8,6,32.5,0.0,23.409713745117188,4343.25048828125,0.0,0.06599999964237213,0.0,0.0,0.0,0.0,34.63860321044922,1.7824089527130127,0.0,0.0,0.8240678906440735,33.29222106933594,30.136486053466797,-0.13146667182445526,0.040158238261938095,5.525413939722057e-07,3.342575788497925,3.4261863231658936,3.2365474700927734,3.0654208660125732,3.432042360305786,3.2084388732910156,297.6116027832031,300.2810974121094,1.1517208814620972,0.0009544733329676092,0.8259785771369934,271.46002197265625,1.9058514833450317,224.10231018066406,203.5903778076172,5.859979629516602,2.7391481399536133,100583.7890625,0.004209974315017462,225.3008270263672,222.0902557373047,49.98728942871094,94.13318634033203,5.509414196014404,4.760556221008301,5.354397296905518,2.4046621322631836,4.988561153411865,1.9879302978515625,5.808945178985596,8.886698722839355,4.290364742279053,4.228531360626221,999.0,-3.2111103534698486,2.098660707473755,1.0017532110214233,223.186767578125,4.980082035064697,6.517858982086182,5.018453121185303,302.5450744628906,1.007438063621521,0.9397141933441162,0.3180745542049408,0.8796759247779846,0.07696787267923355,0.03167470172047615,302.421630859375,0.8800008893013,99.99999237060547,0.0,100590.1875,302.5453186035156,0.09271240234375,0.4883369505405426,0.32759523391723633,0.3890889585018158,0.007733543869107962,3.988577127456665,0.023007558658719063
2022-08-07,10.1,40.3,-0.017,7,5,9.025,111.83333333333333,7.5,10.9,3.4000000000000004,8,7,32.4,0.0,33.006221771240234,1646.1788330078125,0.0,0.06599999964237213,0.0,0.0,0.0,0.0,34.59461212158203,2.6921117305755615,0.0,0.0,0.7544422745704651,32.94854736328125,29.2950496673584,-0.04683613404631615,-0.42350488901138306,-7.606795975334535e-07,10.209300994873047,4.871383190155029,9.194424629211426,8.978367805480957,4.387836456298828,4.285589694976807,297.7136535644531,300.3612365722656,1.1539030075073242,0.0013957381015643477,1.0511831045150757,271.4599304199219,3.614654541015625,269.1347961425781,244.47035217285156,6.7277703285217285,5.288672924041748,100714.0,0.010736826807260513,251.91111755371094,233.9543914794922,98.35723876953125,53.32307052612305,5.808743953704834,5.1526594161987305,6.193257808685303,4.705825328826904,5.783092975616455,4.258626461029053,15.0064058303833,5.77264404296875,7.927774906158447,4.65549898147583,999.0,-3.4886982440948486,4.238227367401123,0.956373393535614,242.8563232421875,10.164998054504395,6.780574798583984,5.35073709487915,302.4775390625,1.881984829902649,1.0301880836486816,1.5474090576171875,1.0419119596481323,0.05151112750172615,0.029669443145394325,302.4739990234375,0.8800008296966553,99.99999237060547,0.0,100726.65625,302.47784423828125,0.210540771484375,0.5671190619468689,0.5201246738433838,0.3075141906738281,0.024590054526925087,4.801443099975586,0.041526515036821365
2022-08-08,10.4,40.7,-0.033,8,6,5.883333333333333,108.78333333333333,7.5,10.9,3.4000000000000004,8,8,34.0,0.0,27.46626853942871,112.52751159667969,0.0,0.06599999964237213,0.0,0.0,0.0,0.0,34.48892593383789,19.4638614654541,0.0,0.0,0.7529984712600708,32.80531311035156,29.531810760498047,0.07938214391469955,-0.028491342440247536,6.261611247282417e-07,5.823033809661865,5.588560581207275,5.2838969230651855,5.175515651702881,5.076204299926758,4.970722675323486,297.4847106933594,301.9833679199219,1.1478562355041504,0.0011790161952376366,0.6843338012695312,271.4599914550781,1.751447319984436,218.3426513671875,225.169189453125,4.892636775970459,3.6856155395507812,100783.28125,0.006117307115346193,222.6507110595703,200.1302032470703,143.57974243164062,91.6943588256836,4.190701961517334,3.7325241565704346,4.557180404663086,3.3009226322174072,4.287031173706055,3.013092041015625,14.56650161743164,7.54705810546875,6.041707515716553,3.393782377243042,100.0,-3.0820415019989014,3.8054332733154297,0.9583792090415955,226.2540283203125,7.42626953125,4.854489803314209,3.9775474071502686,302.5111389160156,0.9171192646026611,0.5722472071647644,0.7081858515739441,0.5744699239730835,0.0475362129509449,0.026157379150390625,302.28363037109375,0.880000650882721,99.99999237060547,0.0,100784.8671875,302.51123046875,0.0060221352614462376,0.5852118134498596,0.5812830328941345,0.2558784484863281,0.020752469077706337,4.613153457641602,0.03914980962872505
2022-08-09,9.9,38.8,-0.039,6,4,3.0683333333333334,106.75,7.5,10.9,3.4000000000000004,8,9,29.4,0.0,28.525606155395508,72.2289810180664,0.0,0.06599999964237213,0.0,0.0,0.0,0.0,33.95986557006836,24.99172019958496,0.0,0.0,0.6950873732566833,33.128746032714844,29.738126754760742,-0.12547968327999115,0.08138628304004669,6.016943530084973e-07,0.9843966364860535,6.121785640716553,0.9385579228401184,0.9050171971321106,5.831370830535889,5.609512805938721,297.0985107421875,301.9536437988281,1.1492888927459717,0.0010428447276353836,0.7332509160041809,271.4599304199219,1.2102375030517578,170.61061096191406,188.42633056640625,4.4183220863342285,2.805030584335327,100810.9765625,0.003963937517255545,178.35870361328125,150.47940063476562,104.52811431884766,264.4939270019531,3.804959297180176,3.3615562915802,4.120487689971924,2.5484864711761475,3.888293981552124,2.35614013671875,5.473026752471924,8.358906745910645,5.296773433685303,3.0525195598602295,24.0,-2.6427001953125,3.10893177986145,0.9728545546531677,188.36602783203125,5.944722652435303,4.6756157875061035,3.6402456760406494,302.824462890625,0.6433167457580566,0.4272644817829132,0.4208882749080658,0.4357229471206665,0.0177764892578125,0.009686787612736225,302.5166320800781,0.8800002932548523,99.99999237060547,0.0,100808.3203125,302.8242492675781,0.0005086262826807797,0.5340905785560608,0.4046872854232788,0.2952728271484375,0.011522173881530762,3.911638021469116,0.033718742430210114
2022-08-12,12.4,41.7,-0.21,3,2,4.171666666666667,100.65,7.5,10.9,3.4000000000000004,8,12,35.3,0.0,7.0738091468811035,7.7968292236328125,0.0,0.06599999964237213,0.0,0.0,0.0,0.0,31.473833084106445,30.725303649902344,0.0,0.0,0.7118602991104126,31.471376419067383,30.7592830657959,0.0005670913378708065,0.07023104280233383,-8.365722123926389e-07,0.13904507458209991,2.3438618183135986,0.1704540252685547,0.12890879809856415,1.939157485961914,1.772412657737732,297.9920959472656,300.8497619628906,1.1431833505630493,0.0007107162964530289,0.713470458984375,271.4599609375,3.0580025326293807,203.0853644057956,111.1917297338166,6.511104442005135,3.6147410823743353,100893.6015625,0.00652142509056122,204.92478714988943,294.4579772949219,228.8895721435547,153.6865692138672,6.187366454885989,5.6671140710801,6.150207400535441,2.9310475325410854,6.242977612091217,2.6536189582478547,6.1334547996521,2.7023112773895264,4.757242679595947,5.04054505045756,28.0,-0.988067626953125,0.7009410858154297,0.9985353350639343,135.53452100352757,2.3166096210479736,6.362911224365234,6.028215439267179,302.0126589430655,1.7783121564807587,1.555561628891156,0.6902198538827573,0.25184178352355957,0.13621266186237335,0.03761037066578865,301.7109375,0.8800008296966553,99.99999237060547,0.0,100438.9375,284.3481140136719,0.0484619140625,0.6528634648516995,0.5114893062015478,0.4287797718098535,0.007559387020128241,4.360184829826128,0.020978032486081502
2022-08-13,11.0,40.8,-0.096,3,3,6.3116666666666665,96.58333333333333,7.5,10.9,3.4000000000000004,8,13,32.2,0.0,12.75797176361084,1330.1441650390625,0.0,0.06599999964237213,0.0,0.0,0.0,0.0,35.283573150634766,7.202275276184082,0.0,0.0,0.661698579788208,32.78978729248047,29.687774658203125,0.06849049776792526,-0.275143027305603,1.3390543927016552e-06,-1.0700982809066772,0.9869034886360168,-1.2423267364501953,-1.0607833862304688,1.0486608743667603,0.9525470733642578,297.4377746582031,301.2923889160156,1.1522794961929321,0.0007296283729374409,0.6905491948127747,271.4599304199219,1.3014558553695679,263.4657287597656,67.47835540771484,5.937539577484131,3.3280458450317383,100886.0078125,0.0019160867668688297,263.5575866699219,267.8994140625,220.8341522216797,125.0158920288086,5.912840366363525,4.85963773727417,4.907397747039795,2.364577054977417,4.348122596740723,0.4051717221736908,5.582435607910156,12.945719718933105,3.1329548358917236,4.28059720993042,999.0,-2.8317058086395264,0.18228276073932648,1.0151351690292358,116.7840576171875,2.48931884765625,6.359188079833984,5.126972675323486,303.1313171386719,0.6864137649536133,0.6840391159057617,0.03000386618077755,0.6282581090927124,0.1736297607421875,0.14364878833293915,302.9814453125,0.8800008296966553,99.99999237060547,0.0,100848.1171875,303.1310729980469,0.002716064453125,0.5520102381706238,0.30232250690460205,1.1050478219985962,0.006061434745788574,4.709466457366943,0.017109883949160576
2022-08-14,10.3,40.6,-0.033,6,4,6.26,92.51666666666667,7.5,10.9,3.4000000000000004,8,14,32.7,0.0,31.58313751220703,4324.958984375,0.0,0.06599999964237213,0.0,0.0,0.0,0.0,34.71709060668945,0.7669392228126526,0.0,0.0,0.5826281309127808,33.59624099731445,28.513160705566406,0.13070815801620483,-0.10990095883607864,9.472750548411568e-07,2.4436607360839844,4.811405181884766,2.4246628284454346,2.2778663635253906,4.707324981689453,4.434272289276123,297.3051452636719,299.9341125488281,1.1596083641052246,0.0010044501395896077,0.8119303584098816,271.4600830078125,3.188015937805176,190.26487731933594,204.432861328125,10.162898063659668,2.510261297225952,101000.5390625,0.004592517390847206,190.79058837890625,173.2564697265625,241.6205596923828,175.5947723388672,9.898097038269043,7.631221771240234,8.293209075927734,2.290297508239746,7.229320526123047,2.12396240234375,10.216175079345703,8.761088371276855,10.317626953125,6.23971700668335,999.0,-2.7550761699676514,2.8159778118133545,0.9792485237121582,204.7726593017578,5.4638671875,12.258843421936035,8.07572078704834,301.8611755371094,1.694036602973938,1.6635475158691406,0.3076985776424408,1.3597074747085571,0.7838795781135559,0.44084930419921875,301.6072082519531,0.8800008296966553,99.99999237060547,0.0,101006.7890625,301.8615417480469,0.02009073831140995,0.5594564080238342,0.3325226306915283,0.30125680565834045,0.0028520028572529554,4.364231586456299,0.011891287751495838
2022-08-15,10.7,40.9,-0.063,4,4,5.945,88.45,7.5,10.9,3.4000000000000004,8,15,33.5,0.0,32.7890625,3890.381591796875,0.0,0.06599999964237213,0.0,0.0,0.0,0.0,34.67210388183594,1.095170021057129,0.0,0.0,0.5651265978813171,34.0712890625,28.541860580444336,0.09087364375591278,0.2088775783777237,1.6330036487488542e-06,2.7165896892547607,5.5958075523376465,2.5918681621551514,2.4749763011932373,5.3929924964904785,5.137386798858643,296.6866149902344,300.2611083984375,1.1591564416885376,0.001079063513316214,0.7968775629997253,271.4601135253906,4.610536575317383,199.7415008544922,207.6177520751953,12.023335456848145,2.9484939575195312,101053.4375,0.006816204637289047,200.1720733642578,199.259033203125,227.9910430908203,156.47889709472656,11.64569091796875,8.888545989990234,9.738216400146484,2.6651651859283447,8.383288383483887,2.4538981914520264,14.60551929473877,6.3843994140625,6.8359375,7.189279079437256,999.0,-3.5219218730926514,3.2658627033233643,0.9875988364219666,207.70086669921875,6.1163330078125,15.845431327819824,9.376349449157715,301.6583251953125,2.4623289108276367,2.4082233905792236,0.4709676206111908,1.990605354309082,1.0271224975585938,0.726690948009491,301.465576171875,0.8800008296966553,99.99999237060547,0.0,101060.9453125,301.6584167480469,0.3609517514705658,0.48868563771247864,0.1725723147392273,0.2992604672908783,0.0027191240806132555,5.6481804847717285,0.009888275526463985
2022-08-16,9.9,41.1,0.025,5,4,5.666666666666667,84.38333333333334,7.5,10.9,3.4000000000000004,8,16,32.2,0.0,39.309181213378906,4012.5107421875,0.0,0.06599999964237213,0.0,0.0,0.0,0.0,34.7861328125,1.345015287399292,0.0,0.0,0.4714467227458954,34.83485412597656,28.288671493530273,0.7186228632926941,0.6709085702896118,1.5732854308225797e-07,4.767453670501709,6.842992782592773,4.294872283935547,4.202367782592773,6.2094292640686035,6.075118541717529,297.4739685058594,300.2185974121094,1.156093955039978,0.0012410866329446435,0.6860554814338684,271.46002197265625,4.527254581451416,194.71156311035156,214.4508514404297,11.152508735656738,3.7923812866210938,100960.6171875,0.00887172482907772,197.03172302246094,189.28369140625,149.6412811279297,241.88323974609375,10.316723823547363,7.864202499389648,9.434077262878418,3.3746330738067627,8.283635139465332,3.0685627460479736,12.099388122558594,5.175272464752197,5.63067626953125,6.364558696746826,999.0,-3.3627827167510986,4.122354507446289,0.9468851089477539,214.4365692138672,7.611043453216553,14.2528715133667,8.334099769592285,301.3923034667969,2.4015257358551025,2.2589640617370605,0.8018391728401184,2.169898509979248,0.3748830258846283,0.17218780517578125,301.0971374511719,0.8800008296966553,99.99999237060547,0.0,100957.2890625,301.392333984375,0.0046590170823037624,0.49255189299583435,0.2106596678495407,0.28288140892982483,0.0033669869881123304,5.719173908233643,0.011897691525518894
2022-08-19,9.5,41.9,0.08,5,3,6.743333333333333,78.28333333333333,7.5,10.9,3.4000000000000004,8,19,19.2,0.0,21.87995147705078,2564.59814453125,0.0,0.06599999964237213,0.0,0.0,0.0,0.0,34.853424072265625,2.20180082321167,0.0,0.0,0.3697538673877716,34.9969482421875,27.32427978515625,0.14355900883674622,-0.30822107195854187,2.9317249072846607e-08,10.332789421081543,-0.2577126920223236,8.909927368164062,8.821897506713867,-0.16329319775104523,-0.1585369110107422,297.33331298828125,299.9256286621094,1.157184362411499,0.001376288360916078,0.5887705683708191,271.4601135253906,4.629199504852295,181.21620178222656,274.19573974609375,10.399003028869629,4.497535228729248,100902.6484375,0.010655616410076618,201.27491760253906,174.2698974609375,191.1842803955078,143.8309326171875,9.05100154876709,7.079429626464844,9.133099555969238,4.004780292510986,8.204103469848633,3.633936643600464,11.072064399719238,9.888773918151855,12.333984375,5.912528991699219,999.0,-3.4999287128448486,4.407749176025391,0.9374751448631287,270.38433837890625,8.983805656433105,11.803175926208496,7.447166919708252,300.289306640625,2.445458173751831,2.145070791244507,1.1664022207260132,2.058100938796997,0.5144500732421875,0.01658121682703495,300.26611328125,0.8800008296966553,99.99999237060547,0.0,100895.1953125,300.28912353515625,0.00054931640625,0.6289597749710083,0.29005229473114014,0.3325653076171875,0.006056984420865774,4.674681186676025,0.01776987500488758
2022-08-20,10.2,41.3,0.0,3,3,9.811666666666667,76.25,7.5,10.9,3.4000000000000004,8,20,32.5,0.0,8.599649429321289,8.910685539245605,0.0,0.06599999964237213,0.0,0.0,0.0,0.0,34.36381912231445,27.57445526123047,0.0,0.0,0.28463491797447205,34.34412384033203,27.710474014282227,0.0004186417208984494,-0.11178915202617645,8.184156854440516e-07,3.6234099864959717,-4.949575901031494,2.859940767288208,2.8449275493621826,-3.750965118408203,-3.728064775466919,297.093505859375,298.95703125,1.1628878116607666,0.0009925584308803082,0.3994496762752533,271.46002197265625,4.431769363470734,213.70902123125805,287.7660550540688,10.350066042180714,4.0451000901737215,100949.2734375,0.006534509184196796,224.58746165329146,172.0567626953125,279.34454345703125,157.58998107910156,9.028297152062935,7.83772115556944,9.688887334899771,2.8843674496833875,8.159219547954764,3.0888092784312327,10.967413902282715,6.938741207122803,2.3341877460479736,6.2137838042450255,59.0,-2.4411113262176514,2.714022397994995,0.9709561467170715,284.32874077575764,5.295491695404053,11.512160301208496,8.166597921820435,298.882568359375,1.7800711323609324,1.5588673819151082,0.6912255075784447,1.179644227027893,0.8991241455078125,0.0177129115909338,298.87078857421875,0.8800008296966553,99.99999237060547,0.0,100659.71875,296.01580810546875,0.012786865234375,0.6532993921255251,0.5124201684793831,0.42777199182982717,0.007504678979095089,4.346778229277303,0.020923524521491314
2022-08-21,10.3,40.8,-0.024,5,3,13.403333333333332,74.21666666666667,7.5,10.9,3.4000000000000004,8,21,33.5,0.0,10.463024139404297,43.8526725769043,0.0,0.06599999964237213,0.0,0.0,0.0,0.0,35.42875289916992,23.039987564086914,0.0,0.0,0.2953406870365143,35.148441314697266,27.381338119506836,0.020312895998358727,-0.3601627051830292,-1.2476207844613896e-09,5.243619441986084,-2.743300676345825,5.034718990325928,4.818059921264648,-2.6551177501678467,-2.5396015644073486,296.9496154785156,298.6505126953125,1.1618562936782837,0.0010238193208351731,0.743316650390625,271.4601135253906,3.2646210193634033,246.27894592285156,301.3499450683594,8.761946678161621,2.5710318088531494,100897.875,0.004427741747349501,248.4195098876953,275.2934265136719,169.93899536132812,150.36314392089844,8.555617332458496,7.207168102264404,7.708195209503174,2.3140499591827393,7.036768436431885,2.0569050312042236,7.763833522796631,11.157023429870605,3.1483154296875,6.23833703994751,81.0,-3.1059353351593018,2.7394702434539795,0.9906663298606873,298.3486022949219,5.729349613189697,10.290154457092285,7.497696399688721,300.2001037597656,1.7501416206359863,1.7185505628585815,0.2971547544002533,1.4562116861343384,1.0508880615234375,0.029488882049918175,299.9222106933594,0.8800008296966553,99.99999237060547,0.0,100739.8359375,300.1998291015625,0.014088948257267475,0.7143917679786682,0.854787290096283,0.3253695070743561,0.0027294009923934937,3.3582680225372314,0.017083585262298584
2022-08-22,9.2,40.5,0.075,7,4,15.901666666666667,71.16666666666667,7.5,10.9,3.4000000000000004,8,22,32.2,0.0,46.974308013916016,2454.56103515625,0.0,0.06599999964237213,0.0,0.0,0.0,0.0,34.8030891418457,2.0113232135772705,0.0,0.0,0.2911226153373718,35.8577880859375,27.44593620300293,0.001595138106495142,-0.12409134209156036,-1.8521411071503735e-09,12.530705451965332,-0.9252166748046875,10.581912994384766,10.504325866699219,-0.7410704493522644,-0.7370192408561707,297.1343994140625,300.0220947265625,1.1559206247329712,0.0014092762721702456,0.6558735966682434,271.4600524902344,5.129977703094482,241.102294921875,272.6951599121094,9.310279846191406,5.792690753936768,100692.9609375,0.011986464262008667,259.7159423828125,232.79383850097656,158.72059631347656,168.2911376953125,7.688443660736084,6.55474328994751,8.497003555297852,5.139322757720947,7.904767990112305,4.6462860107421875,11.762518882751465,11.629130363464355,8.583760261535645,5.806471347808838,999.0,-3.654083251953125,4.242817401885986,0.9624872803688049,273.6461181640625,10.598063468933105,8.334243774414062,6.772094249725342,300.2965393066406,2.6929569244384766,1.9683247804641724,1.8165130615234375,1.7094594240188599,0.89764404296875,0.2022857666015625,300.0911865234375,0.8800008296966553,99.99999237060547,0.0,100691.0625,300.2962341308594,0.00311279296875,0.6240102648735046,0.5774809718132019,0.24366378784179688,0.017880002036690712,3.4818058013916016,0.03877071663737297
2022-08-23,8.9,41.2,0.123,7,4,18.305,68.11666666666666,7.5,10.9,3.4000000000000004,8,23,32.5,0.0,47.488006591796875,3412.179443359375,0.0,0.06599999964237213,0.0,0.0,0.0,0.0,34.823707580566406,1.5023475885391235,0.0,0.0,0.22576013207435608,36.589874267578125,27.243484497070312,0.07578811794519424,-0.05994422733783722,-3.550466374235839e-07,13.607230186462402,3.489938735961914,11.50255298614502,11.431782722473145,2.980717897415161,2.962672472000122,296.97052001953125,299.5224304199219,1.1564549207687378,0.0014735854929313064,0.7004191279411316,271.4599609375,5.5825347900390625,233.3845672607422,253.40904235839844,9.583868026733398,6.494203090667725,100583.625,0.013127806596457958,246.7511749267578,215.9596710205078,153.38084411621094,120.8039779663086,7.777196407318115,6.6934638023376465,8.708436012268066,5.739226818084717,8.052559852600098,5.168772220611572,13.324031829833984,11.832743644714355,7.93084716796875,5.952441692352295,999.0,-3.4692585468292236,4.2771220207214355,0.9519447684288025,254.29945373535156,11.612284660339355,9.069575309753418,6.901965618133545,299.8858337402344,2.9437482357025146,1.8707985877990723,2.257232666015625,1.771152138710022,0.6262588500976562,0.18333816528320312,299.7380676269531,0.8800008296966553,99.99999237060547,0.0,100580.15625,299.8858947753906,0.004302978515625,0.5788215398788452,0.5298609733581543,0.26399102807044983,0.01602160930633545,3.5237486362457275,0.03613588586449623
2022-08-24,8.8,40.8,0.123,6,4,20.676666666666666,65.06666666666666,7.5,10.9,3.4000000000000004,8,24,32.2,0.0,32.084991455078125,2830.146240234375,0.0,0.06599999964237213,0.0,0.0,0.0,0.0,34.80447769165039,1.741725206375122,0.0,0.0,0.18985316157341003,36.262001037597656,26.511754989624023,0.076197050511837,0.029956016689538956,9.949276602583268e-08,9.692967414855957,5.1494975090026855,8.252676010131836,8.185038566589355,4.458935260772705,4.419516086578369,297.0408020019531,299.0533752441406,1.1564308404922485,0.0013029613764956594,0.6404037475585938,271.4599914550781,4.7320733070373535,216.91981506347656,240.8258514404297,8.81468391418457,4.8691582679748535,100463.0625,0.010327034629881382,224.04791259765625,218.443115234375,158.47459411621094,98.06302642822266,7.769436359405518,6.639959812164307,8.186976432800293,4.335377216339111,7.727834224700928,3.936558961868286,8.768465995788574,13.478861808776855,8.11334228515625,5.847931385040283,999.0,-3.7198383808135986,4.017529010772705,0.9743735194206238,241.08477783203125,9.18023681640625,9.132176399230957,6.874605178833008,299.3932189941406,2.500277280807495,2.127791404724121,1.2914377450942993,2.07546067237854,0.4086863100528717,0.04595947265625,299.2878112792969,0.8800008296966553,99.99999237060547,0.0,100465.1015625,299.3925476074219,0.00579833984375,0.5213289856910706,0.3763557970523834,0.2937215268611908,0.012650047428905964,4.383971691131592,0.030253656208515167
2022-08-28,10.7,38.7,-0.121,3,3,24.455,58.96666666666667,7.5,10.9,3.4000000000000004,8,28,24.1,0.0,10.463024139404297,2573.53369140625,0.0,0.06599999964237213,0.0,0.0,0.0,0.0,34.8297119140625,2.28208589553833,0.0,0.0,0.07872167974710464,37.11343765258789,30.07305145263672,-0.08354272693395615,0.1363065391778946,1.5396817332202772e-07,-1.0644372701644897,0.8459917902946472,-1.2208391427993774,-1.0633907318115234,0.8634617924690247,0.787445068359375,297.5504455566406,301.720703125,1.1444681882858276,0.0007364144548773766,0.6451161503791809,271.4599914550781,1.3576712608337402,150.30238342285156,66.66862487792969,6.926410675048828,3.184821844100952,100390.5078125,0.0017142092110589147,150.30113220214844,148.5621337890625,150.74545288085938,179.47450256347656,6.913644313812256,5.4675984382629395,5.5013203620910645,2.273665189743042,4.721432209014893,0.4215087890625,5.100101947784424,10.595967292785645,4.774190425872803,4.667171955108643,999.0,-2.277099609375,0.5423787236213684,1.0072120428085327,130.5782470703125,2.56597900390625,10.638564109802246,5.8082451820373535,303.0543518066406,0.7202768921852112,0.719088077545166,0.02306111715734005,0.5648725628852844,0.40713754296302795,0.01501337718218565,302.9103698730469,0.8800008296966553,99.99999237060547,0.0,100381.9375,303.0542907714844,0.0,0.3735891580581665,0.2516058683395386,1.048535704612732,0.0006858904962427914,2.90053653717041,0.006388458888977766
2022-08-29,9.7,34.2,-0.149,2,2,26.408333333333335,55.916666666666664,7.5,10.9,3.4000000000000004,8,29,23.4,0.0,10.775578498840332,58.890628814697266,0.0,0.06599999964237213,0.0,0.0,0.0,0.0,38.31306076049805,26.442821502685547,0.0,0.0,0.1697932928800583,37.29627990722656,31.675827026367188,-0.21245157718658447,-0.29472434520721436,5.163718128642358e-07,0.12199083715677261,0.3799832761287689,0.0016206105938181281,0.0320485420525074,0.5226974487304688,0.48460450768470764,299.50811767578125,304.3833923339844,1.131684422492981,0.0007879561744630337,0.6168467402458191,271.4598083496094,0.37739649415016174,172.8207550048828,122.72856903076172,3.3600902557373047,2.910896062850952,100478.3515625,0.0009207751718349755,178.28436279296875,164.71995544433594,165.5715789794922,147.9368438720703,3.246493339538574,2.4891817569732666,2.5884554386138916,2.169752836227417,2.325079917907715,0.694244384765625,4.248173236846924,4.258524417877197,4.325704097747803,2.226945638656616,39.0,-1.3190714120864868,1.2126394510269165,0.9981200098991394,163.9906463623047,3.1766357421875,2.81176495552063,2.9084300994873047,304.7940368652344,0.2041708379983902,0.18866725265979767,0.04864501953125,0.14780929684638977,0.09988149255514145,0.07516225427389145,304.3854064941406,0.8800008296966553,99.99999237060547,0.0,100251.1015625,304.79425048828125,0.0,0.8036515712738037,0.7814174294471741,0.8703727722167969,0.02074611186981201,3.693364381790161,0.02937084436416626
2022-08-30,9.7,32.8,-0.198,1,2,27.1,51.85,7.5,10.9,3.4000000000000004,8,30,22.7,0.0,10.465693473815918,50.99406051635742,0.0,0.06599999964237213,0.0,0.0,0.0,0.0,38.59347915649414,22.877702713012695,0.0,0.0,0.18552516400814056,37.71726989746094,33.903751373291016,0.056648463010787964,-0.007640092633664608,-2.1161702079552924e-07,-1.1947523355484009,0.49419721961021423,-1.3290729522705078,-1.1506868600845337,0.5686957240104675,0.47019004821777344,298.9068908691406,306.34716796875,1.128119707107544,0.0006997683667577803,0.6844100952148438,271.4599304199219,0.33637139201164246,131.2787628173828,41.019187927246094,2.745814085006714,3.6301801204681396,100598.3984375,0.0007044142694212496,131.0875701904297,139.03294372558594,148.65965270996094,142.79180908203125,2.7325592041015625,2.4536077976226807,2.4723355770111084,2.4938344955444336,2.2792906761169434,0.1518147736787796,3.0790607929229736,4.476155757904053,11.329508781433105,2.2570738792419434,56.0,-1.3441263437271118,0.9267279505729675,1.0023037195205688,132.7760467529297,2.1933391094207764,3.3689143657684326,2.80313777923584,307.6187438964844,0.1905546635389328,0.1891632080078125,0.0074564614333212376,0.1875864714384079,0.0340016670525074,0.0022366840858012438,307.3819274902344,0.8800008296966553,99.99999237060547,0.0,100648.75,307.6189880371094,0.0,0.5575253367424011,0.3234909474849701,1.2866567373275757,0.003990054130554199,3.7458064556121826,0.016506172716617584
2022-09-04,10.6,44.1,0.02,2,2,26.408333333333335,53.88333333333333,20.4,20.4,0.0,9,4,34.4,0.0,10.540193557739258,61.67485046386719,0.0,0.06599999964237213,0.0,0.0,0.0,0.0,38.542396545410156,23.89340591430664,0.0,0.0,0.2194591909646988,38.206642150878906,33.318756103515625,-0.21633923053741455,0.07090833783149719,1.0029004897660343e-06,0.9455172419548035,0.9145050048828125,0.9431877136230469,0.8819510340690613,0.9835694432258606,0.9095211029052734,300.08148193359375,305.1855773925781,1.1186400651931763,0.0007974496111273766,0.7610931396484375,271.4600524902344,0.5082089900970459,154.83106994628906,171.0262451171875,3.084211587905884,2.5131707191467285,100288.0625,0.001347303856164217,157.69888305664062,152.17189025878906,229.69964599609375,159.01150512695312,2.964613199234009,2.662691593170166,2.8148319721221924,2.0184669494628906,2.6259634494781494,1.0932718515396118,3.6491105556488037,2.7683308124542236,8.648945808410645,2.4536612033843994,35.0,-1.1995035409927368,1.0885778665542603,0.9984392523765564,202.7318572998047,3.2908122539520264,3.3522415161132812,2.9633524417877197,306.0426330566406,0.2790032625198364,0.2576451301574707,0.081573486328125,0.2172856330871582,0.0617268867790699,0.00504302978515625,305.7252502441406,0.8800008296966553,99.99999237060547,0.0,100080.3125,306.0427551269531,0.0,0.695228099822998,0.4849337339401245,0.63507080078125,0.008376091718673706,4.553173542022705,0.02395586669445038
2022-09-05,10.4,45.1,0.059,1,2,25.56,56.93333333333333,20.4,20.4,0.0,9,5,37.3,0.0,10.463024139404297,115.93968200683594,0.0,0.06599999964237213,0.0,0.0,0.0,0.0,37.2264404296875,22.132816314697266,0.0,0.0,0.18641918897628784,37.11149215698242,31.773286819458008,-0.15527965128421783,0.10325141996145248,1.799268432023382e-07,-0.19031842052936554,-0.5788809657096863,-0.2692375183105469,-0.23999786376953125,-0.5727005004882812,-0.5188388824462891,298.88555908203125,305.1278381347656,1.1275955438613892,0.000694407382979989,0.5375111699104309,271.4599914550781,0.6660038232803345,135.7437286376953,38.070892333984375,6.755426406860352,3.695279121398926,100224.6953125,0.0008084425353445113,135.65284729003906,138.6178741455078,139.40162658691406,277.6214294433594,6.724888324737549,4.635102272033691,4.671804904937744,2.5312135219573975,3.8086769580841064,0.1298624724149704,5.25020170211792,11.874796867370605,3.2621662616729736,3.772839307785034,187.0,-0.8117472529411316,0.2758674621582031,0.9989475607872009,144.1876983642578,2.1562702655792236,12.238030433654785,5.170052528381348,305.4027404785156,0.35073864459991455,0.3474353849887848,0.02613321878015995,0.27410048246383667,0.1978098601102829,0.0849558487534523,305.0859680175781,0.8800008296966553,99.99999237060547,0.0,99946.4140625,305.4025573730469,0.0,0.4915732443332672,0.1940101832151413,1.3159370422363281,0.00010082622611662373,4.039536476135254,0.002313987584784627
2022-09-06,11.1,45.5,0.007,5,3,23.12,61.0,20.4,20.4,0.0,9,6,39.0,0.0,17.488868713378906,3360.147216796875,0.0,0.06599999964237213,0.0,0.0,0.0,0.0,34.78561019897461,1.7615294456481934,0.0,0.0,0.3779963552951813,36.8440055847168,27.393930435180664,0.8407488465309143,0.654121458530426,1.3377203913478297e-06,1.9271482229232788,8.647912979125977,1.6338844299316406,1.6072368621826172,7.658504009246826,7.540379047393799,297.2563781738281,299.38946533203125,1.1561599969863892,0.0012286825804039836,0.6845372319221497,271.4598083496094,3.21911358833313,194.95164489746094,192.06361389160156,8.25687026977539,4.088019847869873,100508.5,0.00849600974470377,195.1300048828125,197.51690673828125,191.3218231201172,102.70401763916016,6.983788967132568,5.58112096786499,7.1988677978515625,3.64823842048645,6.550565242767334,3.32073974609375,7.731994152069092,15.679728507995605,9.603413581848145,4.810848712921143,999.0,-3.4896240234375,4.067742824554443,0.9616846442222595,190.84027099609375,7.85357666015625,7.983129024505615,5.882009029388428,299.7925720214844,1.683189868927002,1.3819411993026733,0.9327494502067566,1.324753761291504,0.348236083984375,0.22259776294231415,299.7440185546875,0.8800008296966553,99.99999237060547,0.0,100497.1015625,299.79248046875,0.0,0.4764518737792969,0.33792564272880554,0.26312384009361267,0.010948698036372662,2.3768508434295654,0.028709067031741142
2022-09-07,10.9,45.1,0.015,1,3,20.113333333333333,64.05,20.4,20.4,0.0,9,7,39.0,0.0,15.101422309875488,3303.178466796875,0.0,0.06599999964237213,0.0,0.0,0.0,0.0,34.774139404296875,1.4882487058639526,0.0,0.0,0.15693023800849915,36.40993881225586,27.862178802490234,0.20358343422412872,-0.19672535359859467,1.2069943977621733e-07,1.6803722381591797,0.42250823974609375,1.8295358419418335,1.5940698385238647,0.45413780212402344,0.41095033288002014,296.4304504394531,299.8209533691406,1.158969759941101,0.0007049227715469897,0.5722325444221497,271.4601135253906,3.2932121753692627,216.74842834472656,52.16098403930664,9.091795921325684,3.676785707473755,100844.53125,0.002387267304584384,216.75184631347656,218.9752960205078,145.5823211669922,108.12621307373047,9.090046882629395,8.04134464263916,8.048211097717285,2.5184876918792725,7.336592197418213,0.12939453125,8.96048641204834,11.616129875183105,4.626627445220947,7.320590972900391,999.0,-12.234721183776855,-4.505638599395752,1.0778664350509644,256.2361145019531,2.26910400390625,9.798701286315918,8.19924259185791,300.8099670410156,1.7899760007858276,1.7897707223892212,0.0075785317458212376,1.7344574928283691,0.3866221010684967,0.00929133128374815,300.66339111328125,0.8800008296966553,99.99999237060547,0.0,100846.375,300.8096618652344,0.0,0.4495583474636078,0.3672908544540405,1.314512848854065,0.005433917045593262,4.208958148956299,0.01875240169465542
2022-09-08,10.8,45.1,0.03,4,3,17.155,68.11666666666666,20.4,20.4,0.0,9,8,39.0,0.0,13.112573623657227,3600.89453125,0.0,0.06599999964237213,0.0,0.0,0.0,0.0,34.80552291870117,1.3758375644683838,0.0,0.0,0.2160501629114151,36.35757827758789,27.72859001159668,0.06431042402982712,-0.15203967690467834,2.7781132416748733e-07,4.389726638793945,-5.721012592315674,4.075054168701172,3.9648826122283936,-5.239987850189209,-5.10657262802124,296.88677978515625,300.0249938964844,1.1570345163345337,0.0011442281538620591,0.7091090083122253,271.45989990234375,3.750087022781372,226.86891174316406,317.67388916015625,9.87463665008545,3.1984732151031494,100780.1796875,0.006625145673751831,231.9971466064453,238.3099365234375,194.7144317626953,122.36190795898438,9.341026306152344,7.399012088775635,8.521683692932129,2.893477439880371,7.6448235511779785,2.6635029315948486,8.665852546691895,14.330708503723145,9.43316650390625,6.124814510345459,999.0,-3.1436767578125,3.7059707641601562,0.9555314183235168,319.3800964355469,6.840169429779053,10.536818504333496,7.807623386383057,300.6995544433594,1.9889187812805176,1.8992867469787598,0.57977294921875,1.6784820556640625,0.9103469848632812,0.3081601560115814,300.6074523925781,0.8800008296966553,99.99999237060547,0.0,100790.3203125,300.6997375488281,0.4367167055606842,0.4916113317012787,0.4400176703929901,0.33235296607017517,0.004499951843172312,3.113668441772461,0.017988430336117744
2022-09-09,10.8,44.6,0.016,7,4,14.315,71.16666666666667,20.4,20.4,0.0,9,9,37.4,0.0,37.3128776550293,2102.2265625,0.0,0.06599999964237213,0.0,0.0,0.0,0.0,34.78651428222656,2.241530418395996,0.0,0.0,0.2756555676460266,35.78595733642578,27.620426177978516,0.06185373663902283,-0.2088080495595932,2.8626493531191954e-07,9.608525276184082,-2.4068081378936768,8.632132530212402,8.44735050201416,-2.1385669708251953,-2.0934696197509766,297.2164001464844,299.455810546875,1.1589423418045044,0.0012970003299415112,0.8625590205192566,271.4599914550781,4.338493824005127,240.98143005371094,283.5621032714844,9.260237693786621,4.577812194824219,100672.5234375,0.009882837533950806,253.2705535888672,249.12213134765625,192.16058349609375,246.906494140625,8.120741844177246,6.5771002769470215,8.184521675109863,4.066049575805664,7.539361476898193,3.6882731914520264,8.473411560058594,13.322407722473145,7.894775390625,5.67645788192749,999.0,-3.5108439922332764,4.046464920043945,0.9612588286399841,283.63720703125,8.880106925964355,11.749281883239746,6.857813358306885,300.6141052246094,2.299604654312134,1.9954906702041626,1.1321614980697632,1.6382431983947754,1.0014318227767944,0.5042673945426941,300.4115295410156,0.8800010085105896,99.99999237060547,0.0,100671.9765625,300.61431884765625,0.1605733186006546,0.5929471850395203,0.438424676656723,0.3044064939022064,0.005437731742858887,1.9817909002304077,0.021768620237708092
2022-09-10,11.5,44.6,-0.046,4,3,11.16,74.21666666666667,20.4,20.4,0.0,9,10,39.0,0.0,14.517511367797852,2038.9161376953125,0.0,0.06599999964237213,0.0,0.0,0.0,0.0,34.858943939208984,2.8143723011016846,0.0,0.0,0.2289012372493744,34.98299789428711,27.174915313720703,-0.08949611335992813,-0.25275492668151855,-8.081223086264799e-07,8.388114929199219,0.9146639704704285,7.331165313720703,7.220795154571533,0.8305708765983582,0.8188546299934387,297.05126953125,299.27947998046875,1.158831000328064,0.001225836225785315,0.6363499760627747,271.4599304199219,3.4511899948120117,252.0521697998047,264.0078430175781,7.9903130531311035,3.758419990539551,100862.7421875,0.007859136909246445,255.00132751464844,278.8756103515625,172.640625,49.1103401184082,7.2451863288879395,5.978593349456787,7.161403656005859,3.36106276512146,6.660465717315674,3.0674285888671875,7.161051273345947,10.910197257995605,3.8044230937957764,5.187646865844727,999.0,-3.6919147968292236,3.929335355758667,0.9761916995048523,264.1376647949219,7.94708251953125,7.7062530517578125,6.259911060333252,299.7351989746094,1.8168569803237915,1.6465660333633423,0.7622883915901184,1.4643763303756714,0.8603617548942566,0.0444285087287426,299.6086120605469,0.8800005316734314,99.99999237060547,0.0,100905.7890625,299.7355651855469,0.013315836898982525,0.6802863478660583,0.6514153480529785,0.30432891845703125,0.008955508470535278,2.5743355751037598,0.03016798198223114
2022-09-11,10.7,44.4,0.023,3,3,7.86,77.26666666666667,20.4,20.4,0.0,9,11,39.0,0.0,10.44524097442627,51.12242126464844,0.0,0.06599999964237213,0.0,0.0,0.0,0.0,35.025962829589844,22.843652725219727,0.0,0.0,0.2648620903491974,34.96492385864258,25.780181884765625,0.35839399695396423,-0.4190737009048462,2.404894075880293e-06,9.708268165588379,-1.1850694417953491,7.594034194946289,7.610446929931641,-0.8693663477897644,-0.8705101013183594,297.0577392578125,298.8420104980469,1.162462592124939,0.0011992956278845668,0.16171009838581085,271.4600830078125,3.0493052005767822,208.8021697998047,272.1199035644531,8.321946144104004,3.761665105819702,100915.7578125,0.007840207777917385,230.79356384277344,233.1072540283203,206.99322509765625,150.6893768310547,7.198360443115234,5.70844841003418,7.315941333770752,3.350717544555664,6.6311869621276855,3.0510456562042236,7.796467304229736,8.788798332214355,3.3643391132354736,4.848391056060791,63.0,-3.2480976581573486,3.9464359283447266,0.9520397186279297,272.3958740234375,7.335652828216553,9.984816551208496,6.052950382232666,298.7091369628906,1.6119264364242554,1.3948092460632324,0.785064697265625,1.023207664489746,0.9671732783317566,0.061171215027570724,298.6496276855469,0.8800008893013,99.99999237060547,0.0,100799.5390625,298.7093811035156,0.0006205241079442203,0.7158482670783997,0.5575337409973145,0.31799188256263733,0.0024012327194213867,2.762207269668579,0.016489755362272263
2022-09-12,11.0,44.5,-0.008,4,3,5.333333333333333,81.33333333333333,20.4,20.4,0.0,9,12,38.8,0.0,15.200833320617676,4156.955078125,0.0,0.06599999964237213,0.0,0.0,0.0,0.0,34.753135681152344,1.242068886756897,0.0,0.0,0.3082781732082367,34.63867950439453,27.687284469604492,0.14539311826229095,0.152504563331604,-1.8942539554700488e-06,7.630783557891846,2.4845008850097656,6.914749622344971,6.784179210662842,2.289804458618164,2.242602586746216,297.0953369140625,300.1190490722656,1.157396912574768,0.0011730339610949159,0.6501388549804688,271.46002197265625,3.0767691135406494,194.46360778808594,252.0284423828125,8.74882984161377,3.478304147720337,100943.1015625,0.007096115965396166,206.95277404785156,165.5578155517578,273.6728210449219,209.6824188232422,7.859821319580078,6.076404094696045,7.4826531410217285,3.115025281906128,6.7151198387146,2.848383665084839,9.47404670715332,5.854085445404053,16.55096435546875,5.083080768585205,999.0,-3.0546467304229736,3.849627733230591,0.9483365416526794,251.0048370361328,7.094624996185303,9.98276138305664,6.457650661468506,300.6119079589844,1.6218751668930054,1.4744800329208374,0.6628977656364441,1.1539300680160522,0.8094965815544128,0.4012184143066406,300.45361328125,0.8800010681152344,99.99999237060547,0.0,100985.0390625,300.6113586425781,0.0,0.6668515801429749,0.41248491406440735,0.32042694091796875,0.004194140434265137,3.380863904953003,0.016154462471604347
2022-09-13,11.9,45.0,-0.071,4,3,5.613333333333333,85.4,20.4,20.4,0.0,9,13,37.3,0.0,32.16402816772461,4017.185546875,0.0,0.06599999964237213,0.0,0.0,0.0,0.0,34.80010223388672,1.3885886669158936,0.0,0.0,0.5393518805503845,34.60166549682617,28.006681442260742,-0.15122470259666443,-0.11229437589645386,2.5576648567948723e-06,4.0782470703125,5.817592144012451,3.7759132385253906,3.669322967529297,5.4194207191467285,5.264458179473877,296.5406494140625,300.5992126464844,1.1585561037063599,0.0011208035284653306,0.7215652465820312,271.4599914550781,3.0927608013153076,203.83213806152344,214.1123504638672,9.271461486816406,3.234219551086426,101105.125,0.006757523398846388,205.41090393066406,174.94061279296875,227.166015625,230.2263946533203,8.507107734680176,6.330930233001709,7.564826965332031,2.908522605895996,6.693798542022705,2.6683757305145264,9.155550003051758,9.147297859191895,10.196635246276855,5.23868989944458,999.0,-3.05718994140625,3.6088359355926514,0.9602310061454773,214.59181213378906,6.574178218841553,14.719882011413574,6.734691619873047,301.2776794433594,1.6357418298721313,1.5249534845352173,0.5741170048713684,0.9422416687011719,0.8775838017463684,0.812445342540741,301.0660400390625,0.8800008296966553,99.99999237060547,0.0,101110.9453125,301.27752685546875,0.0019632976036518812,0.575760543346405,0.20342768728733063,0.31809744238853455,0.0012625455856323242,3.1084823608398438,0.008010104298591614
2022-09-14,11.1,44.5,-0.015,3,3,5.958333333333333,89.46666666666667,20.4,20.4,0.0,9,14,38.5,0.0,23.572032928466797,3068.980712890625,0.0,0.06599999964237213,0.0,0.0,0.0,0.0,34.76210021972656,1.81576669216156,0.0,0.0,0.5186311602592468,33.899200439453125,28.384197235107422,0.0434347428381443,-0.07543601095676422,-3.405353709240444e-06,3.684083938598633,2.9820754528045654,3.6349029541015625,3.410536527633667,2.964381456375122,2.7851722240448,296.8728942871094,299.9249267578125,1.1615182161331177,0.0009365722653456032,0.7460505366325378,271.4599914550781,2.8059194087982178,207.65948486328125,229.5750732421875,9.682169914245605,2.195930242538452,101250.6015625,0.003760775551199913,208.07244873046875,198.712646484375,251.23915100097656,113.24681854248047,9.51557445526123,7.334475994110107,7.775912761688232,2.022169828414917,6.746770858764648,1.8866170644760132,11.903788566589355,5.177734375,5.9512939453125,6.053279399871826,999.0,-2.5465190410614014,2.211418867111206,0.9964978098869324,229.80821228027344,4.748087406158447,13.889823913574219,7.749024868011475,301.7376403808594,1.4928159713745117,1.4759063720703125,0.2147725373506546,1.1994374990463257,0.7579752802848816,0.21982574462890625,301.4695129394531,0.8800008296966553,99.99999237060547,0.0,101244.8046875,301.7375793457031,0.0072123208083212376,0.5251323580741882,0.22286470234394073,0.2994626462459564,0.0017629066715016961,6.802015781402588,0.007805893663316965
2022-09-15,10.8,44.9,0.024,4,3,6.308333333333334,94.55,20.4,20.4,0.0,9,15,37.4,0.0,14.631890296936035,1706.4522705078125,0.0,0.06599999964237213,0.0,0.0,0.0,0.0,34.94416427612305,4.768038749694824,0.0,0.0,0.6422832608222961,33.14393997192383,28.923572540283203,-0.08475470542907715,0.05589886009693146,8.010787411194542e-08,3.8807036876678467,0.0470530204474926,3.986243486404419,3.640401840209961,0.06255213171243668,0.05032603070139885,296.814453125,300.2309875488281,1.1617225408554077,0.0008788309060037136,0.8208058476448059,271.4600524902344,2.887688398361206,210.34510803222656,270.3701171875,11.256918907165527,2.0761587619781494,101167.3984375,0.0029066705610603094,210.8916778564453,202.2605438232422,267.8816223144531,103.34176635742188,11.126811981201172,8.728554725646973,9.160653114318848,1.8965950012207031,7.747340679168701,1.7135366201400757,12.429678916931152,5.17034912109375,2.9450886249542236,7.011002063751221,999.0,-2.0319111347198486,1.6661268472671509,0.9952782988548279,268.0436096191406,4.111979007720947,13.434258460998535,9.26256275177002,302.4189453125,1.5460633039474487,1.5349761247634888,0.1685740202665329,1.4231926202774048,0.6020482182502747,0.031258899718523026,302.2026672363281,0.8800008296966553,99.99999237060547,0.0,101156.7265625,302.41839599609375,0.008433024398982525,0.40997079014778137,0.2772649824619293,0.3013572692871094,0.0016974210739135742,5.513676166534424,0.008596334606409073
2022-09-16,10.3,44.3,0.053,3,3,6.053333333333334,98.61666666666666,20.4,20.4,0.0,9,16,42.5,0.0,13.484336853027344,97.80388641357422,0.0,0.06599999964237213,0.0,0.0,0.0,0.0,33.72610855102539,26.263031005859375,0.0,0.0,0.6543459892272949,32.56413269042969,29.9548397064209,0.6025530099868774,-0.10083486139774323,7.728133937234816e-07,4.498648166656494,-1.1812387704849243,4.503107070922852,4.195600509643555,-1.180532455444336,-1.098554015159607,297.0558776855469,300.8852844238281,1.1536091566085815,0.0009484758484177291,0.7972259521484375,271.46002197265625,1.1094956398010254,290.347412109375,285.789306640625,4.629049301147461,2.283841133117676,100963.1328125,0.002854917198419571,289.45263671875,288.5838317871094,147.73289489746094,232.71971130371094,4.260122299194336,3.6466495990753174,4.188174247741699,2.090010404586792,3.906161069869995,1.9180908203125,4.7839274406433105,3.6332194805145264,13.04144287109375,3.2600014209747314,104.0,-2.337646484375,2.4626553058624268,0.9882197380065918,285.2270202636719,4.894775390625,4.9579644203186035,3.9481360912323,303.0419921875,0.5886836647987366,0.536658525466919,0.2269083708524704,0.5522377490997314,0.0453338623046875,0.0287195835262537,302.7221984863281,0.8800008296966553,99.99999237060547,0.0,100968.71875,303.042236328125,0.0337422676384449,0.4952702820301056,0.3635280430316925,0.30532708764076233,0.006914655212312937,2.796255350112915,0.024391183629631996
2022-09-17,11.0,44.8,0.001,3,2,3.3783333333333334,101.66666666666667,20.4,20.4,0.0,9,17,37.9,0.0,16.624705879236686,60.9276886118483,0.0,0.06599999951437567,0.0,0.0,0.0,0.0,34.69285624728201,27.57384687260335,0.0,0.0,0.4772521275363408,33.87708201937385,28.760175548262122,0.03948084639970195,-0.022799674180246577,1.473978715434894e-07,0.5976473689079285,0.5229237675666809,0.20891571044921875,0.17593447864055634,0.1693388670682907,0.14923350512981415,294.9177551269531,297.1452331542969,1.1664285605815965,0.0011083350272289602,0.7084609761811158,271.4599914550781,2.7937069322775603,280.80373595679254,271.27389077408463,7.050537927993338,3.247001742610708,101129.5390625,0.00658030351192131,278.95396210936246,279.32777357703947,111.57587763574767,,6.649731630900128,5.464179571878753,5.991321139124203,3.0300622861721047,5.982941216578791,2.56517533116265,5.913048998296148,7.908572569394092,9.352261919517868,5.053912647989866,84.08634823770396,-2.8649886809447938,2.887464507510045,0.9801770165241644,270.66449200708144,5.722638912558741,6.059469907769266,5.8023557632686575,301.6883383420255,1.7862275479415395,1.5704375174989422,0.6947452955133505,1.3341607940870523,0.6475343872034515,0.20741813977135834,296.4679870605469,0.8800008296966553,99.99999237060547,0.0,96477.84375,273.139892578125,0.0706685408949852,0.654825137583915,0.515678186451807,0.42424476189973487,0.007313200835479056,3.9086109479965225,0.020732746645425654
2022-09-18,10.8,45.8,0.046,4,3,1.07,104.71666666666667,20.4,20.4,0.0,9,18,41.0,0.0,18.59198570251465,24.049495697021484,0.0,0.06599999964237213,0.0,0.0,0.0,0.0,33.159542083740234,29.164716720581055,0.0,0.0,0.6988931894302368,33.1271858215332,29.133657455444336,-0.0005743716028518975,0.04492175951600075,3.0448568395513576e-06,3.8703739643096924,3.3713862895965576,3.316800355911255,3.1701889038085938,2.8429324626922607,2.7232868671417236,297.1428527832031,300.1615905761719,1.166378855861241,0.0011083780993840853,0.7083104880669102,271.46002197265625,2.713211992987602,271.5311899168664,256.76324366577546,6.255707834220248,3.270750973410567,101123.6015625,0.006581939023625756,268.494015798815,270.26027491669674,75.25058756572679,,5.77180927307084,4.910973700920264,5.5736740929580435,3.035265673189559,5.872205267578996,2.5847017489541715,6.144048938542861,10.131192480011595,6.136724785688973,4.928281035824474,63.77073582055939,-2.8871956007458786,2.91486463348586,0.9801508614000869,256.14308478473777,5.804921103741561,5.764740739219404,5.1872851985124635,301.77630161696663,1.7864474199265612,1.570850736626936,0.6948710022253114,1.3343466055863433,0.6480446377774625,0.2073001376763779,300.4326477050781,0.8800008296966553,99.99999237060547,0.0,101069.2890625,287.69964599609375,0.2287394255399704,0.6548796284931432,0.5157945442365364,0.4241187894022315,0.007306362330349912,3.9023357278695245,0.02072593314985188
2022-09-19,10.8,41.8,-0.049,4,3,4.331666666666667,107.76666666666667,20.4,20.4,0.0,9,19,38.00000000000001,0.0,30.10215950012207,52.11638259887695,0.0,0.06599999964237213,0.0,0.0,0.0,0.0,33.33790588378906,28.721630096435547,0.0,0.0,0.7545180320739746,32.815765380859375,29.51997184753418,0.07030083239078522,-0.053814847022295,-6.999395907314465e-08,4.517564296722412,2.5666420459747314,4.32954740524292,4.120342254638672,2.5219948291778564,2.3786964416503906,296.9656982421875,300.1685791015625,1.1552692651748657,0.0010216758819296956,0.7224299311637878,271.4600830078125,1.3550387620925903,262.10205078125,242.2372283935547,4.695922374725342,2.589968204498291,101063.6015625,0.0038958012592047453,258.0191345214844,261.19024658203125,38.90357971191406,120.1184310913086,4.264402866363525,3.727363348007202,4.3465447425842285,2.36026930809021,4.112716197967529,2.1860809326171875,5.173730373382568,11.642822265625,3.3375041484832764,3.366001844406128,43.0,-2.77154541015625,2.857015609741211,0.9872400760650635,241.526123046875,5.692098140716553,5.1554741859436035,3.9939374923706055,302.0614318847656,0.7180631756782532,0.6250582337379456,0.3346405029296875,0.6759597659111023,0.0797119140625,0.0332489013671875,301.8246765136719,0.8800008296966553,99.99999237060547,0.0,101054.8046875,302.0612487792969,0.1779276579618454,0.6313803791999817,0.5551117062568665,0.2857475280761719,0.008422096259891987,4.1982502937316895,0.028426505625247955
2022-09-20,11.0,45.1,0.011,4,3,7.343333333333334,110.81666666666666,20.4,20.4,0.0,9,20,39.0,0.0,27.161911010742188,1942.6776123046875,0.0,0.06599999964237213,0.0,0.0,0.0,0.0,34.60162353515625,2.530412435531616,0.0,0.0,0.7625042200088501,32.79414749145508,29.369647979736328,-0.013656842522323132,0.03590486943721771,-7.801289143571921e-07,8.22655963897705,3.9097378253936768,7.534088611602783,7.340677261352539,3.599574327468872,3.506420135498047,297.1422119140625,300.4486999511719,1.1533037424087524,0.0012999452883377671,0.9001477360725403,271.46002197265625,2.8357760906219482,278.1062927246094,245.2321014404297,6.250331878662109,4.232912540435791,100935.6484375,0.008626187220215797,259.5525817871094,240.20018005371094,38.34440612792969,128.3834686279297,5.370906829833984,4.726693630218506,5.763060092926025,3.7788078784942627,5.41406774520874,3.4363555908203125,15.702510833740234,11.855998039245605,4.77349853515625,4.259883403778076,999.0,-3.7347819805145264,4.089902877807617,0.9726858139038086,243.8332977294922,8.815470695495605,6.291072845458984,4.946381568908691,302.425048828125,1.477155089378357,1.0154565572738647,1.011993408203125,1.0376529693603516,0.15310414135456085,0.037815093994140625,302.1343688964844,0.8800008296966553,99.99999237060547,0.0,100921.6640625,302.4250183105469,0.02388509176671505,0.5572142004966736,0.43751561641693115,0.30210623145103455,0.021953463554382324,4.6922688484191895,0.039552103728055954
2022-09-21,11.2,45.2,-0.007,4,3,10.925,112.85,20.4,20.4,0.0,9,21,39.0,0.0,26.780664443969727,4276.28662109375,0.0,0.06599999964237213,0.0,0.0,0.0,0.0,34.638916015625,1.785424828529358,0.0,0.0,0.8330664038658142,32.19874954223633,29.643308639526367,0.02960476651787758,-0.26177236437797546,1.3679970152224996e-06,4.65376615524292,6.258378982543945,4.3466057777404785,4.192232608795166,5.833498477935791,5.6458740234375,297.5134582519531,300.6365661621094,1.1536531448364258,0.0011968784965574741,0.8797404170036316,271.4599914550781,2.7445764541625977,238.4525604248047,215.63853454589844,6.746485233306885,3.6689577102661133,100841.8046875,0.0072274948470294476,229.9847412109375,232.55152893066406,37.65736389160156,258.3516540527344,5.935277938842773,5.066120624542236,6.1757493019104,3.28208327293396,5.794824123382568,2.9969279766082764,10.140852928161621,11.088480949401855,3.4065754413604736,4.489881992340088,999.0,-3.4129741191864014,3.7317306995391846,0.97129887342453,215.1128387451172,7.59521484375,6.857173919677734,5.317808151245117,302.4578552246094,1.4381715059280396,1.2147732973098755,0.7264785766601562,1.1657510995864868,0.31879934668540955,0.03933970257639885,302.3167419433594,0.8800008296966553,99.99999237060547,0.0,100837.0859375,302.4581298828125,0.2193603515625,0.5657472610473633,0.39019033312797546,0.32568359375,0.014193733222782612,4.764031410217285,0.03041398525238037
2022-09-22,11.7,45.2,-0.049,3,3,14.898333333333333,116.91666666666667,20.4,20.4,0.0,9,22,39.0,0.0,15.6985502243042,4371.99072265625,0.0,0.06599999219179153,0.0,0.0,0.0,0.0,34.639686584472656,1.779375433921814,0.0,0.0,0.7708658576011658,33.13384246826172,30.031757354736328,-0.08926116675138474,-0.22886183857917786,3.134712756036606e-07,3.361581802368164,0.1614208221435547,3.496734619140625,3.196992874145508,0.20433299243450165,0.17683792114257812,297.2621765136719,300.4399108886719,1.1546481847763062,0.0008354336023330688,0.7860895991325378,271.4599914550781,2.2348806858062744,299.088623046875,242.34205627441406,6.993640422821045,2.060340642929077,100898.5546875,0.0025412144605070353,298.2814025878906,172.0033416748047,70.80313873291016,123.66155242919922,6.945951461791992,6.184727191925049,6.325047016143799,1.8233070373535156,5.849666595458984,1.4749959707260132,6.623626708984375,7.475809574127197,3.9649455547332764,5.585496425628662,999.0,-2.762542724609375,0.7633578181266785,1.0213040113449097,268.3559875488281,3.7109375,7.6507720947265625,6.372872829437256,303.0603942871094,1.1946841478347778,1.1888521909713745,0.102783203125,0.8537142276763916,0.8307215571403503,0.04018910601735115,302.7693786621094,0.8800008296966553,99.99999237060547,0.0,100887.15625,303.06011962890625,0.0533243827521801,1.048182487487793,1.2043591737747192,0.3575350344181061,0.008873502723872662,4.361789226531982,0.020542075857520103
2022-09-23,11.0,45.1,0.01,4,3,18.04,118.95,20.4,20.4,0.0,9,23,39.0,0.0,23.66983413696289,4183.6328125,0.0,0.06599999219179153,0.0,0.0,0.0,0.0,34.65573501586914,1.8026165962219238,0.0,0.0,0.8073641061782837,33.24496078491211,30.09191131591797,0.0792185366153717,0.09911131113767624,-2.4800257847346074e-07,-5.796050548553467,-5.7417378425598145,-5.422819137573242,-5.235635757446289,-5.396732330322266,-5.223806858062744,296.59088134765625,301.58984375,1.1512471437454224,0.001223324448801577,0.9188817143440247,271.4601135253906,2.4337594509124756,86.8111801147461,45.66292953491211,6.721195220947266,3.838894844055176,100828.5,0.007024663034826517,34.74929428100586,58.07566833496094,218.87062072753906,203.02293395996094,5.606286525726318,4.745108127593994,6.084789276123047,3.4408814907073975,5.631174087524414,3.1399738788604736,8.16244888305664,6.119913578033447,8.85205078125,4.186553478240967,999.0,-3.0155436992645264,3.9497005939483643,0.9450120329856873,45.9715690612793,7.81658935546875,6.322831630706787,5.019117832183838,303.0599670410156,1.2699766159057617,0.8366596102714539,0.87176513671875,0.6879575848579407,0.4809722900390625,0.01102447509765625,302.8392333984375,0.8800008296966553,99.99999237060547,0.0,100811.8984375,303.0605163574219,0.0018310546875,0.9316995143890381,1.2819201946258545,0.3015645444393158,0.01551806926727295,3.8572094440460205,0.03300077095627785
2022-09-24,10.3,45.3,0.074,6,4,21.026666666666667,122.0,20.4,20.4,0.0,9,24,37.4,0.0,44.7370491027832,1301.99658203125,0.0,0.06599999964237213,0.0,0.0,0.0,0.0,34.524837493896484,2.743237257003784,0.0,0.0,1.009876012802124,34.002296447753906,29.656381607055664,-0.4092130661010742,0.7125967741012573,4.630836883734446e-06,-7.234085559844971,-7.945688724517822,-6.437775135040283,-6.31965970993042,-7.111219882965088,-6.983938694000244,297.3016662597656,300.9495544433594,1.15235435962677,0.0013553417520597577,0.8775367736816406,271.4599914550781,3.899163007736206,20.07512092590332,38.840641021728516,7.806922435760498,4.9935173988342285,100795.75,0.01069545466452837,28.805465698242188,93.0311508178711,227.7096405029297,202.49549865722656,6.534704685211182,5.613557815551758,7.171082973480225,4.430210590362549,6.697190761566162,4.011566162109375,15.859543800354004,7.3961181640625,4.2830810546875,4.991360187530518,952.0,-3.663360595703125,4.214003086090088,0.9634063839912415,41.84268569946289,9.452595710754395,7.766027927398682,5.836370944976807,302.1980895996094,2.0423383712768555,1.4801697731018066,1.381591796875,1.4991058111190796,0.15246836841106415,0.033840179443359375,301.93963623046875,0.8800008296966553,99.99999237060547,0.0,100808.5546875,302.19842529296875,0.02024332620203495,0.5831802487373352,0.5270001292228699,0.3071695864200592,0.016396721825003624,3.7266132831573486,0.034990642219781876
2022-09-25,9.9,44.0,0.088,3,3,24.03,125.05,20.4,20.4,0.0,9,25,39.0,0.0,16.76498031616211,2246.72119140625,0.0,0.06599999964237213,0.0,0.0,0.0,0.0,34.639190673828125,1.6696566343307495,0.0,0.0,1.0302777290344238,34.19548416137695,28.3903751373291,-0.022079957649111748,0.14139394462108612,2.3382647214020835e-06,-6.775022506713867,-0.8656418919563293,-6.199052810668945,-6.0454487800598145,-0.8224290013313293,-0.7994003295898438,298.0123596191406,300.7153625488281,1.155523419380188,0.0010750811779871583,0.6035614013671875,271.4599914550781,2.9946248531341553,61.937191009521484,80.77513885498047,7.4960618019104,3.059048652648926,101024.7421875,0.0058493600226938725,64.72797393798828,80.29573822021484,17.5335750579834,226.1342315673828,7.048887729644775,5.956681728363037,6.753973484039307,2.7611124515533447,6.309574127197266,2.5401611328125,7.654850006103516,7.229471683502197,8.335103034973145,5.227593898773193,990.0,-3.3747966289520264,3.036642074584961,0.9914258122444153,81.03677368164062,6.280965328216553,8.130528450012207,6.217779636383057,301.4842834472656,1.5877598524093628,1.4991168975830078,0.4868723452091217,1.161784291267395,0.9572092890739441,0.1166737899184227,301.3559265136719,0.8800008296966553,99.99999237060547,0.0,101014.7421875,301.48431396484375,0.0071614584885537624,0.7944234013557434,0.8338980674743652,0.31815338134765625,0.006817380432039499,3.3411834239959717,0.02387266606092453
2022-09-26,10.2,44.1,0.061,4,3,27.678333333333335,127.08333333333333,20.4,20.4,0.0,9,26,39.0,0.0,13.838359832763672,1374.1378173828125,0.0,0.06599999964237213,0.0,0.0,0.0,0.0,34.508888244628906,4.251763820648193,0.0,0.0,1.025679111480713,34.430912017822266,28.335540771484375,0.056627195328474045,0.4239553213119507,-2.0526377397800388e-07,-5.199501037597656,-0.6064803004264832,-4.935383319854736,-4.735345363616943,-0.5521208643913269,-0.5513808131217957,297.36431884765625,300.544921875,1.1595324277877808,0.0009589093388058245,0.6693623661994934,271.4599609375,1.7854385375976562,60.20230484008789,78.66975402832031,6.226045608520508,2.6036550998687744,101223.2265625,0.004060113336890936,62.93995666503906,145.4457244873047,136.1917266845703,112.80387115478516,5.8206305503845215,4.724682331085205,5.3414225578308105,2.3018786907196045,4.877648830413818,1.9340667724609375,6.300293445587158,7.18145751953125,5.41680908203125,4.126600742340088,999.0,-3.368804931640625,2.453994035720825,1.0020484924316406,85.35855102539062,4.96343994140625,6.522009372711182,5.0205206871032715,301.3790283203125,0.9383382797241211,0.8803905844688416,0.2830301821231842,0.6257407069206238,0.5510940551757812,0.32794952392578125,301.1843566894531,0.8800008296966553,99.99999237060547,0.0,101223.9140625,301.3788757324219,0.008392333984375,0.798754870891571,0.8656084537506104,0.3931668698787689,0.006870150566101074,2.5076186656951904,0.02258189767599106
2022-09-27,10.6,44.6,0.038,4,3,31.473333333333333,129.11666666666667,20.4,20.4,0.0,9,27,39.0,0.0,11.111011505126953,703.9312133789062,0.0,0.06599999964237213,0.0,0.0,0.0,0.0,34.29963684082031,6.187466621398926,0.0,0.0,0.5682706832885742,33.32796096801758,26.450572967529297,-0.08859120309352875,-0.030344977974891663,-2.9772999710075965e-07,-0.9333565831184387,-5.364147186279297,-0.9151700139045715,-0.8630104064941406,-5.355794906616211,-5.0420050621032715,294.3429260253906,297.7344055175781,1.1730546951293945,0.0009829861810430884,0.8621775507926941,271.4599609375,1.2731715440750122,75.30167388916016,25.14491844177246,5.076505661010742,2.608975410461426,101227.125,0.003573296358808875,11.583802223205566,324.8960266113281,130.0111541748047,119.70909881591797,4.4956440925598145,3.7197158336639404,4.452808380126953,2.367873191833496,4.140218734741211,2.1630859375,4.726215362548828,6.1717529296875,8.823710441589355,3.310903549194336,687.0,-2.372772216796875,2.7091522216796875,0.9783727526664734,25.764772415161133,5.282083988189697,5.6417412757873535,4.021148681640625,299.6413879394531,0.6708049178123474,0.5596922039985657,0.3332163393497467,0.5056905150413513,0.2451833039522171,0.19757206737995148,299.47442626953125,0.8800008296966553,99.99999237060547,0.0,101244.3203125,299.6416931152344,0.014851887710392475,0.7517862319946289,0.7123749256134033,0.3008842468261719,0.009546796791255474,3.1786537170410156,0.028169848024845123
2022-10-12,13.4,50.5,-0.08,6,3,32.99166666666667,130.13333333333333,7.5,10.9,3.4000000000000004,10,12,20.999999999999996,0.0,9.152430534362793,9.752840995788574,0.0,0.06599999964237213,0.0,0.0,0.0,0.0,28.236392974853516,22.091754913330078,0.0,0.0,0.6007486581802368,28.26144027709961,22.06804084777832,-0.010874191299080849,0.010048088617622852,-2.6177144718531054e-07,-3.2839481830596924,-4.375558376312256,-2.3244121074676514,-2.09002423286438,-3.400561571121216,-3.045081377029419,286.2865295410156,291.4900207519531,1.1651859425727071,0.0011094118311070914,0.7046987733259792,271.4600830078125,3.5179112100536143,61.531472958319085,45.83268745549463,8.052202721820974,3.84073251260718,102232.2109375,0.006621191304532483,48.20348897675584,103.97231719413094,318.4717861037589,,7.45995492150044,6.123389790316395,7.054773904885771,3.16014696160846,6.4212562098357875,3.021816617289405,18.727534337410727,18.01028870187369,6.036853408725332,5.314588121333031,788.3447975177087,-3.4201616759719053,3.60440682327241,0.9795231384222245,43.71731785907474,11.245139148109615,8.882356419139724,6.408224500334009,295.5691833496094,1.7917243475670817,1.5807679956987934,0.6978879633123735,1.3388060815693292,0.6602906515537297,0.2044680873968476,295.3297424316406,0.8800008296966553,99.99999237060547,0.0,100947.78125,294.5867919921875,0.0010172525653615594,0.6561874103146202,0.5185871310700425,0.4210954494621524,0.007142238207250454,3.7961362012167768,0.02056240925608131
2022-10-13,14.0,51.1,-0.109,6,3,27.995,127.08333333333333,7.5,10.9,3.4000000000000004,10,13,49.5,0.0,51.423057556152344,1096.56103515625,0.0,0.06599999219179153,0.0,0.0,0.0,0.0,34.5550651550293,5.019658088684082,0.0,0.0,0.9452171921730042,34.36803436279297,27.25439453125,0.09312818199396133,0.445838987827301,-1.003487454909191e-06,-9.626995086669922,-9.09536075592041,-8.476019859313965,-8.318114280700684,-8.10457706451416,-7.9542622566223145,295.64178466796875,298.56927490234375,1.1708866357803345,0.0015305423876270652,1.1364110708236694,271.4600830078125,4.885813236236572,63.15536117553711,47.28872299194336,7.808291912078857,6.110785007476807,101329.6328125,0.013513032346963882,50.65804672241211,89.13595581054688,331.1170349121094,226.13568115234375,6.599480152130127,5.851368427276611,7.1579270362854,5.446664810180664,6.662333011627197,4.922983646392822,20.52351951599121,19.00921630859375,5.510152339935303,5.279957294464111,795.0,-3.69451904296875,4.475264072418213,0.9543459415435791,45.41154098510742,11.69769287109375,7.551702976226807,6.038646221160889,300.6871643066406,2.5412373542785645,1.2841078042984009,2.169896364212036,1.161172866821289,0.5492197871208191,0.0611724853515625,300.60443115234375,0.8800008296966553,99.99999237060547,0.0,101326.4375,300.6871032714844,0.0,0.5561915636062622,0.5417754054069519,0.3238588869571686,0.02995224855840206,4.811213970184326,0.0451473593711853
2022-10-14,13.9,51.1,-0.106,6,3,23.011666666666667,124.03333333333333,7.5,10.9,3.4000000000000004,10,14,49.8,0.0,32.62767028808594,6004.9970703125,0.0,0.06599999964237213,0.0,0.0,0.0,0.0,34.678611755371094,1.165315866470337,0.0,0.0,0.677096962928772,34.31781005859375,27.145835876464844,-0.3776380717754364,0.41190534830093384,3.4007203453256807e-07,-6.152327060699463,-10.905854225158691,-5.22974157333374,-5.171408176422119,-9.397490501403809,-9.2985258102417,297.6762390136719,299.8858337402344,1.1531256437301636,0.0014600189169868827,0.8426831364631653,271.4600830078125,5.355835437774658,56.896358489990234,30.05425453186035,8.798718452453613,5.824052333831787,100608.0,0.01290060579776764,40.55667495727539,120.0041732788086,253.1570281982422,287.3281555175781,7.486177921295166,6.522172451019287,8.204239845275879,5.163873672485352,7.737550258636475,4.665252685546875,11.644972801208496,9.231201171875,15.933207511901855,5.823081970214844,999.0,-3.8320820331573486,4.273334503173828,0.9691091179847717,29.750831604003906,11.05157470703125,8.969497680664062,6.725983142852783,301.2401428222656,2.8291471004486084,2.040524959564209,1.910064697265625,1.9715451002120972,0.288055419921875,0.029054006561636925,301.0638427734375,0.8800008296966553,99.99999237060547,0.0,100605.6171875,301.2399597167969,0.02484130859375,0.5893458724021912,0.46060502529144287,0.3312568664550781,0.014994819648563862,3.694831132888794,0.03562884405255318
2022-10-15,13.3,48.9,-0.106,5,3,19.143333333333334,119.96666666666667,7.5,10.9,3.4000000000000004,10,15,50.0,0.0,41.608543395996094,3824.80322265625,0.0,0.06599999964237213,0.0,0.0,0.0,0.0,34.654029846191406,1.7998535633087158,0.0,0.0,0.7750943899154663,33.59498596191406,28.48017120361328,-0.14652596414089203,-0.12540100514888763,-8.013232104531198e-07,6.926984786987305,-12.466721534729004,5.872567653656006,5.817546844482422,-10.602723121643066,-10.476935386657715,297.1135559082031,300.3055114746094,1.148915410041809,0.0017520446563139558,1.0105642080307007,271.4599609375,5.641355037689209,39.870887756347656,326.5210266113281,8.861197471618652,5.487087726593018,100243.6640625,0.01486370712518692,89.05326080322266,64.76394653320312,204.908935546875,186.16143798828125,7.598400592803955,6.566600799560547,8.33608341217041,4.834726333618164,7.900513172149658,4.359339237213135,9.967555046081543,8.917704582214355,5.84429931640625,5.808003902435303,999.0,-3.4703369140625,4.256742000579834,0.9376179575920105,332.5555419921875,12.330708503723145,9.250686645507812,6.795074462890625,301.6305236816406,2.9689855575561523,2.176762342453003,1.9350789785385132,2.183542490005493,0.44159698486328125,0.07882436364889145,301.45098876953125,0.8800008296966553,99.99999237060547,0.0,100253.1640625,301.6305847167969,4.138102054595947,0.6223929524421692,0.47484090924263,0.33467355370521545,0.015965024009346962,4.093985557556152,0.03490298613905907
2022-10-16,14.1,50.6,-0.135,4,3,14.653333333333334,115.9,7.5,10.9,3.4000000000000004,10,16,52.1,0.0,22.144018173217773,4343.5615234375,0.0,0.06599999964237213,0.0,0.0,0.0,0.0,34.64089584350586,1.7780897617340088,0.0,0.0,0.7704918384552002,33.09996795654297,29.48365592956543,0.07487309724092484,-0.1791706532239914,3.898452973771782e-07,6.093821048736572,-3.740271806716919,5.809317111968994,5.580173015594482,-3.5148067474365234,-3.3800551891326904,297.41943359375,300.8399353027344,1.1513751745224,0.0011025849962607026,0.8860982060432434,271.4599609375,3.7028443813323975,17.567564010620117,304.4128723144531,8.408905982971191,3.167970895767212,100669.7890625,0.006191046442836523,12.2981595993042,19.877403259277344,221.96533203125,224.1808319091797,8.00751781463623,6.857368469238281,7.67506742477417,2.8609914779663086,7.187734603881836,2.6318359375,8.670069694519043,6.25762939453125,16.82944679260254,5.999889373779297,999.0,-2.9923908710479736,2.991511106491089,0.9747499823570251,300.8319396972656,6.59088134765625,9.660273551940918,7.119505405426025,302.8094787597656,1.9738343954086304,1.888468861579895,0.5400187373161316,1.661635398864746,0.6735484004020691,0.05956268310546875,302.531494140625,0.8800008296966553,99.99999237060547,0.0,100674.78125,302.8095397949219,0.008778889663517475,0.7241973280906677,0.3223346769809723,0.3357760012149811,0.007050985936075449,4.2820234298706055,0.020876122638583183
2022-10-17,13.9,50.7,-0.116,4,3,10.186666666666667,112.85,7.5,10.9,3.4000000000000004,10,17,50.2,0.0,21.56055450439453,1955.1943359375,0.0,0.06599999964237213,0.0,0.0,0.0,0.0,34.60808181762695,2.3922502994537354,0.0,0.0,0.7521435618400574,32.63385009765625,29.226470947265625,0.017356712371110916,-0.18553514778614044,9.37996958327858e-07,3.3520259857177734,-7.067122936248779,3.1569156646728516,3.046971559524536,-6.564849853515625,-6.3610687255859375,296.9386901855469,300.7286071777344,1.15357506275177,0.0011914214119315147,0.8435465693473816,271.4599304199219,3.4032764434814453,66.84927368164062,332.4054260253906,8.124770164489746,3.6745681762695312,100819.2109375,0.007727207150310278,133.8647003173828,20.386415481567383,232.64324951171875,212.20166015625,7.370426177978516,6.026111125946045,7.207527160644531,3.2963249683380127,6.658567905426025,3.014256715774536,8.911050796508789,5.354024410247803,10.91314697265625,5.206796169281006,999.0,-3.63543701171875,3.8670737743377686,0.9747406840324402,333.41741943359375,7.494222164154053,10.324721336364746,6.316944122314453,302.4089050292969,1.8046382665634155,1.6403297185897827,0.7363331913948059,1.5631352663040161,0.52130126953125,0.0184758510440588,302.0563049316406,0.8800008296966553,99.99999237060547,0.0,100814.6875,302.408935546875,0.0009256998891942203,0.5976584553718567,0.19553007185459137,0.28309884667396545,0.004100044723600149,2.899526357650757,0.017082171514630318
2022-10-18,14.0,50.7,-0.126,7,4,5.903333333333333,108.78333333333333,7.5,10.9,3.4000000000000004,10,18,50.2,0.0,16.147315979003906,112.5907211303711,0.0,0.06599999964237213,0.0,0.0,0.0,0.0,34.22064208984375,22.200021743774414,0.0,0.0,0.8352826833724976,32.113765716552734,29.428775787353516,-0.08584920316934586,-0.31944286823272705,-1.6330924381691148e-06,3.6269214153289795,-2.6730010509490967,3.57476544380188,3.366833448410034,-2.6571247577667236,-2.4737651348114014,297.32635498046875,299.95391845703125,1.1566358804702759,0.0009200791246257722,0.77154541015625,271.4599914550781,2.5378577709198,29.972135543823242,260.4617004394531,8.290319442749023,2.6829397678375244,100931.4921875,0.004212628584355116,69.4862060546875,30.4303035736084,271.4828796386719,165.9158477783203,7.936925888061523,6.367843151092529,6.963860988616943,2.302865743637085,6.159111022949219,1.751922607421875,9.352372169494629,7.47698974609375,4.7996826171875,5.429935455322266,100.0,-4.315450191497803,1.429146409034729,1.0099201202392578,299.2832336425781,4.52880859375,10.635064125061035,6.699237823486328,302.210693359375,1.3488401174545288,1.301495909690857,0.2594146728515625,1.168810486793518,0.58013916015625,0.024290720000863075,302.0057067871094,0.8800008296966553,99.99999237060547,0.0,100933.0859375,302.21124267578125,0.0412394218146801,0.5167494416236877,0.15201008319854736,0.4504750669002533,0.0020928781013935804,3.4431679248809814,0.01219437550753355
2022-10-19,14.0,49.8,-0.145,3,3,1.51,105.73333333333333,7.5,10.9,3.4000000000000004,10,19,50.0,0.0,12.247438430786133,49.90640640258789,0.0,0.06599999964237213,0.0,0.0,0.0,0.0,33.3411865234375,28.291492462158203,0.0,0.0,0.9224380254745483,32.50406265258789,30.03469467163086,0.19401279091835022,-0.40297654271125793,6.200302493652998e-08,-0.9625212550163269,2.0554039478302,-1.0307897329330444,-0.9262822270393372,2.1969897747039795,1.9553762674331665,297.4826354980469,300.7782897949219,1.1530709266662598,0.0007581408717669547,0.6470540165901184,271.46002197265625,0.9054670333862305,21.389877319335938,82.49287414550781,7.220343112945557,2.947079658508301,100949.2734375,0.001373202190734446,22.032615661621094,82.48609161376953,216.3035888671875,242.84349060058594,7.140875339508057,4.8866424560546875,5.023595333099365,2.1771738529205322,4.087289810180664,0.6403910517692566,9.45893669128418,4.552734375,3.3777263164520264,3.928628921508789,54.0,-1.4752603769302368,0.906103789806366,1.0000262260437012,151.16375732421875,2.8219401836395264,11.36453628540039,5.403497695922852,302.7121276855469,0.4748724400997162,0.4712502062320709,0.0359547920525074,0.35851797461509705,0.2318572998046875,0.19583511352539062,302.5716247558594,0.8800005316734314,99.99999237060547,0.0,100963.0859375,302.7117919921875,0.0150146484375,0.5572313070297241,0.1275509148836136,0.9066136479377747,0.00010859966278076172,2.9709055423736572,0.004068605601787567
2022-10-22,12.3,41.7,-0.198,1,1,3.5283333333333333,101.66666666666667,7.5,10.9,3.4000000000000004,10,22,28.4,0.0,10.349147391459654,298.1061320308645,0.0,0.06599999951835064,0.0,0.0,0.0,0.0,34.67778267381648,14.50026990410549,0.0,0.0,0.49953828747197504,33.49044772843665,29.084391933740736,0.054007392962099374,-0.031260177147875816,1.5935227289471462e-07,-0.322955459356308,-1.3259449005126953,-0.08041127771139145,-0.19958050549030304,-0.9055125117301941,-0.7993717193603516,295.6663513183594,298.4744567871094,1.1646888953691517,0.0011098425526583438,0.7031938921839247,271.4599609375,3.771491491101012,208.49436319205486,87.1095259200776,8.883419409727708,3.8141452721034,101257.3359375,0.006637546421576952,208.78712455198502,219.63403151940446,119.13493123801169,,8.22600212476366,6.798042635260293,7.763700380592375,3.2063033906474794,7.096814187068579,2.602055778255509,9.061902226197038,6.146791331729934,10.788345571500358,5.890183207265949,666.7146950158404,-3.234691607917581,0.47377437724188576,0.9792615871814486,196.10220911280575,3.4330574048450275,10.56042808115321,7.093875442463739,301.81165554989366,1.7939230674172988,1.5849001869787342,0.6991450304319828,1.3406641965622401,0.665393157293841,0.20328806644704334,299.0212097167969,0.8800005316734314,99.99999237060547,0.0,96606.53125,273.1515197753906,0.3151346743106842,0.6567323194069024,0.5197507089173368,0.4198357244871195,0.0070738531559590145,3.5669440457879844,0.020494274300343576
2022-10-23,12.0,42.8,-0.144,2,2,6.23,97.6,7.5,10.9,3.4000000000000004,10,23,35.699999999999996,0.0,10.75145149230957,380.0354309082031,0.0,0.06599999964237213,0.0,0.0,0.0,0.0,35.15818405151367,11.863093376159668,0.0,0.0,0.7027161121368408,32.67464065551758,28.933635711669922,0.0786038488149643,-0.3830563426017761,-2.7076057449448854e-06,0.16284815967082977,0.6111742854118347,0.24440129101276398,0.17154376208782196,0.7037346959114075,0.5937970280647278,297.0894470214844,300.4532470703125,1.1614412069320679,0.0007562505197711289,0.6974754333496094,271.4599914550781,2.0742809772491455,271.0787353515625,88.55821990966797,8.162993431091309,3.267371892929077,101187.9765625,0.0020178169943392277,271.06719970703125,265.9198303222656,84.15592956542969,207.1123046875,8.130075454711914,6.967576503753662,7.066534042358398,2.3590383529663086,6.178425312042236,0.5299733281135559,8.385068893432617,6.354776859283447,14.29241943359375,6.010853290557861,871.0,-3.9073688983917236,-0.7881183624267578,1.0202404260635376,210.9237518310547,2.7972004413604736,9.252375602722168,7.276411056518555,302.1964416503906,1.1085344552993774,1.1039155721664429,0.0504404716193676,1.16336989402771,0.2552032470703125,0.10834121704101562,302.0121765136719,0.8800005316734314,99.99999237060547,0.0,101186.6015625,302.1964416503906,0.1104329451918602,0.39854565262794495,0.15885628759860992,1.049517273902893,0.005200584884732962,5.801645278930664,0.012717396020889282
2022-10-24,11.0,42.8,-0.04,7,4,6.261666666666667,92.51666666666667,7.5,10.9,3.4000000000000004,10,24,34.7,0.0,24.760112762451172,4324.953125,0.0,0.06599999964237213,0.0,0.0,0.0,0.0,34.72370910644531,0.8375720977783203,0.0,0.0,0.5614537596702576,33.6002197265625,28.16317367553711,0.1969335973262787,-0.29314014315605164,-3.243801756980247e-06,7.0161967277526855,3.6300582885742188,6.434403896331787,6.270088195800781,3.3302555084228516,3.2477009296417236,296.90325927734375,300.566162109375,1.1576882600784302,0.001220308244228363,0.7684504389762878,271.4599609375,3.814507246017456,227.89105224609375,243.97259521484375,9.63381576538086,3.6595277786254883,101102.8984375,0.008035472594201565,229.9614715576172,245.5787811279297,204.5952911376953,184.6693115234375,8.821468353271484,6.791691303253174,8.077235221862793,3.2756240367889404,7.260990619659424,2.991307497024536,8.494467735290527,11.859171867370605,7.2374267578125,5.699141025543213,999.0,-3.5333251953125,3.9778048992156982,0.9654689431190491,243.6144256591797,7.7384033203125,14.151084899902344,7.150350570678711,301.49072265625,2.0273797512054443,1.8729596138000488,0.7444712519645691,1.3863283395767212,1.1759439706802368,0.38480377197265625,301.2461242675781,0.8800005316734314,99.99999237060547,0.0,101109.25,301.4908752441406,0.0062255859375,0.5645878911018372,0.24412810802459717,0.3110389709472656,0.0013763507595285773,3.2264578342437744,0.01015682052820921
2022-10-25,10.1,43.1,0.043,3,3,5.97,88.45,7.5,10.9,3.4000000000000004,10,25,36.3,0.0,47.35585403442383,3880.234130859375,0.0,0.06599999964237213,0.0,0.0,0.0,0.0,34.68364334106445,1.0383226871490479,0.0,0.0,0.5084536075592041,34.3127555847168,28.12826919555664,0.4350239634513855,0.19767490029335022,-1.5407787259391625e-06,4.1160101890563965,0.8028450012207031,4.109951019287109,3.842029571533203,0.8182315826416016,0.762335479259491,297.2557678222656,299.83074951171875,1.160180926322937,0.0008851313032209873,0.68017578125,271.46002197265625,3.405319929122925,226.84092712402344,257.1564636230469,9.586424827575684,2.000861883163452,101128.5078125,0.003536436939612031,227.2151336669922,195.2178497314453,311.4502258300781,292.129150390625,9.51762866973877,7.912569522857666,8.114453315734863,1.8537836074829102,7.280665874481201,1.7358907461166382,11.68730640411377,7.452901363372803,6.362406253814697,6.903152942657471,999.0,-3.270050048828125,1.211465835571289,1.0287822484970093,257.32977294921875,4.23126220703125,13.171257972717285,8.177285194396973,301.4665832519531,1.8374232053756714,1.8285599946975708,0.15814208984375,1.3730748891830444,0.9649022221565247,0.7401885986328125,301.1883850097656,0.8800005316734314,99.99999237060547,0.0,101135.7265625,301.4667053222656,0.0025533039588481188,0.8711103796958923,0.3824929893016815,0.2751706540584564,0.0019104083767160773,3.819009780883789,0.010723412968218327
2022-10-26,11.3,46.0,-0.02,5,4,2.9233333333333333,85.4,7.5,10.9,3.4000000000000004,10,26,40.8,0.0,18.26378631591797,4285.1806640625,0.0,0.06599999964237213,0.0,0.0,0.0,0.0,34.69644546508789,0.9791335463523865,0.0,0.0,0.5073549151420593,34.26250457763672,28.026390075683594,0.16795842349529266,-0.15014009177684784,7.397850936285977e-07,5.244232654571533,-1.1653105020523071,5.14103364944458,4.858300685882568,-1.1408761739730835,-1.0771783590316772,296.9948425292969,299.69256591796875,1.1606112718582153,0.0009842886356636882,0.7653884887695312,271.4601745605469,3.442723512649536,214.99363708496094,282.2483825683594,9.485722541809082,2.487515449523926,101123.8515625,0.00391458859667182,218.20066833496094,188.8804473876953,3.969212293624878,289.20831298828125,9.307591438293457,7.804947376251221,8.304540634155273,2.2767066955566406,7.593176364898682,2.1151835918426514,10.516292572021484,9.299641609191895,5.595723628997803,6.715398788452148,999.0,-2.67364501953125,2.4013824462890625,0.986466109752655,282.4700927734375,5.304891109466553,10.54336929321289,8.117663383483887,301.5164489746094,1.8499401807785034,1.8254766464233398,0.286224365234375,1.428127646446228,0.8878250122070312,0.6946080327033997,301.3008728027344,0.8800005316734314,99.99999237060547,0.0,101126.75,301.516845703125,0.011016845703125,1.0738799571990967,1.2362717390060425,0.3017005920410156,0.004009763244539499,2.9549720287323,0.016847021877765656
2022-10-27,11.7,46.3,-0.03,3,3,-0.86,82.35,7.5,10.9,3.4000000000000004,10,27,41.1,0.0,14.681321144104004,4624.2421875,0.0,0.06599999964237213,0.0,0.0,0.0,0.0,34.726985931396484,1.0615814924240112,0.0,0.0,0.446376234292984,34.751708984375,28.933624267578125,-0.0016305978642776608,-0.10844732075929642,1.5790432144058286e-06,6.744984149932861,-4.178500652313232,6.312900066375732,6.095448017120361,-3.903200149536133,-3.766592025756836,297.2108154296875,299.8490905761719,1.159045696258545,0.0012276257621124387,0.8995640873908997,271.4599609375,3.9814846515655518,191.0224609375,301.4895324707031,10.285277366638184,3.777920722961426,101013.28125,0.008063708432018757,207.39422607421875,179.26795959472656,58.44448471069336,149.619384765625,9.379798889160156,7.146324157714844,8.660564422607422,3.380690813064575,7.714248180389404,3.0849812030792236,10.747177124023438,9.52581787109375,11.502604484558105,5.9097137451171875,999.0,-3.2566120624542236,4.042072296142578,0.943892776966095,302.0736999511719,7.611246585845947,13.508009910583496,7.547626495361328,301.8839111328125,2.1105740070343018,1.9548139572143555,0.7791493535041809,1.4512687921524048,1.00885009765625,0.7657928466796875,301.6860656738281,0.8800005316734314,99.99999237060547,0.0,101012.46875,301.883544921875,0.01944986917078495,0.8263327479362488,0.6434363722801208,0.27328237891197205,0.0028948660474270582,2.7452585697174072,0.013723461888730526
2022-10-28,11.8,46.6,-0.03,5,4,-4.828333333333333,79.3,7.5,10.9,3.4000000000000004,10,28,43.4,0.0,17.13094711303711,5186.62353515625,0.0,0.06599999964237213,0.0,0.0,0.0,0.0,34.7421760559082,1.0465375185012817,0.0,0.0,0.3756704330444336,34.911861419677734,29.141605377197266,0.40657225251197815,-0.2549213767051697,-2.733198016358074e-06,0.19101524353027344,0.5892079472541809,0.12652333080768585,0.15088589489459991,0.6315968632698059,0.5709183812141418,296.8199768066406,299.4814453125,1.1592038869857788,0.0007807403453625739,0.7760467529296875,271.4599609375,4.573920726776123,176.9108123779297,143.9678192138672,10.327598571777344,2.934516668319702,100752.0234375,0.0035784654319286346,177.1530303955078,151.9095458984375,202.80372619628906,241.46971130371094,10.30017375946045,8.906220436096191,8.974233627319336,2.2221567630767822,8.142598152160645,0.8420460820198059,8.33313274383545,13.72332763671875,6.845072269439697,8.02149486541748,999.0,-18.152740478515625,-4.097085952758789,1.166406273841858,219.7921600341797,3.11724853515625,14.092399597167969,9.092548370361328,301.89404296875,2.497891902923584,2.4925873279571533,0.0690205916762352,1.813301682472229,1.609143614768982,0.6641845703125,301.86871337890625,0.8800005316734314,99.99999237060547,0.0,100748.90625,301.89410400390625,2.9765422344207764,0.7523462176322937,0.23297901451587677,0.82647705078125,0.002998868701979518,3.082362174987793,0.01263891626149416
2022-10-29,11.0,45.9,0.03,6,4,-8.351666666666667,77.26666666666667,7.5,10.9,3.4000000000000004,10,29,40.7,0.0,30.437936782836914,5404.11083984375,0.0,0.06599999964237213,0.0,0.0,0.0,0.0,34.68179702758789,0.9471403956413269,0.0,0.0,0.27904024720191956,35.24702453613281,27.770164489746094,-0.11609075963497162,-0.012387082912027836,1.1920437970047715e-07,-2.710170030593872,6.227783203125,-2.5306262969970703,-2.448301315307617,5.8566975593566895,5.655637264251709,296.3904113769531,299.5233154296875,1.16077721118927,0.0010915352031588554,0.7414398193359375,271.4600524902344,4.556933879852295,161.4752960205078,154.49876403808594,9.799565315246582,3.1416547298431396,100934.2265625,0.0063520330004394054,160.9650421142578,136.5903778076172,208.93121337890625,22.83000373840332,9.493779182434082,7.902421474456787,8.569199562072754,2.83854603767395,7.891676425933838,2.6119537353515625,8.000775337219238,13.81109619140625,8.920796394348145,6.860171794891357,999.0,-3.8201701641082764,2.957260847091675,1.0074901580810547,154.30152893066406,6.590799808502197,9.111445426940918,8.176894187927246,300.7284240722656,2.42523455619812,2.3625967502593994,0.50689697265625,1.9282045364379883,1.3421249389648438,0.3739840090274811,300.5133361816406,0.8800005316734314,99.99999237060547,0.0,100938.1171875,300.72882080078125,0.01987711526453495,0.6106716990470886,0.579286515712738,0.2993583679199219,0.010929624550044537,2.678370475769043,0.029263608157634735
2022-10-30,11.8,46.1,-0.04,6,4,-11.601666666666667,73.2,7.5,10.9,3.4000000000000004,10,30,40.5,0.0,33.57310485839844,4809.171875,0.0,0.06599999964237213,0.0,0.0,0.0,0.0,34.707313537597656,0.9576379656791687,0.0,0.0,0.37397581338882446,35.032108306884766,26.50290298461914,-0.2826072871685028,-0.08364275842905045,3.4372951063232904e-07,-8.15166187286377,6.099306583404541,-7.363040447235107,-7.186305999755859,5.565863132476807,5.423485279083252,295.606201171875,297.7888488769531,1.1701788902282715,0.0013226177543401718,0.9528477787971497,271.4600524902344,5.092037677764893,160.04591369628906,128.60824584960938,10.31705379486084,4.861630439758301,101151.59375,0.01048265304416418,149.38194274902344,140.5836181640625,230.8583984375,62.58344650268555,9.03475570678711,7.280733108520508,9.130057334899902,4.319030284881592,8.396041870117188,3.917388916015625,9.342059135437012,12.714314460754395,8.979329109191895,6.2342987060546875,999.0,-3.3457233905792236,4.099592685699463,0.9511184692382812,128.27745056152344,9.310302734375,9.524632453918457,7.577121257781982,299.8538513183594,2.680079460144043,2.2043983936309814,1.4056854248046875,1.7789400815963745,1.2128244638442993,0.18091456592082977,299.6480407714844,0.8800005316734314,99.99999237060547,0.0,101154.03125,299.8539123535156,2.0345052689663135e-05,0.5759926438331604,0.5073003768920898,0.3094736635684967,0.012803333811461926,2.4086620807647705,0.03165105730295181
2022-10-31,12.3,47.4,-0.053,6,4,-14.481666666666667,69.13333333333334,7.5,10.9,3.4000000000000004,10,31,41.2,0.0,34.21171188354492,3525.034423828125,0.0,0.06599999964237213,0.0,0.0,0.0,0.0,34.71735382080078,1.1590677499771118,0.0,0.0,0.5255365967750549,34.71564483642578,24.90428924560547,0.014497801661491394,0.01216824259608984,-5.455346396843197e-08,-9.5568265914917,4.111523151397705,-8.238471984863281,-8.165508270263672,3.6007328033447266,3.567620038986206,294.5040588378906,297.7712097167969,1.1760669946670532,0.001289389911107719,0.5615921020507812,271.4601135253906,5.106419086456299,136.25318908691406,113.5211181640625,9.705126762390137,4.641547679901123,101545.5859375,0.010090475901961327,130.40966796875,109.5482406616211,214.75042724609375,321.4762878417969,8.759387016296387,7.277888774871826,8.805121421813965,4.132812023162842,8.21008014678955,3.755772829055786,8.541130065917969,12.902241706848145,5.594400882720947,6.295549392700195,999.0,-3.66583251953125,3.991572141647339,0.9707037806510925,113.5679702758789,8.889262199401855,9.339838981628418,7.553123950958252,298.1081848144531,2.6986570358276367,2.4286603927612305,1.1675516366958618,2.071223258972168,1.2850189208984375,0.0716044083237648,297.8470153808594,0.8800005316734314,99.99999237060547,0.0,101555.0234375,298.1084899902344,0.0,0.6231599450111389,0.532102108001709,0.31225457787513733,0.011856595985591412,2.9033124446868896,0.031134823337197304
2022-11-01,13.5,51.4,-0.07,5,3,-17.568333333333335,65.06666666666666,7.5,10.9,3.4000000000000004,11,1,51.7,0.0,45.89706802368164,3588.19287109375,0.0,0.06599999964237213,0.0,0.0,0.0,0.0,34.73469543457031,1.4660415649414062,0.0,0.0,0.7457488775253296,34.62504577636719,24.19438362121582,-0.11057645082473755,-0.04294867813587189,-5.969764060864691e-07,-8.306012153625488,2.611645460128784,-7.568061828613281,-7.397319793701172,2.4223880767822266,2.366081953048706,292.99127197265625,296.6934814453125,1.1846895217895508,0.0012270434526726604,0.7875874638557434,271.4601135253906,4.831557750701904,146.46446228027344,108.44722747802734,9.770699501037598,4.0260796546936035,101771.1484375,0.008771544322371483,139.6502227783203,100.63937377929688,210.55577087402344,290.4085998535156,9.104174613952637,7.549180507659912,8.785346031188965,3.59806752204895,8.14158821105957,3.2810566425323486,8.173271179199219,12.175700187683105,3.9568073749542236,6.475429058074951,999.0,-3.63653564453125,3.850133180618286,0.9733689427375793,108.15130615234375,8.014750480651855,12.69925308227539,7.854922771453857,297.6141357421875,2.5874054431915283,2.429342031478882,0.8760274052619934,1.8592634201049805,1.5619125366210938,0.05950927734375,297.4159240722656,0.8800005316734314,99.99999237060547,0.0,101771.9765625,297.6141052246094,0.0008341471548192203,0.680072009563446,0.4261336624622345,0.3088798522949219,0.003010312793776393,2.8198776245117188,0.016133924946188927
2022-11-02,15.5,57.2,-0.1,5,3,-21.098333333333333,58.96666666666667,7.5,10.9,3.4000000000000004,11,2,68.5,0.0,21.73108673095703,4625.9375,0.0,0.06599999964237213,0.0,0.0,0.0,0.0,34.720314025878906,0.9703576564788818,0.0,0.0,0.7057749032974243,34.96535110473633,24.315547943115234,-0.27385413646698,-0.23624974489212036,2.5258995606236567e-07,-7.817165851593018,0.9133682250976562,-7.224462032318115,-7.033176422119141,0.8863213658332825,0.8614018559455872,292.23876953125,296.21405029296875,1.1877622604370117,0.0011802547378465533,0.7698338627815247,271.4601135253906,3.916597366333008,122.82903289794922,97.19733428955078,8.676362037658691,3.642677068710327,101920.3125,0.007662241812795401,118.07398223876953,104.7802734375,167.8649139404297,234.91819763183594,8.069367408752441,6.748648166656494,7.8780741691589355,3.2649986743927,7.321254253387451,2.985260009765625,8.203083992004395,9.7835693359375,8.306782722473145,5.806951522827148,999.0,-3.5357463359832764,3.7938225269317627,0.9724910259246826,97.44012451171875,7.374125003814697,9.725010871887207,7.049148082733154,297.2801513671875,2.0759050846099854,1.9423013925552368,0.7207844853401184,1.59515380859375,0.9586817622184753,0.38187918066978455,297.0318298339844,0.8800005316734314,99.99999237060547,0.0,101910.8671875,297.2798156738281,0.0,0.7309935092926025,0.7839277386665344,0.3134066164493561,0.007699211593717337,3.983004331588745,0.022041695192456245
2022-11-03,15.6,56.1,-0.13,5,3,-24.336666666666666,52.86666666666667,7.5,10.9,3.4000000000000004,11,3,62.1,0.0,17.037065505981445,5095.05517578125,0.0,0.06599999964237213,0.0,0.0,0.0,0.0,34.70602798461914,0.6218358278274536,0.0,0.0,0.8508583903312683,35.406219482421875,24.4464168548584,0.3344499468803406,-0.09520364552736282,5.8847898998237724e-08,-2.3631350994110107,-7.103237628936768,-2.1892452239990234,-2.1329352855682373,-6.540956497192383,-6.371433258056641,293.00946044921875,296.7532043457031,1.182706356048584,0.0011741950875148177,0.7107340693473816,271.4599914550781,4.326048374176025,171.17625427246094,19.26276206970215,10.285396575927734,3.3380300998687744,101697.8828125,0.007336270529776812,161.1010284423828,193.2170867919922,114.15288543701172,234.26849365234375,9.72542953491211,7.821094989776611,8.893899917602539,3.0085747241973877,7.974113941192627,2.76239013671875,11.5411376953125,8.90521240234375,2.7494709491729736,6.561506271362305,999.0,-3.5824787616729736,3.5649654865264893,0.9696993827819824,18.237911224365234,6.999796390533447,13.40860366821289,8.194011688232422,297.5679016113281,2.3105244636535645,2.2083740234375,0.6178029179573059,1.6762899160385132,1.4744008779525757,0.07099279016256332,297.4228820800781,0.8800005316734314,99.99999237060547,0.0,101695.1171875,297.56781005859375,0.0011189779033884406,0.7437887787818909,0.33359208703041077,0.30662408471107483,0.0032143990974873304,3.379348039627075,0.013147811405360699
2022-11-04,13.9,55.6,-0.02,6,3,-27.013333333333332,47.78333333333333,7.5,10.9,3.4000000000000004,11,4,62.1,0.0,27.075761795043945,3068.84521484375,0.0,0.06599999964237213,0.0,0.0,0.0,0.0,34.74970626831055,1.7452785968780518,0.0,0.0,0.785039484500885,34.970523834228516,23.86875343322754,0.1644015908241272,-0.09245241433382034,7.874351695136284e-07,-8.273921966552734,4.504736423492432,-7.539369106292725,-7.3573079109191895,4.217561721801758,4.097114562988281,290.47943115234375,295.17462158203125,1.1922568082809448,0.001379938330501318,0.9686482548713684,271.4599609375,4.6463303565979,176.67735290527344,125.92583465576172,9.5173978805542,4.395301342010498,101774.78125,0.010196982882916927,160.68544006347656,202.851806640625,168.3396759033203,95.55773162841797,8.460909843444824,6.958362579345703,8.54631519317627,3.890324354171753,7.928081035614014,3.5278522968292236,11.250941276550293,8.01300048828125,8.685893058776855,6.003907680511475,999.0,-3.3316447734832764,4.112998962402344,0.9408455491065979,121.13045501708984,9.215067863464355,11.593825340270996,7.248523712158203,296.7735290527344,2.473493814468384,2.1774280071258545,1.1168212890625,1.4666633605957031,1.2046865224838257,1.021252989768982,296.58416748046875,0.8800008296966553,99.99999237060547,0.0,101770.5078125,296.7738952636719,0.0047810873948037624,0.8019247055053711,0.6864563822746277,0.3746236264705658,0.004991412162780762,2.7267396450042725,0.018535012379288673
2022-11-05,15.1,57.1,-0.08,5,3,-29.788333333333334,40.666666666666664,7.5,10.9,3.4000000000000004,11,5,66.1,0.0,12.451482772827148,4927.34912109375,0.0,0.06599999964237213,0.0,0.0,0.0,0.0,34.72109603881836,0.4150830805301666,0.0,0.0,0.7935675978660583,35.55989456176758,22.418834686279297,0.20349961519241333,-0.10194136202335358,-2.8154036044725217e-06,-8.215686798095703,-4.919407367706299,-6.990057468414307,-6.9349894523620605,-4.02134895324707,-3.9939186573028564,290.8558654785156,295.1826171875,1.1905168294906616,0.0012848140904679894,0.5669758915901184,271.4600524902344,4.792727470397949,152.9404296875,59.09281539916992,10.05701732635498,4.300391674041748,101750.1796875,0.010024948976933956,130.06201171875,122.77758026123047,187.48583984375,233.9805145263672,9.08277416229248,7.245263576507568,8.759474754333496,3.833042860031128,7.962423324584961,3.4859821796417236,9.050166130065918,11.610636711120605,2.96673583984375,6.152853488922119,999.0,-3.8827617168426514,4.1444244384765625,0.9694250226020813,58.90022277832031,8.350300788879395,13.62179946899414,7.569569110870361,295.40087890625,2.5538718700408936,2.317925214767456,1.0399881601333618,1.6916232109069824,1.5671920776367188,0.05018361285328865,295.2785339355469,0.8800008296966553,99.99999237060547,0.0,101749.6171875,295.4009094238281,0.0027669270057231188,0.663870096206665,0.37718191742897034,0.28795623779296875,0.0030084054451435804,2.475445032119751,0.013780307956039906
2022-11-06,14.4,55.7,-0.06,5,3,-32.026666666666664,34.56666666666667,7.5,10.9,3.4000000000000004,11,6,61.8,0.0,11.735339164733887,2352.3916015625,0.0,0.06599999964237213,0.0,0.0,0.0,0.0,34.79927062988281,2.319990634918213,0.0,0.0,0.520498514175415,35.46284484863281,21.49784278869629,-0.11632190644741058,-0.0611974336206913,-3.6727934116242977e-07,0.6542485356330872,6.610789775848389,0.6596114039421082,0.6401214599609375,5.9153289794921875,5.816512584686279,290.9726867675781,293.7320251464844,1.196425199508667,0.0011924278223887086,0.6373112797737122,271.4599914550781,4.158299922943115,175.2747039794922,191.36407470703125,9.140093803405762,3.406135320663452,101707.8515625,0.0075495485216379166,180.68084716796875,223.1100311279297,101.31529998779297,200.8143310546875,8.6499605178833,7.084617614746094,8.015759468078613,3.064711570739746,7.392244815826416,2.8120319843292236,11.663867950439453,7.798746585845947,6.582906246185303,6.1083807945251465,999.0,-3.6463420391082764,3.6305840015411377,0.9707457423210144,186.2327117919922,7.322164058685303,12.283278465270996,7.378101825714111,294.2499084472656,2.2219555377960205,2.12334942817688,0.6316782832145691,1.4305442571640015,1.2185516357421875,0.9946556091308594,294.2250061035156,0.8800008296966553,99.99999237060547,0.0,101704.03125,294.2500305175781,0.0,0.9405698180198669,0.5704764723777771,0.3299903869628906,0.0032264788169413805,2.613287925720215,0.014839541167020798
2022-11-07,14.0,55.1,-0.036,7,4,-33.916666666666664,28.466666666666665,7.5,10.9,3.4000000000000004,11,7,59.8,0.0,48.5308952331543,3752.550048828125,0.0,0.06599999964237213,0.0,0.0,0.0,0.0,34.772212982177734,1.36526358127594,0.0,0.0,0.7687546014785767,35.45758056640625,22.59833335876465,-0.4997853636741638,-0.5776161551475525,-5.618926479655784e-07,-8.59692096710205,-9.50669002532959,-7.423450946807861,-7.346169948577881,-8.067665100097656,-7.996443271636963,290.8359680175781,295.1058654785156,1.1884026527404785,0.0016215980285778642,0.7859751582145691,271.4600524902344,5.349662780761719,168.0784149169922,46.096736907958984,9.831029891967773,5.492591381072998,101462.375,0.014657940715551376,79.32592010498047,187.7437286376953,167.2698516845703,215.1204833984375,7.758489608764648,6.40702486038208,8.720563888549805,4.885533332824707,7.886335372924805,4.421163082122803,10.696625709533691,12.101521492004395,3.0414631366729736,5.604231357574463,999.0,-4.157816410064697,4.641007900238037,0.9561118483543396,56.4441032409668,10.99323558807373,9.463332176208496,6.654279708862305,295.7535095214844,2.785684823989868,1.7083381414413452,2.1079864501953125,1.5183935165405273,0.6023991703987122,0.053213756531476974,295.6645202636719,0.8800008296966553,99.99999237060547,0.0,101462.5703125,295.7530212402344,0.10113525390625,0.6881844401359558,0.5187514424324036,0.3496818542480469,0.022198239341378212,3.179682493209839,0.039694953709840775
2022-11-08,13.3,48.7,-0.11,3,3,-34.833333333333336,21.35,7.5,10.9,3.4000000000000004,11,8,47.3,0.0,14.868830680847168,78.96559143066406,0.0,0.06599999964237213,0.0,0.0,0.0,0.0,35.13456344604492,11.225863456726074,0.0,0.0,-0.19425635039806366,35.282867431640625,18.407390594482422,0.057587139308452606,0.1104067787528038,-2.7763860543927876e-07,4.90898323059082,2.530172348022461,4.697830677032471,4.507579803466797,2.3231468200683594,2.2552292346954346,286.6582946777344,291.0089416503906,1.2051668167114258,0.0010337906423956156,0.6590474247932434,271.4599914550781,3.2428789138793945,205.72764587402344,254.4561309814453,8.413677215576172,2.7900311946868896,101386.2734375,0.0047118873335421085,207.32313537597656,224.07655334472656,100.38015747070312,131.87744140625,8.108124732971191,6.916440486907959,7.555081844329834,2.4789621829986572,6.99389123916626,2.1423747539520264,8.725639343261719,8.40081787109375,11.65411376953125,6.050612926483154,86.0,-3.6277668476104736,2.613662004470825,1.0061341524124146,247.8961639404297,5.87591552734375,9.126907348632812,7.192390441894531,292.412109375,1.7376011610031128,1.6876096725463867,0.3498636782169342,1.6681714057922363,1.03314208984375,0.065277099609375,292.1338195800781,0.8800008296966553,99.99999237060547,0.0,101351.78125,292.4116516113281,0.0172119140625,0.877307116985321,0.9685258269309998,0.3608296811580658,0.004189054016023874,3.5282630920410156,0.022176755592226982
2022-11-10,11.1,43.9,-0.03,1,3,-34.223333333333336,12.2,7.5,10.9,3.4000000000000004,11,10,39.199999999999996,0.0,34.7619514465332,4800.23046875,0.0,0.06599999964237213,0.0,0.0,0.0,0.0,34.735107421875,0.6639541387557983,0.0,0.0,0.08489233255386353,35.578369140625,18.153785705566406,-0.30390653014183044,-0.3682193160057068,8.108180509225349e-07,-3.456052780151367,3.5309009552001953,-3.4049289226531982,-3.2056961059570312,3.529944658279419,3.3252220153808594,280.5834655761719,289.3113708496094,1.2219409942626953,0.0009005762985907495,0.7603632807731628,271.4600524902344,4.346141338348389,208.06884765625,135.46485900878906,9.946228981018066,2.426551580429077,101951.3359375,0.004170516971498728,207.2809600830078,211.96022033691406,175.2937469482422,276.5688171386719,9.840160369873047,8.531168937683105,8.847504615783691,2.229297637939453,8.14742374420166,2.0759479999542236,10.0289306640625,10.156697273254395,10.012593269348145,7.54530668258667,999.0,-3.7430522441864014,0.9618332982063293,1.035654902458191,136.0007781982422,4.482686519622803,12.216912269592285,8.773446083068848,291.0274353027344,2.361531972885132,2.3430583477020264,0.2609405517578125,2.2733051776885986,0.3752797544002533,0.11221059411764145,290.7498474121094,0.8800008893013,99.99999237060547,0.0,101946.4765625,291.0273132324219,0.00128173828125,0.5696028470993042,0.3215734660625458,0.2811470031738281,0.003799955127760768,3.953263521194458,0.01558669377118349
2022-11-11,11.0,41.5,-0.07,3,3,-34.385,7.116666666666666,7.5,10.9,3.4000000000000004,11,11,31.3,0.0,20.073863983154297,5170.36083984375,0.0,0.06599999964237213,0.0,0.0,0.0,0.0,34.7154655456543,0.35150811076164246,0.0,0.0,-0.04670609533786774,35.62825393676758,18.138141632080078,-0.2688789665699005,-0.21272017061710358,-1.833769971426591e-07,0.8334668278694153,2.1275806427001953,0.9452807307243347,0.820174515247345,2.327737808227539,2.046062469482422,280.69818115234375,288.7692565917969,1.2241472005844116,0.000754875538405031,0.7290318608283997,271.4600524902344,2.843425750732422,208.0828857421875,85.12511444091797,9.299025535583496,3.158179998397827,101880.0234375,0.0017672148533165455,208.066650390625,222.82188415527344,130.3432159423828,206.5277099609375,9.287529945373535,8.192294120788574,8.239341735839844,2.2950785160064697,7.488387584686279,0.5595194697380066,9.741068840026855,6.73883056640625,10.641987800598145,7.376693248748779,999.0,-3.3549296855926514,-1.3356271982192993,1.0149801969528198,207.35533142089844,2.80364990234375,10.859063148498535,8.389470100402832,290.817626953125,1.5528308153152466,1.5515085458755493,0.0369364432990551,1.360565185546875,0.6511052250862122,0.32558441162109375,290.65057373046875,0.8800008296966553,99.99999237060547,0.0,101881.8046875,290.817626953125,2.0345052689663135e-05,0.7280094623565674,0.5501760244369507,0.9986088871955872,0.0025817949790507555,3.7381041049957275,0.013226121664047241
2022-11-12,11.0,42.4,-0.06,4,3,-34.315,2.033333333333333,7.5,10.9,3.4000000000000004,11,12,31.6,0.0,13.61832046508789,4977.97314453125,0.0,0.06599999964237213,0.0,0.0,0.0,0.0,34.6912841796875,0.5148853063583374,0.0,0.0,0.09391262382268906,35.703311920166016,16.77596664428711,-0.23612824082374573,0.28270143270492554,-8.793902566139877e-07,5.061194896697998,1.992677092552185,4.843740463256836,4.648293972015381,1.936149001121521,1.8466898202896118,283.7046203613281,289.186767578125,1.2225379943847656,0.0010143067920580506,0.74517822265625,271.4599914550781,2.8824527263641357,223.644287109375,247.48504638671875,9.5606689453125,2.5638601779937744,102061.8125,0.004527713637799025,225.4783935546875,222.45713806152344,115.12237548828125,325.4024658203125,9.20073413848877,7.085366725921631,7.907184600830078,2.3406054973602295,6.984150409698486,2.170623779296875,8.709399223327637,8.255269050598145,17.3118896484375,5.814117431640625,999.0,-2.64288330078125,3.0040104389190674,0.9697514176368713,247.44273376464844,5.482442378997803,11.382683753967285,7.528602600097656,290.1732482910156,1.529239535331726,1.4882574081420898,0.3363800048828125,1.2615219354629517,0.6006037592887878,0.4739125669002533,289.944580078125,0.8800008296966553,99.99999237060547,0.0,102065.4296875,290.17364501953125,0.00042724609375,0.7664443850517273,0.6588529348373413,0.31910452246665955,0.002754728076979518,3.6253321170806885,0.012430693954229355
2022-11-13,11.0,42.2,-0.057,6,3,-34.0,-3.05,7.5,10.9,3.4000000000000004,11,13,32.8,0.0,13.69507884979248,3880.23046875,0.0,0.06599999964237213,0.0,0.0,0.0,0.0,34.80541229248047,1.5781364440917969,0.0,0.0,0.1201721653342247,35.70314407348633,17.58986473083496,0.26403874158859253,-0.02586141601204872,4.837470441998448e-07,5.150599002838135,-8.497578620910645,3.9618256092071533,3.9606144428253174,-6.909503936767578,-6.899810791015625,287.0624084472656,290.61376953125,1.211509108543396,0.0013539372012019157,0.16227976977825165,271.4599304199219,4.2458319664001465,228.4244842529297,316.4911804199219,11.219810485839844,3.636471748352051,101806.4375,0.009542185813188553,245.99888610839844,213.1954803466797,329.1951904296875,130.276611328125,10.001262664794922,7.6083664894104,9.516478538513184,3.2550599575042725,8.298501968383789,2.888641357421875,10.67694091796875,14.327494621276855,8.7974853515625,6.233703136444092,999.0,-2.7057902812957764,3.2754414081573486,0.9266837239265442,331.09600830078125,7.720926761627197,14.865328788757324,8.046144485473633,290.4777526855469,2.2512314319610596,1.9908562898635864,0.9360554814338684,1.6427931785583496,0.9249801635742188,0.4743499755859375,290.3939514160156,0.8800008296966553,99.99999237060547,0.0,101810.3203125,290.4779968261719,0.0639241561293602,0.7252046465873718,0.7292636036872864,0.43802642822265625,0.002621213672682643,4.1603522300720215,0.010847732424736023
2022-11-14,11.0,47.3,0.055,6,4,-33.471666666666664,-8.133333333333333,7.5,10.9,3.4000000000000004,11,14,44.6,0.0,28.699398040771484,4220.55908203125,0.0,0.06599999964237213,0.0,0.0,0.0,0.0,34.872657775878906,1.9944349527359009,0.0,0.0,0.11545372009277344,35.815513610839844,17.387895584106445,-0.04985324293375015,-0.11256980895996094,-5.142276791048062e-07,8.651299476623535,6.221707820892334,7.698368072509766,7.575124740600586,5.504930019378662,5.4135518074035645,283.67510986328125,289.4828186035156,1.2194814682006836,0.0013144426047801971,0.7779884338378906,271.4599914550781,5.900026321411133,228.3712921142578,236.45433044433594,10.097176551818848,5.0198845863342285,101904.71875,0.011639188043773174,228.55035400390625,212.2876434326172,333.3398132324219,102.1609115600586,9.057697296142578,7.584177017211914,9.068041801452637,4.464909076690674,8.400967597961426,4.048502445220947,10.29415512084961,13.1953125,8.5697021484375,6.6077752113342285,999.0,-4.375193119049072,4.010539531707764,0.9968791007995605,235.577392578125,9.208821296691895,11.914361000061035,7.844188690185547,290.6080322265625,3.1485421657562256,2.6887218952178955,1.4939168691635132,2.5367953777313232,0.8096033930778503,0.2813669741153717,290.5105285644531,0.8800008296966553,99.99999237060547,0.0,101904.4296875,290.6079406738281,0.0,0.6985487341880798,0.6912410259246826,0.30381903052330017,0.007473508361726999,3.869900703430176,0.023234402760863304
2022-11-15,11.0,44.1,-0.014,5,4,-32.71333333333333,-13.216666666666667,7.5,10.9,3.4000000000000004,11,15,36.6,0.0,20.128280639648438,3329.236083984375,0.0,0.06599999964237213,0.0,0.0,0.0,0.0,34.864376068115234,2.20099139213562,0.0,0.0,0.16810616850852966,35.62545394897461,17.829071044921875,0.0032885540276765823,0.1836968958377838,-9.068044732885028e-07,-0.9731597900390625,5.1114583015441895,-0.9250907897949219,-0.8841521143913269,4.919132709503174,4.722535610198975,284.61260986328125,289.33026123046875,1.2279938459396362,0.0011187995551154017,0.8621953129768372,271.4600830078125,3.7120704650878906,221.7082977294922,176.7794952392578,9.569266319274902,3.0396292209625244,102414.5078125,0.00608511408790946,214.60508728027344,206.08421325683594,340.79736328125,108.88135528564453,9.067648887634277,7.357965469360352,8.310612678527832,2.745833158493042,7.522960662841797,2.5259907245635986,8.556082725524902,13.143900871276855,10.111328125,6.24569845199585,999.0,-3.0992939472198486,3.3798305988311768,0.9644069671630859,174.7457733154297,6.58953857421875,10.688164710998535,7.699225902557373,290.91796875,1.9802290201187134,1.8935470581054688,0.5061798095703125,1.6763992309570312,0.9117787480354309,0.23763783276081085,290.7478332519531,0.8800008296966553,99.99999237060547,0.0,102414.71875,290.9182434082031,0.00311279296875,0.783820390701294,0.867793083190918,0.30657196044921875,0.0033523638267070055,3.0467607975006104,0.017497505992650986
2022-11-16,11.0,39.3,-0.14,4,3,-31.705,-19.316666666666666,7.5,10.9,3.4000000000000004,11,16,28.3,0.0,23.062360763549805,4115.3505859375,0.0,0.06599999964237213,0.0,0.0,0.0,0.0,34.81309509277344,0.9691484570503235,0.0,0.0,0.22649821639060974,35.843505859375,19.395366668701172,-0.2534852623939514,-0.12479230761528015,-8.970744715952605e-07,-6.849973678588867,4.700500011444092,-6.562859058380127,-6.268528461456299,4.573719501495361,4.37473726272583,282.4278259277344,289.3321838378906,1.232854962348938,0.0012773139169439673,1.133745789527893,271.4600830078125,4.1279191970825195,188.8507843017578,124.34988403320312,9.425928115844727,4.164975166320801,102688.0546875,0.009674260392785072,169.31199645996094,190.8732452392578,282.3731994628906,218.8444061279297,8.28286075592041,6.5959601402282715,8.269675254821777,3.7171218395233154,7.5097336769104,3.3810017108917236,9.401382446289062,10.661763191223145,9.447651863098145,5.603625774383545,999.0,-3.6923930644989014,4.246331691741943,0.9574964642524719,123.5713882446289,8.011393547058105,12.032097816467285,6.922786712646484,292.560791015625,2.1892945766448975,1.9290355443954468,1.0015207529067993,1.6990247964859009,0.8292388916015625,0.3084360659122467,292.2745361328125,0.8800008296966553,99.99999237060547,0.0,102680.3203125,292.56097412109375,0.0,0.8018262386322021,1.0042353868484497,0.29193115234375,0.0035685300827026367,3.394515037536621,0.015125307254493237
2022-11-17,11.0,39.5,-0.13,4,3,-30.546666666666667,-24.4,7.5,10.9,3.4000000000000004,11,17,28.5,0.0,17.812944412231445,4252.67333984375,0.0,0.06599999964237213,0.0,0.0,0.0,0.0,34.78443145751953,1.222618818283081,0.0,0.0,0.2009122222661972,36.0345344543457,20.84783363342285,0.05355510115623474,-0.1986231505870819,5.019179525334039e-07,-4.061106204986572,-5.343538761138916,-3.923795700073242,-3.77300763130188,-5.003278732299805,-4.8424763679504395,285.726806640625,292.3836364746094,1.2117372751235962,0.001132883713580668,0.7363128662109375,271.4600830078125,3.057326316833496,109.25116729736328,40.12485885620117,8.463309288024902,3.238990545272827,102332.7421875,0.006714121904224157,91.3396224975586,108.25098419189453,199.57098388671875,330.09832763671875,7.785280227661133,6.0489325523376465,7.1390814781188965,2.9196107387542725,6.45243501663208,2.681915283203125,6.359661102294922,9.093546867370605,10.979533195495605,5.1210246086120605,999.0,-3.319915771484375,3.710922956466675,0.9642088413238525,38.62381362915039,6.706095218658447,11.320326805114746,6.394096851348877,293.6587829589844,1.617100715637207,1.5087255239486694,0.5681050419807434,1.0238033533096313,0.8521754145622253,0.669830322265625,293.4105529785156,0.8800008296966553,99.99999237060547,0.0,102334.0,293.6587829589844,0.00046793618821538985,0.8921104073524475,1.1194500923156738,0.3111940920352936,0.003124753711745143,2.188669443130493,0.01278169546276331
2022-11-18,11.0,40.6,-0.1,6,3,-29.128333333333334,-29.483333333333334,7.5,10.9,3.4000000000000004,11,18,30.9,0.0,15.076990127563477,2007.59716796875,0.0,0.06599999964237213,0.0,0.0,0.0,0.0,34.764923095703125,2.626739740371704,0.0,0.0,0.22139132022857666,36.11338806152344,21.341753005981445,0.08033961802721024,0.03973786532878876,-2.619150905047718e-07,2.294492721557617,-7.853569030761719,1.781981110572815,1.7627462148666382,-6.277454376220703,-6.254388809204102,292.0466613769531,294.1275939941406,1.1930522918701172,0.00114553386811167,0.2892659604549408,271.4600524902344,3.267878770828247,102.79193878173828,223.5040283203125,9.240386962890625,3.424440622329712,101704.8359375,0.007655734661966562,140.4685821533203,58.8248405456543,313.7021789550781,268.0934753417969,8.307861328125,6.183302402496338,7.48499059677124,3.071237564086914,6.627162456512451,2.8100688457489014,6.059694766998291,12.876423835754395,12.038411140441895,5.180766582489014,999.0,-3.55108642578125,3.612438201904297,0.969540536403656,221.833740234375,6.770548343658447,14.955314636230469,6.548175811767578,294.287353515625,1.728266716003418,1.5794471502304077,0.66253662109375,1.1024452447891235,0.8946965336799622,0.7016270756721497,294.1612548828125,0.8800008296966553,99.99999237060547,0.0,101706.2265625,294.28729248046875,0.1517333984375,0.7872987389564514,0.46979209780693054,0.314727783203125,0.0016255775699391961,3.128782033920288,0.007748816628009081
2022-11-19,11.0,41.5,-0.08,4,3,-27.6,-33.55,7.5,10.9,3.4000000000000004,11,19,30.6,0.0,13.15337085723877,4667.87255859375,0.0,0.06599999964237213,0.0,0.0,0.0,0.0,34.76710510253906,0.6827532649040222,0.0,0.0,0.2606905996799469,36.42161178588867,21.88392448425293,-0.052827805280685425,0.15582019090652466,-9.491516550497181e-08,-4.587605953216553,5.433155536651611,-4.262996196746826,-4.134751796722412,5.148191452026367,4.984130382537842,289.5086975097656,293.6072082519531,1.2005062103271484,0.0011611386435106397,0.7652104496955872,271.46002197265625,3.166292190551758,208.9832763671875,142.08999633789062,8.349411964416504,3.1944448947906494,102000.625,0.00648500258103013,188.0583953857422,225.09141540527344,65.43824005126953,336.6778869628906,7.707617282867432,6.277613162994385,7.349583148956299,2.8976075649261475,6.7806549072265625,2.669464111328125,9.107633590698242,6.662210941314697,13.823628425598145,5.402805805206299,999.0,-2.994873046875,3.5199954509735107,0.9549207091331482,141.74546813964844,6.946370601654053,9.804741859436035,6.581946849822998,294.7481384277344,1.6791386604309082,1.5571109056472778,0.58514404296875,1.1742628812789917,0.9574050903320312,0.3230489194393158,294.6059265136719,0.8800008296966553,99.99999237060547,0.0,102001.9921875,294.7483215332031,0.0053304038010537624,0.9574015736579895,0.5342708230018616,0.36671319603919983,0.004402677062898874,2.611816883087158,0.017525235190987587
2022-11-20,10.6,37.7,-0.139,6,3,-25.991666666666667,-38.63333333333333,7.5,10.9,3.4000000000000004,11,20,25.4,0.0,29.940828323364258,4093.011962890625,0.0,0.06599999964237213,0.0,0.0,0.0,0.0,34.78646469116211,0.9632983803749084,0.0,0.0,0.18923091888427734,36.33147430419922,22.593107223510742,-0.009825535118579865,-0.1028609648346901,3.4665592352212116e-07,-11.701298713684082,1.8730195760726929,-9.829899787902832,-9.77660083770752,1.6713619232177734,1.6598142385482788,292.22650146484375,295.1343078613281,1.1915119886398315,0.0013994895853102207,0.5710830688476562,271.4600524902344,4.340474605560303,155.54653930664062,97.42914581298828,8.742329597473145,5.374977111816406,101945.3828125,0.011598017998039722,116.32454681396484,125.93598175048828,109.50650787353516,234.4432830810547,6.993358135223389,5.870388031005859,7.78660774230957,4.777622699737549,7.152645111083984,4.3184814453125,12.3160400390625,12.384033203125,5.863932132720947,5.184535503387451,999.0,-3.7305805683135986,4.387580394744873,0.9580240845680237,98.7480697631836,9.918212890625,6.916052341461182,6.100094318389893,295.4037170410156,2.240654706954956,1.5354360342025757,1.6230672597885132,1.247161865234375,0.8580754399299622,0.0635223388671875,295.3226013183594,0.8800005316734314,99.99999237060547,0.0,101940.40625,295.4035949707031,0.0601298026740551,0.6809828281402588,0.8144373893737793,0.30250802636146545,0.028683224692940712,3.0293796062469482,0.04719804599881172
2022-11-21,10.6,37.1,-0.167,5,3,-24.168333333333333,-42.7,7.5,10.9,3.4000000000000004,11,21,26.1,0.0,19.84610366821289,1130.93212890625,0.0,0.06599999964237213,0.0,0.0,0.0,0.0,34.47577667236328,4.060612678527832,0.0,0.0,0.12014671415090561,37.049049377441406,24.74932289123535,0.10968617349863052,-0.0640396699309349,2.498883873158775e-07,-8.587990760803223,-4.880561351776123,-7.54707670211792,-7.442613124847412,-4.239649295806885,-4.177228927612305,294.2978210449219,296.801513671875,1.1804804801940918,0.001343364012427628,0.7576726078987122,271.4600524902344,3.528775453567505,137.6109161376953,62.214839935302734,8.383980751037598,4.2364983558654785,101578.6640625,0.009687094017863274,111.0473403930664,101.85257720947266,176.48822021484375,122.47280883789062,7.052052974700928,5.7129950523376465,7.4587321281433105,3.76103138923645,6.832825183868408,3.4135334491729736,9.111093521118164,10.686686515808105,12.338908195495605,4.924623012542725,999.0,-3.5297749042510986,4.275829315185547,0.9465261101722717,59.906280517578125,8.710490226745605,8.988518714904785,6.013431072235107,297.6073303222656,1.8504613637924194,1.4911621809005737,1.0528768301010132,1.179633617401123,0.9643198847770691,0.02998860739171505,297.50360107421875,0.8800005316734314,99.99999237060547,0.0,101541.2265625,297.6077880859375,1.0172526344831567e-05,0.5787518620491028,0.33721545338630676,0.34913507103919983,0.010020454414188862,2.301210403442383,0.025603553280234337
